step,theta_md5
1,8f250cfc3b3b7d89ccd4d8d35a7e39ee
2,25cf4daace8b090f72275367f54c7648
3,6a24ab08b0ddf5ba3f16d17cee95cd60
4,6cd2483f1e479386f8d9a86670ea1df3
5,87903efba2a4acdb96b18020f03c4243
6,c7276ca0818cba68d0ba1deb9b841000
7,9fb9c1389b2560555dc86f23704785ad
8,84d0af4e680b00962aedb321c0b5e88d
9,255098ca755330167822f32446e901c1
10,5735d053e530103f583bb8e2c240e85c
11,e03cfa5d68111117dade580879115ba0
12,a54218de92bdb433e73a471c89b64329
13,d90ffd92204e60965c5f59da9465d0dd
14,7ced1603f4c7c9d035b0fc0d07c28783
15,ef90f1e2bf7f7a613a118fd726aa9117
16,1027bf80835c186ad3bcc919236adea6
17,b28d059570718304c4b3c99042242da9
18,2e00902bc7afd26f193df3bcc99c8a30
19,3bc27654377209971d8a1d24e177767e
20,eb6b88902dfc44099a2a3dd85b9e7b8e
21,cca2e53ca8bbca7ef9a15a06d3572189
22,10f8b43735094fcc0aead8cabfec133a
23,81fe7787bd9096c9753be01fda37443e
24,dd4c2c8cc92cb3f36addcba96540ba28
25,ed8fc94e4035fb357dc1efdffd8874c5
26,b8ddb07f84a5717c0a82062dda4c67c7
27,3421cfd60255482aab15a3ba40503170
28,0e0ffaa5218a610a89d60e09a7e2a73d
29,7cab91084a0e65a2a12465666ece7514
30,2f2d952e05b13f51ea38e82b0ad7dee1
31,e9846b6cac7d22acb8e8af372c750a1b
32,a1afa48faa57ecdfbc1e3dd0dd230485
33,7746593da5ea2540015a28d1ea00d08b
34,4c96e69495df180a82117d60f6509650
35,292e5b6711c6d9692d6df60bcb99dd86
36,1ef0cbd025f6fb065b97ec4c35108516
37,25df8864325ae1d344ed4f9a61272b43
38,f7cf96f2f5dc1eece4964d4d5c820219
39,ce39a38d5a6ae9a4c4c1b6b89a7ced82
40,fcba3f833209bd330bb4932e6778417d
41,fbf6a1c0c25e4ea1d05daab6df123a3c
42,f3ba6d71fa43f01132f6d69a7f24a791
43,6c607bbd3599d1f83b12e67f49dce351
44,ee8591cf407c0524666360bda0511d51
45,8742ad851228f28af8f068086f4c052e
46,53cf43c7476eeb7f3c14f3b02061e42b
47,6372ed8945718d17445c03a6709e94b1
48,91f29bce09c88d1042512d5a9466b670
49,e0e7e0c55cfe4e85300a066254fd8f70
50,e36626970482aae86293a68d7567626b
51,dec4e40b0f6d5ed36c33e49bd8e9ee0b
52,bda870883e671507a855466c2b3e163d
53,e54340301749d0ea06f58a844e4c8842
54,3cb16c358a21faf23fd6782ec9becab9
55,4fd65eebbf757b01d7667d90537b37e6
56,e6909264c2d674e2bf5420d12cb82b1a
57,ca455fb15381cd5ad5ee9df9ff2bdcd5
58,1d6801be9ad262bad886b7baf8e0de68
59,06e748369e7b918eadce165b46948ef4
60,63f70a06be5de16a1badef165c7b0875
61,3dea51f339124ab8d60a535930a62aec
62,a9dbb476cc802f1df82bdfa934c8322e
63,b4bae0514511c17fdc4cefe7ddd4d08e
64,ea651449331969a073da407a5d4ab121
65,3b18787aff352e8a78895b804d6ef824
66,2081facd0f356f6b7e16cd0ba30e3eab
67,371b759f380bb9de41d4706eaa84ec04
68,8f6963b5a20aafa51e1d71603bfb446a
69,b57e5ea192faffd31d0c68babb6b039b
70,62bfc9d423c6dbb2440f41471ae117bd
71,efee222ba6c5f1e6345b1062b0fbc479
72,b44abd75d28e29423f5e78d98e46bf14
73,c8d4bd28fd16953bb918d0fc2e490d2d
74,67255fc57b600960020571825e9944e5
75,c6062bd2daa048727d195bbea377fbca
76,adf054b959369d0c82c9cdc592a97db0
77,9fa8437ac1c1a567a179e4bad6a91b50
78,7e76df5ee70c46ead45dd6761b5cdeca
79,8f3d59c8c037ee793e64fb621a9ed9ab
80,2d4cac19c7a23210b5f8e37f5c5ba9c1
81,ad5f1d927c79848f7d2eca9b05de2209
82,804af84a9cfe64101b75f3a9d2566009
83,25d0c8a317f7f7d4865b43c8bb66b956
84,8d5805263afe6740d4a8b1deaa0a9c8e
85,ad36f4048bf7b437b71a3dc69d6270da
86,b20266a2261b8d98adc056dba7e2ad09
87,cd0d11b9e2b2b1952084b4b901e0e575
88,e4f1f80d1387763d91dbd8c514513974
89,2eef6cef1e78955cfe32b0f4e297c5dd
90,92f1a3df3b245b8ea0fed330251f5519
91,0ab8b4eb57262634e8f77b34c16a4f31
92,392eb407858766b68b047e595d9d1564
93,7b911a170dd3c69ef8783904fda293a1
94,fa4356c28f282eff5ec08a9f5ac0f449
95,136aa8b3ba51cafa69788b1a446b31dd
96,fbd7996ec7eb03bdd9369d9c78daa518
97,817c0685ed6d84538c9d1a1b858555a1
98,dc5b5b173eb27c953b1e41bee5f1d032
99,cae07092d01dfdc2d15c8bcfeaadbb95
100,6afcfb30d22a05e107ede6b52984bb54
101,fea4b471b0957299828436c7385f423e
102,ddda7478564ec42068dbea9e13508378
103,5cabed4a22df22e8c337a476fe5e7768
104,03f006c384cb19a054effb12fddd3c32
105,dc8753c7b8b8dd9fd9ce9256888e4b2d
106,01e1148b074d10cf925a5c6fdbb5a29c
107,7577ed3f3080f4743a1ab9f7c7d66b39
108,0129055cc74c057989ee2eff5acd7d0d
109,03b4d30a9ad28e87c53da82155060e38
110,a4359aff63b43311010e0dd6a8b871d9
111,cca8de575fb7aa4cce58f67a6d216d45
112,5b24a93b2398a2578a956996081b5dd4
113,f060c30e089686b13910488adc1cfba7
114,ff4e76ddf0044a878b5e181402a8e912
115,13978c930f63cbb861300a57d4b6b459
116,e1612b0e4dfad5dcfc2ffcc4c3499e3d
117,60b3003ff7458b05a7956239988d395f
118,85f2a1cb6870426997c0b2e5dc91590b
119,7ae438b55aab5d388d78f5c384b86c1f
120,2e5a4f4162f39a163d07650bebb96749
121,e9b3dd999d975da50a89aa81130ce408
122,b92d098b74b29c5ace6cd0bc2832fc84
123,2149b682f79db43360968e647325197b
124,fb4cbcb019757425bb6c9016e11dc7b3
125,1b19fc0bb374e1d91a425fbd31e732c0
126,76e4e0ab3d445415cde426996f5f098e
127,6fca9cab384dce698820db1d06b257de
128,86a2c0aa8fdffb33e36fcc83c708985b
129,fbd28046c1169f6e7f4301add2e4669c
130,760dddf9e79600e91fbd41a0c1e83f07
131,b1d18c21699277e3efc60cf578e2e3d2
132,c610b2d5d056f6dd4e0687f1ff181c8c
133,da100adb675e2017b116ebb0cdaa4044
134,34dded0e6c16c369fc4cd84addb32f2b
135,75408aa29b94e3b213ba24906a86c684
136,9663bbce51c03dd855ef58b15494cf06
137,4834e9653c65d64dc5d23860c7fd55e5
138,d25a4a742e9a469ddd84da9f1f1d3cb9
139,e2196d8de75cd9c2d146a58de273a4cd
140,7843f823ed12a36a1924be425080edc1
141,d17e9dd697ce2dcccdae4ac87716ddd7
142,2724800da42061866651d28bd9e07b25
143,cf969c911a01a775fb5a57fe50f068f5
144,2376c2bad0e5b15872f1421fef253a57
145,66d9889cc9b079dd7501ca601a3de90e
146,4837426319bdf5ecc0a756f6a825e7ee
147,6bde7ed051e5c92ede65c5e6db36f612
148,9c1fc4c3d9ce83e4005d1a2d739218c7
149,bd7034090cc9b1bf743c1ae5b120e309
150,9e7a97876eadc12286be5e30fa293a3b
151,61f2b3b313c0561e07f80c56f5b9e2fb
152,039701f0b80b5161a9f93e0d49c604a1
153,7338deb1d0c04a4a67a8f960a5a17479
154,608b93de369242225e9b7299d705983c
155,74a78273b5b42b794f6215fd900b2e07
156,bc55743e9683c2263d725168677058a2
157,01b5172e283d159957bd7a533f77205d
158,76cc3988bfaa2565b018007d1fc7e7f2
159,2252f1af3d7527b952114c4ffe90dda5
160,114e2d34d754e2237d93337099972b79
161,8bfdc29d9983e6388625d0c8a91a454a
162,638b85b0309027cb640ffbeab31b2645
163,3959038539d6489c86d5f7629d27134e
164,38fd66c408fd204769d5817a2a7495a8
165,604a40260e8f03da16c1b1b31e54451d
166,5b450b6fba3a919dc542d614e864ffc9
167,184237e4ed3d1dbf29f3733146202f53
168,ddd72eaabcaeeb68616b1de7e9dc411d
169,3e38c15005346ebb6c996f080200047e
170,f9defdabb9657d86c8e4b46eba8159b7
171,ecda8c816cdfac946e053b0bd489e274
172,3fb9f3ced9c512b8a63fec941f4eea37
173,2bbb07f32a74d896b11087fcbaee13b4
174,db565ea92460533c8744f20fb23e044e
175,8edda021cc5b9fc1f1f910e57ced80f8
176,283b9c872b2f05103a758b988fe76af1
177,7cf9346c9f16656031671b6c4c638cee
178,3a18494774532e6b7b1c897942b304e1
179,3181bb04e2dd3411d347fce78cbb1aa2
180,a7c1372b0eb20d6851ed2c471e96a817
181,ecb6217f692c69a599ba2373ea6be757
182,4b3829822604ef78100b7531ed343262
183,076fd9a7d4031d8628a771e3f2c6bce0
184,ead682635647881926cc489026f279aa
185,04d91d0ed81e5250287ed5637beb8d8a
186,955884e91ca7575dfb957eca36746945
187,b6b716d4d7a0a75e19a20bd96b0a4e18
188,d28625e059df8c2f2aa2736f790ee611
189,8dee85f055425ff2ed6ba9c01fffa8c9
190,829bed55d5645192c04d3005cb4773eb
191,da0332116c38f5963194d186adc69fae
192,090bd3fcf35bdfc5d80bdeb46fd9b479
193,d75332da0304ebbaf6c0297071b21f53
194,854e750501a96baf9649d7816aa135f7
195,5196eaa85481c9cc94983299aa4277e5
196,3563858b095f28e3c8ae56086038f138
197,9bbd46b32096b1885517453b4811d89b
198,686e62115d8fb8b723c4ae19f661693b
199,b818c954ff7bb36acd7c718d2fe48460
200,afd5411abd6e048a7f0d2afa3a28b67e
201,452f1be95849bdf1f26853d05f36a8e4
202,83fbdcfc5275b88eb2796c52e1f0be94
203,11229fb04504206f2091a7955265708d
204,39ec1d5eec882527aa684d35fc2b6ef5
205,5c1b31404aaa9bb44127adba32d1668d
206,dc265469409cafe6d11cba62ccdf270e
207,d109ec23de8acffd0822be464b65504e
208,1f1bdf422fb00b842e88e60af4e7dcfd
209,251b2f0b517567218e11f00e614095f8
210,e5c8f95600acd85d87f8ad84110e7118
211,d9a7e85694531338fea32fa5683fa8df
212,2b532909b709877f6e02b69c314a96df
213,15a0243a223adc42eab8b340314fb471
214,1a9814fc89a78323f251b4f6bd12acd9
215,69c70dce979d3bc508d60012f544d3ce
216,bf4dd28db03cc184a8313b2f857ccf6e
217,cdb877366e0d2c6a25e4453771258d1f
218,298b4ec8534de3c9beb0f200499bcb92
219,d867058c5358aacd45dde2ccc70a0e81
220,1d5cb339fa20f9f2177e68356914df1c
221,c7296cf93b078642a598159d9dd6bc4f
222,329421deaabe0c19eb0d622ca2173a76
223,b9c39e3c5f12d4f75b1169ea84acae82
224,537a938dbbfbb83ac38080f7782f1fda
225,e8897cd72ac7caad6790d350e8b25734
226,a0a8c83eb3b97570f484793a6d18eccf
227,86888d12507ea62760fc572ec13149e0
228,8dd267730dcd62a4e8fe64187f8fec08
229,f7744d21e51e37d54b9c285360e77abc
230,df3342769aa618cf22c91a55dbe9541b
231,62e96ec4c6f880361bd5e8b82f59b589
232,63d74dfa85737e2e082792dff5f77e64
233,c7a81f73d87a7e1e4fc95eba5823e989
234,d26c4c94ba3a4217e641dbebc110ead4
235,9d6cd22c4ad30609c1334e37d56eada5
236,379907a874208279dcf981836f9be657
237,6332e078f2fba575df5c60099c1970fb
238,10f509a9f2c93c57dbb9a0f4b183203c
239,497841518ba247a12a469d082c22ece9
240,28f68899a9d9b72df06423dcf291ecb0
241,fd10afb546c3a45db84117494b3ffe23
242,44101159f931329620ec108c76d3d1a9
243,2c6da37a9861f09bbafa05cf706b60cb
244,208e554d213c80d23d54d34fe9053839
245,df2407a3f2a5282c646830fbe1ac8f2d
246,bc1f538fde9244361c69859af685f372
247,a5056cc108eaf6603382aedff6748b11
248,ac7ebefc26923a650c747f7bcefa3895
249,1a045a932619572982d784bf4bc2f259
250,11e5bab25816fc635db108e6e69fcd3b
251,83e74f2bbbba062c7dedf9ba8d6777a2
252,677b9edcd0ac65d57bb48efd02d35b9c
253,efd412fb9bf61697657e78df954ebee4
254,dfb5514c3228c407950c3a3c7ce406e9
255,0090aa21f165156ab6a8aede4fe15e00
256,307c9c6a33b11b5055eb63cef4017338
257,43995758f5f19165b45bb210df049968
258,4f6c51473afd742c0b89910c192ff18b
259,57e0ed0abb7563efb9b60d51afdb1e41
260,683354110585a1ac34f03225889b6648
261,9c17f904685876919b5ba081abc1f5b6
262,7cdbf02beacad47c03f229afc964e9a8
263,cbd4958b50225121c067758d0ee1ef67
264,73145cf208cdc56037dcbcafc8f684e7
265,d1748970e4d5a8faabddffddb42a3a1a
266,46b61acf02722af7eda0b0fc229497dc
267,88973d80d72c59ec0b681abd42f7a9bb
268,a26dfef96adeba3f0886a44c8c0d35e4
269,9ac4e284d6b585d717c11f14c8e8fe30
270,c9ba0803f23f671cb5474cfc172da9ac
271,1dee0f9a7f3a6adb0654bca8dce63949
272,73c1a35237d466eb03b1f11ded6008d2
273,b95e28312f694ba56a002ab2dbce951b
274,006c23f882254dadb5e12113f4c4e773
275,5b8780c8475722cbf97251e42690b912
276,4648216095c5c1289a5d31ecac314162
277,5506323b2b4fff692baa88dfb3b17ed6
278,e625527481072004afdaeab3c2a01c94
279,530579dd23fd1831900d5086e71a5d7e
280,942962718c8c77ebe9a8f7270e6866f1
281,67d08cb85a206a6e04b1ebb57d8726fb
282,f1bb11160f7afd75e0b5778149d6f13f
283,e239bd788190b3b279618d07aacc44ca
284,84e04d847b11d8a4cf5193f1ee85fedd
285,fce7faec53417ece2ba9e1fc6d733809
286,6fbed3018547ed3698faba3c5a96de3f
287,f441fa728df2219dc31d35d8e47f87a7
288,8c7667b821840cc08ee991e9b164bd22
289,55b60ff59e244561cf573094c30ada38
290,d118b1a1371009e8f00951092f3b2697
291,47ccd3a6546dc532c2b640e8060ad487
292,9c47a38c86fb29911171a925d474688a
293,daed79a46218ca5dd0ebfa8fde20c60e
294,8fd29755a24e997b2e1abece452c0b5b
295,bbb96a14a722bee8156ce3dc5d790d45
296,abd7b3aee13255d1a50fe24b5b7a34cf
297,fffb6d849ac797c262c82754a7a89169
298,8b078514a251ce28c8bfca4eddead1b2
299,411a1a4d1deeefbf26dc4f51b8b26b9b
300,d2365aaf075ae4ab9d8ac0585881a81f
301,23f5c35548213ea2ebf67794a8f31cb3
302,c70e7ce7ea80b4c702a4b5b8fe9c41cb
303,d7cb10bcb2a90e9f7eb07121deca5a08
304,d2f9b7147712f07c26592d3f25c4de37
305,25556f4873f6be8f8625e6b0e6b06d8c
306,05fc02f8f507d73ae64642ed8a17497d
307,a817fa03aeb32390034bbd68903d9af7
308,a8c33b52d861b7059b1c870a863f676a
309,7936711d1dd219840c45397abe43dd1c
310,ee28835b3ff7d63fd32c6c8ecdc3104e
311,ab0cac3fdc9b73b409f60fe2a9666763
312,a12716bddf65c092cd890bd92ffc692d
313,1cb7dece72b6747091b315df072e2dc8
314,34041b4a80854cee4b4eecd998396824
315,6ef6e5786e9dc69b5440a28d46a9252b
316,aea3db1a5496d504a3a78df943ebf12b
317,b96b61cea4765c358fc8903c76388cf1
318,59ce6f78d5b82f7f7f48afceee8b3bb5
319,050f836e0aef59fa3436a2517a045697
320,586f2e55b8cfabc76487956a9c9a3d4b
321,2c766c237f0bbf69aaacf93dac6f3e4f
322,14984396c0a8b8b177dfdc14f53ad0db
323,552940479f15c3dbf55a31ffe5536f4d
324,8aeb9f71048d060e6c5054de4f50829f
325,cb2f140f95567d9c9833a94e93d1bf07
326,38446e5a976536c2120e96c94ce0dee0
327,ac1351af3446d2ce8b75b144ccf4ad63
328,fe2d093a2f1b7a52004a87cc19a452ef
329,0af17960c8f4a36b31d42e314c2e5fc1
330,8601767ce95948625c93ca7e65a6e131
331,22599e1397712f5521d2849f341e8779
332,35dfb4627ba7122fde2f756c0c0248f5
333,b8ca1b038847bb30894d30a85a8cf6b9
334,c3d0c867e4a5e0450da6b4b632f78755
335,6dbd4b271ee87a05d8904558d19e2b1e
336,cca5becb73e6853ceacd82a376e16d04
337,e9de22c8689f99b87a1189420a47568c
338,2e75d4de2f3b207830e09df616b3debb
339,868ae6c50ac4dd3a81f838e7ebeb3efb
340,e633acfb3409d95f1f5e550087d8fe00
341,132fd5657ae2c0d3cc0161368dfd389e
342,41319d1b4979a54ecca0d3a814cb9d29
343,5fa51f444c778e7ddf6be13e4c74beff
344,de9418f923db3d9bbadb42e5f99d61eb
345,33e760033c047aafadb7316f4b9f9023
346,f42de4e265713646d673f0ec413b6437
347,fd3a37dc35327cd5b34edc349b6b1ffe
348,82a4f35cd9ccde3fa9e6ad14feac9919
349,278c897f184da0729f414e882b04837e
350,f33238159d1afe2b37afb44cec29d46f
351,c2c42c4d304bb1f67cf50b98dcbbb9e8
352,beff753a174f1148a57ecfb10a19d237
353,ae276df1731862823cc78d0207e703e2
354,4fbddd09de1bc81522c05a4adf63cb5d
355,4d52ad4c7faffb324c22aff680bb34e0
356,7def34cfaed543df1ead5d7450dd16f9
357,37ada9f3d1dca9a178b55bc4bada6620
358,57d30942db6efb424bd7a8b2124d3f12
359,0de2d94a610509bb6b00e7b8c0d5e487
360,2f33988c486921b3300a13fecb3684aa
361,f9b0797b3eea0247445843ad78436c8f
362,fa11c6e9827256189fecaf1a83dd82d7
363,38abf6c5ac20a2905c2ec3836d543ff0
364,300f538734c498400351c900a83b94af
365,865e6ab9ae2e30a2b463ca6f80e8fb3d
366,1f0107d80d660b29647503ee1f53c0a0
367,efd4c6f2f10cf36449202871d2f18342
368,51e918176f7c4c157da26bddcf9be27d
369,08186a2d7180a664a998f79b87a011ba
370,cb94aac12cddd60bd2883988b1e126b4
371,84c83843d2c00f99cf9b09353188de3f
372,d76f81539e28fe26844c48dd7b369a8a
373,f72146b8e8c5332df0cd810b39ecf09a
374,cfa1cbc0047aa034b13b89e279405378
375,730d05f2f62ed9a2f03654d9982481c4
376,92fe87a045b807efd573bc05567f47f5
377,ab78246c47a7db90951f0c207be6c1d8
378,b76de69b34933d08ab46b373c5e170d0
379,0030d2850265ad2849857531fb127ba3
380,bcd3790334fbcf4c219da43be2c9fcdd
381,e66abb08127e7b2dbfa7413a8e4d2026
382,03150de42b9c05a398ced69aa9fac5fd
383,dea9ae1f417cac8194ea1e2373a913a4
384,0a6dce2727bb63a68c60323c5baf37bf
385,d3632d55ed8096439481e2b77f80ab5e
386,3aa140d9261cc8c128111cf147c34ae8
387,0a4739a5a12996cf886550b50b3ac112
388,0aab68c1b4db364b31d9b78c7fa4c938
389,a39f0ddff356d718c1c251bd086c5d5c
390,0efa6f897e71492db68445bc5f927bdf
391,90ec1250d20785faa28d9edc4491a502
392,4f031acaa21c77688e891004195f8494
393,8853c4e66f8f0576bb818ccc5d870893
394,5670bbcabaf1e29a78464aae046cbd05
395,7d3a5860ce59f29b4591d767dd794903
396,901a8914959f4e27599f38feb954e160
397,5b91257b9f3943e14854b78fa9eebc92
398,14e9416d55b3ea6f5fc4c7899c6df587
399,5a9cd6c286c2f24dd179c91a00f5231b
400,f1b07e20785ef8cc0238f5ee36938bdf
401,72263d32519d7274dd1a24f00f516476
402,77422a2d7fc0f80c1646056b737fb1b1
403,5f8c1eefe4ed26bac51f496df6f9af80
404,7ff7bcea58a336404225e0972e5057ba
405,4486a550ec81f6aad91663911fb5974d
406,2a61933a1c86b287de969514a72666a9
407,bb006bcf06a92e6f2bdffc7ed5c42480
408,945e72f6404964c25499f6c0c0799710
409,ada39331446b2ed775dd1cf4abb1a7b9
410,376b91c84012ae3a50e1ec5c2b043aad
411,b8bcc5419c2b53c582935351824cd5b2
412,31f0c2409f748ae53aaf6e456e0dd391
413,877ff18c74b8e01b25fea245e755ab39
414,0d8e4c47d1a8d56d422d561fbf0e9bac
415,7fe7dd578fc5c7b19ba2c81c9d5300da
416,9eb66e6a8021229667ac78504d1379bf
417,ac17c2f70bcd3d9dc5aee1b10ef1ea11
418,fdd2eb5b8c73cdb4d04677856ce7509e
419,d70d8eb5f9eed995697cec11a74dda49
420,9cd03b41cb4586493295cd0820a690de
421,dea62adcf04e122662fbc3894d88a81e
422,00ef45dbd52ff74f3f4d7b1bc46843a4
423,21687e0ec4e24f6f0870203774422e7f
424,11e7cde3ce98e059229b623898b417ec
425,32881d10d457188831b853a15cb6ebf3
426,df92b9435e240f8fd82402a2c4841f21
427,76536373493abfac1f9f7f9880e4c440
428,ec2e93baf743e9731b320b3e95405f9f
429,de2c9f2e244b001fc91f9abca8e4fa3c
430,894a5d94cf10f14e5b6582feccb76f02
431,5c40d3463e49cdd245302319a49cfd79
432,99ec50cc88b2dcfa1fd3a894a049d71e
433,1b900bdbd8896bf51af15efad7a6b0c7
434,778cefc4f7a1dae27dd48de4efb4d4da
435,e0c29a23479ab70872c28a5ae82fa4fd
436,5fc47484b128e4142853d1357a035dfc
437,5771dcff40f64824ca3019f7381735cb
438,4a9c12ef7f061c41644e1f380c162726
439,499acbe4ac41c78eec1f9105529d1098
440,db44bf9cd98516bf2cabb04cd9926ff5
441,817a12bf9c74412774a1d83f0ce38767
442,03f6320f3f996a20a6369a46b13ed6b6
443,daf09b9e6a588254b47d2d50a7858903
444,4dff5dc2e50fd8695bcd5458c9f3e2a9
445,20d716112661f3c769d1696570ddd7b7
446,8e71b58818860d77b8e435a2a22d772e
447,2e0f781e2143f11f572450fcefb00b9a
448,a6471fe04e1855b8311150ff81556cb3
449,b8fa9442436768cd7e9e70e78255a215
450,e71fc56929a92c70401a6a79bf4e6824
451,ea430f3707f3e62c4ebd35134b660985
452,e2dbb5665f0db2d88f98eedd6c35319a
453,9d438518668772d55f3b820e01357c9f
454,280dbbfc95ce7ccfb1fd09f60a1291d7
455,332813ac9e65d16d1177a0d68283d79a
456,9407757ce3a93512cee99bc607faead9
457,b5bafa3ef78fd270694fad13bbaf6abb
458,fd6d795b4f5084a8b6534bcac7559861
459,d214b8119581c77b63750dbe2d7bb690
460,c72e66a145cee5cb1527533ed42a17b9
461,7a750e634c829e2039824ccfd1647739
462,88822cc9d179062568518db0c33e5b3d
463,d0e0ff4a85291f27da5541034d0c8f76
464,5d3d7539e0386f9e0afb85e067edb33a
465,79c00c96830bfc4ee7df3fe6f61e8c0a
466,cda23cf54baa323c0af738cc1c6e03b6
467,9e494a0f9c70db9107b3c2b235c14206
468,704bf8f9ac67c0cb3cb96df0f29a5783
469,140ca54a35e923ae21fa7a4c83761619
470,18191ead812642521b3cd8cf66d1f157
471,2f726383f2371a89c379b52c87ad1870
472,cccc77d7a7b952f1469c0b0534832843
473,5b07a39bb5062e98d7b42e8869af5160
474,1cdbba2a9d751040e4ac68e2da7f1aa6
475,777e524eb3383025e505513bc5c8aafa
476,70d87c6ecae2313755da1c07c76075f1
477,2922b2e5ee0af3df88bfa79ad196626f
478,11452145930feaa430d8f43b421f9731
479,881c2fe5773f2d580de448f3a1466d5b
480,6366d1152ca0945fadd2612e498ccb8f
481,22ba0c78b31f14f308946fa2a7a706b0
482,e109f96e20ce945ff50b0edbc0cc3c95
483,5406f9455ae6b94c69b46f70f69ace69
484,375199c0ffa3d84b72e9fd92a3c60e38
485,9f8a144788aad4b65dff13d9a3f5f299
486,a82c78b51e96a56c445e3a9db47158d2
487,d20c07eba89812d5dc3e07cda5d16e99
488,a3a13750175a360bc72ce0cda0b2130a
489,534290dc45e8b7b248cde9f06a931937
490,0f5ccb1598b49aec9e2f98de3dbec79f
491,b5d0f0a1b1ea1bb0af8dbc91c770cf04
492,c2da767911e6295432b1a75c5c8bca23
493,b9111dd6828726e92e1254b25fee5fc2
494,52c935d668b73d51f32c8c134cbc4f0c
495,54620dab26cf45b5c7210b859f57ab23
496,24b027402137696dfb6148d4bfc0bbf6
497,f80fb6efa03e4c3cfc61a969a35c0afa
498,bb13edbd9684dd9bff7008f59070a94f
499,a3817550f936b168c69385dc2f75345f
500,c9d8152a72f9c4da3fbb03b47412e625
501,798c2f557a6598a5368b5c2dc233586d
502,d35ae605368249c41abc5ffb112f6e68
503,74e10864e63bc8ade64d67fc3333a7ee
504,ee0fbd34e6743737c642b2c8a8447403
505,a041b5abb7d676e38d029c7d4c67432c
506,ad3adbbb861d8981ca09856e4fedb4c2
507,99648db10fea5d7c7b615024715c27fa
508,eea760090524be8e7b7abaa4948311c5
509,421a4a1afa57259ac677243c720a8781
510,e786d993018739967d9918f7b66eb0e2
511,62a92c7a5ee25a3774d8d39006df70a8
512,f5d9840db244585864e4c34828b67740
513,9fb60e1e6679fee5ef3ec2912a2a406b
514,6accc1251ade7488ef98aba1cbf951d0
515,d8fe9c58645935de2dff1e9809972bb1
516,964704f0811ec5250eea817825fb5f23
517,fd14b9129c84818adcef6efd8dc4268d
518,b93e4916a16a694485baecc05be6234d
519,9b78b87b58c93a82b8fa37998e38125d
520,5e4f13e784859039d72126a2bafd0154
521,c6944e88c6b6832a9251863ec2b555eb
522,b5c6d59cf742e479e8cb25840c714bce
523,c87779e04134196e54d796250e1183d5
524,202da3d60cd7019988378a1ef67c1ff8
525,ac36490e7caa7b8fc032379dff4c841f
526,b22708ba7ba409ab559e39caea891a5d
527,0960b68eae8e76fb82eef170cb95fcd0
528,55317b2c9ff30a01377fc9a289e00f00
529,7b50894a76e0804588d4ff22e7c7d481
530,9724038acb0186dc75243080bd2c9bfb
531,9bcb0fecbb6c7560cbdae567f619b8ac
532,88deb7b24aadab877b8c8164049cfd80
533,ac82dda25c273187b8a6e874c8e94859
534,479541b87a94699a2722421ccbe6e731
535,125118b10e3526b8bff47694a2f766b8
536,58c9c86db7e0d66eac8b864c93b8a5ae
537,a8017c35d87ef0b955f6c3b4b1dd2914
538,ff228c5154c733769c4f860d41e49d64
539,b8e32f210d1332cafe1f9e7c3b42a040
540,17d3efaecc915619598cc45765d50350
541,f57a582e37b8806033debc7c004523bd
542,bade2a7a5cb08ab95d3696598204986f
543,c6ad9b2df516c69d2dbb8bf418ffe986
544,5dc0b681dcc99d5d5aaa5473a91a572d
545,9b9d970546670f6c4adfc543536b9c72
546,8123749cdbfb6bb265fae80b4c25688e
547,40bb2869009942fdf2cef8aee266a7f2
548,5ee55f6781546f5d69e0bbe083dd748f
549,0f1e52c41d79d830d95c757d3ae85212
550,786ce18b96d14a668ccc0e1505212830
551,5f15ddfaed749bc17b5d3c203b0328d5
552,ab2cbc95f3abd181f44af1112c76e70f
553,b4761fd2c150ad867b4ac4f7a011f28a
554,c2faff759b81c5b4b6c02651e5e817c8
555,450be05de8c69aec4887aed1e4dbea63
556,f09d5d70cc2d6d1bcc17cf891b63202d
557,29034da55bb5a07a0f2dc1050ad2524b
558,3aedac60017f00d3348fbe5a1f61dd52
559,89136774fb4ee5552e3f334b84f83a9b
560,3af08c353e1ae363536b688422f42cee
561,c8b8f0be35c5797472e5c35565a5d718
562,47b18668134e5dc9b8bd8895b233b18a
563,efe1ee2b5e379c6cefc3c5d22296d412
564,3c73880cfd7ce2d727c8eb0daf65d7ea
565,937457042fb35a7b810f772d0be3f290
566,b401a9c1ff1bb1748c5978f41c43a4c0
567,e3cfb35bc0e0b3bfa1ccbf8170c77c7b
568,afbdfc9fb7cacb5949e5542f8718ff25
569,c896b4eaab82c024edc6042f21e8398f
570,81227d5b8e816153e8fe7c2e09f26ce1
571,ab37cd545307cdd72752fb06dd23659d
572,3a40ee20e6c21fbdcede6c591b06c6d6
573,85af1fe0048ea61a6867a8d16aa535bf
574,4575504c71f06de39f2e45a4ef9f965a
575,61cd61dad73b983b29c9593e4e348bd5
576,9b4e18594c5f2c30bc15af715570747a
577,a6dc8e0ba5622dfc4043d772ebca2bc8
578,e241bdd5cbdf14c949ef0129792c5b96
579,8e1d875b5eae1231855bc5365dfc9583
580,05cb88d20f2b9af21d8bd665a83bf12b
581,11c2a9c12c1250e003dc0ba3b0aeb2b7
582,3a808f8e67eb1b109a6f3e171263e2d7
583,e93fb5a4038c84370423dd56b6628d61
584,8217872cd9b5c8efdfaf1acf0124153c
585,949c460cadab52c7a10b8eb4201a6135
586,2db30174c1bb0e60b4b7cf7f4ef3f146
587,20289b4b75f8d9c19abd341ad30f38c1
588,a91bbb834fcd0a7018837110c69c5769
589,1b636d0e720c35c07c8f02182d2d63a1
590,5bb18f64dba1fb356c4e0742e7c0e65f
591,208d4e592c00393a015234a4486d3143
592,3df84a9f55041e145e1c1bc54646f840
593,056c9ffb05034ea5ca00be072fbaa0fe
594,7d49199d4e64d3b4567f53a07ab15ff0
595,8518926c7c7f2c8bc761ce45d32c59a3
596,e14c4d1d7e7c5af7fdf452b462733935
597,b08739d41cd6474c5f5ebd141fff0191
598,52c798b71daa93615fb55483076e9565
599,fd271e92090e5f02096ff5a13d53aa6c
600,3c1fbe4fa6c56448de0e5264e103f253
601,2cb7e31a24e910fdb1032bbefdfbce40
602,f62d0200f495a64d1e52b184dfd20260
603,075f856dbad5fab026e1edbd50fef64b
604,d924c6028f5e76d5c1cc50bb261e5a81
605,4ef080a04f8cd0ff8a294b2345ac56bd
606,6a1b640ef77362a0d4c861e9ed62bee6
607,ee11cef80bb0fa01eb3725d3672b4c8f
608,6ae2a238e9b75d2c12049bd62e077775
609,78b0043be1a1d4e3aa0ca845ba536999
610,04553fcbb8d97dbfcaaab3f1f05e1b5c
611,e04e8edea3a93a92b81e4ee92a6dd3a6
612,cc40cdd6078d47d477fb1ea060db0e30
613,847fd4bac9dd451bdd49554a0f7c143c
614,4cc103d4f6b22c5758ef0a5b53f68070
615,137ffa476b2abc27e6d5b12f8208d603
616,dfb0c354e3ebbc668694c7159cae7dfd
617,f317e52b27b0bda4672c13cfc93954b8
618,5579aa21fb2925700e7ddfb48ebf2870
619,62af162b3baf9f3f086b791bf475bbcc
620,f399cde0bcf22694d6764c8090a2827a
621,dee8b760ed4041e4f34ed679cd35c536
622,ff01d7f0f633082d95d1c535277f9f74
623,eae4f8f2bf31c39bd1e6081998f90933
624,bad2ffc7c6d8c94b07664ef66adb5838
625,86dc9ca3d3794475fc9761da55b8ec28
626,46a800f5ca0a88b32d8b4945d6d0fd47
627,6bfc402810ac75a4e6ca0382a91cc60a
628,c41fa34c460cc35d2a554ba497a1723a
629,8e3b9841a07d7ea7e8df03860b8efd87
630,d753f21f10629752793c9b684cb38300
631,b91673c25d208ccc2522f7ac079af440
632,b933e7992a31e85f595581235e34b6bb
633,977d8f38c94a531919da93ac914817e3
634,2a733ded0ea601e1aff78b06642a2f82
635,51d436b31007abcea137aa2d98498db7
636,a23509821d34c9c07214c78817b4f424
637,df93ca12345913d9830a8d178cf940fc
638,cbe3ad401a60fe18d1569bd9eb595a36
639,2e27b6611caa4b4843c69d64ae8c016e
640,b024d82ddc42d4fb603e0622347ac4b9
641,ccf3ef3a4c7be6906b3175e12084aa57
642,c780d7ddc8332c227116c9327b9cdff0
643,2d2df958fa41501f2536f99629a12b75
644,e926547c98cd7a793705bf4faf8983a5
645,f9d21cabfc966be37e6a7f1a26f6b9e2
646,2ae399ad5ea8dea852880691b082346d
647,93cc146ede3013ed3cb2fd15082e2050
648,d4e398a162aa7013ec16bb5d96256431
649,55c582ddbc27775adec719fc06e5f402
650,d0628fe57e447bed76279485558fe67f
651,ab474a6ce2a65657b5137bf20f3b4163
652,3621edfc67cdc1fb70500de416714086
653,9bbf62adec5c63e0230d39c5544dd10b
654,bc58533021d32cbdf303936a0ed914c6
655,8990df07cfe6cdb41cc1d389cb574d8a
656,489e7ff9edda045619948799a1ec5795
657,9ae75fbb455229b528634ecad8fc7aee
658,3e344da1832da80f1b97378a095ed9be
659,9c4b5d360c201051ed3ae661ea965651
660,3286fcfc58e5ec9df9ac1e3b9258ba99
661,d4092c38598b44984fa05bfdd83dc1dc
662,19c49c0752906b4be78f73deca9dae0d
663,7315a485d018f94a97b50a74b99f2855
664,d1447f8b9dc3a604d2ec7b124f7774bb
665,bb757f9b01ba4f60d4195459acec241d
666,c04c32ef44c0b8755fe57e5b87b2f3c9
667,88bcd80ffcd5e8eefea44525cfb08118
668,580d04992ae5502917c7d4992f23499e
669,cf63b2f1a252b7d6148fe1610d8a50e0
670,e69963125b667d7328d64eea3b757cdb
671,efdca12d5b9d85b8a42854f37dc0c679
672,7ec040162c77b38849cef66686522b1a
673,ca20d42e32e4d3da5c0692883fb59cea
674,b9deb4a7ad75b244120c4bc9a9dbd470
675,44fef5f82abd106e84ab44d4607bcb93
676,41c1a7a041592edbb449f50351febee3
677,49308a1e9845c1cf5f74ab87ac244940
678,026b430f1f7283768b6c35df6225e2fc
679,34e482097ee7711cf98cc04e30f0aa66
680,4c54991b0c04ca835a85632336d548c9
681,48c97392941bf2e7f27dcb2be05e2fad
682,b3e349846b4b026db4513571dd946639
683,478fabe745b3f9732c05fa50ef3d27b0
684,60d0385be4384b803f377c082bb2e255
685,49b143c41855ad5ee800928858c9942c
686,d95a70059e4e839dd556a509f5b4a31e
687,a5ca0d92c355fea05e7516db98b3d27c
688,57fba8d8802a1d1bb0d9a30f326fc2a1
689,f3068d98e1030115db25dd0d77179f71
690,f366be025dab2678a0d9155045553c7f
691,3c661d8e67125ad0076a37ff3a8636ab
692,b4bc95548ab0cebf174fda96bfea0436
693,5f86768764200c4c9ef2b712d52b4899
694,fd6d175a4e2f56bb51f80114588a5459
695,ee8f0c5481d18de420bd4109f0acc297
696,468955ee27595dacbb3968ebbaf5dc51
697,6e971b3e3dc5de8140b0404246e9c8bc
698,59f4e45cdb11d5af6bf706d857b4473e
699,a3a0b4a18cf1d46b06f2135cbe066d97
700,dd2b04a9a31588e3ada458d894d17efe
701,7c7d6a8141a1b18e7a183c701fc8ca8b
702,aaafa7367cda4b060f7c6988a16f340d
703,ae5eb4eeb834b8f72d2472ba4241a5bb
704,d76551904cbfd576bd65f995aaa22c4f
705,c99d67343e84d500703913ca9f2c6202
706,7d30fa101dd0de30392401ada84f6ac0
707,0594b635c4bce53c8ab7aae31b5cca14
708,bcdcebc726d939bec15d90f5c3e52532
709,49921a6ce648a68f7e8c657bf95464ff
710,c33b3a6630982dffe28b649032e155d3
711,3ecd69e7686f367ec337ce8a6a1602f3
712,ebd9a1ca1db6f60bd9f27a6a6281baef
713,498878c6481bb01417aa227fb56d3336
714,e4c1ecd0c0fcf833cfcb9fc0768e8137
715,bd3d93726a02cd524296a9785cd15633
716,3e31d6a82b1b45fa61417db9f43b9c67
717,cd247804b41bb9c9b2b8cfcb6f3c08f8
718,7b5ff91ba44b3ab1e1c5ba6b85befe08
719,66cae9f75b79442f6ba0362c958ca5dc
720,2c19cdc2537e70c9d80107da7d18ce68
721,cc0a1750d1eb00f067e49708e16395a9
722,9ec2755d5866d9328f716f7bc3d33dd7
723,cfdade53fc38b7c09979349d36fb0abf
724,1b1fe55522da77eccfc019b811bb7303
725,da918a8a630758b14e41844decaa1843
726,092da0ff13d3fb5c960d23732b57473e
727,856eb61477e23accfcd6268a0e24f9f2
728,85e4f33c482ac8b5ce77ad1b9142b21a
729,13161576552f79f65c1033446b2631f4
730,412ea919d7205515f97b61ecfb548959
731,cf334057f6e82639cf5c0f2b93f57f9a
732,2b45e81d79ecf7cb72e3981a20edd049
733,419d42689d7386166258a24abc9a3b24
734,d05cede30cf4f932b4202b52f6e9c95a
735,83a4ab2cd182e7d5a23697678e375d98
736,40303c5dc3f474afe339daa3ab524962
737,af0401bbbf93c07bb9b1ce7e4872c8d4
738,c89b21766f56588e225d9194da61ebb2
739,f73733a7221ebbd716cb58bfc5732f6d
740,fa1ee2de582bb72eef47c366c8eac10b
741,d3fa2fff0d31306c9870c0e3cb8b70e5
742,41aa0be96fee9a76c10947b917de69e3
743,32be041923ab37300b61c1dc198de1cd
744,086480f6ca3cc1c5f99835a9160eb665
745,23ffb7c854edfcd2a3bfb57e7a787306
746,4269d030977889811ae3e4a1ad9b0c25
747,06eeaff5992d13296afda8262f4c51cc
748,fef8024a751ef5dda68fada1daac16dd
749,8c85a58b0405fc9c1514bdb332cab55c
750,6953240d5e18d4b231f9e738d882dcf2
751,3491e8ee86ea3be6cdbc0fbd63b2fbd4
752,0edbf73d3c967257a79db5e8db09465a
753,6151666bc79c7bd75b24997dc6983f7d
754,ca658bc5fa2dd71b217f47030cfbdc7b
755,c9c293c794c9dc26eb635a08a4f3b93b
756,9defe16a2bf01dd522a2f8f0a7b1a5f1
757,b137e955899c66f8ae319893fb54749c
758,0527a440058fcf637df7362681f8e9b1
759,3510cb8a3ba4a5bae86b5db8bbd6acc0
760,554230619275e6e1ebed06ddc9ea3aad
761,238ac47cc87bbd3f4465b6d791994b3d
762,51d35b835c1b15dfd53ed1870a3d3874
763,fd0ae557049f511efae1642088ed7092
764,32e90fb38edfd282d852dc0ddcc05e1b
765,05852aed3f19d9507c536794435e2dfd
766,96e3b73ae49a4abb151719f002e60af0
767,a8d559af36fab8f52204b3e85030d331
768,b06a489abf70db3ff23361bc20ba3c10
769,3484d28379e7410f8bd9dc3defb9e2c6
770,a0f74b32ea1cb13c1af9738f7696f17e
771,afe03564ebd6aa57f2fe3675106bfe36
772,7d8ef151179ac188c263c02807b1c618
773,8e01008db056a71bdf59c5b056982d17
774,453ec8b03f9e1495d310425774df4770
775,a97ce1910d255bf3c379c5daf019bb06
776,8393c38e97124e35622860b7f4eeebf6
777,563b3edf6788e281e83859dc1b7b7d25
778,cfcf4300a07960ec14710657c44215d8
779,89512c04edbb4e39920e9e07fff4570e
780,6450ef4f99f98b244ed21830d757b461
781,66cabc702fab04085e645415ebb5ea7b
782,77f12c0702d2f4f0bdebdb0be753e872
783,27b914c4b343257283b431f285514483
784,a3a57eed8849dddb0b3db5a400a57e44
785,b3b98cec0defa10938e1d65d04fb5428
786,b3d6b968c16de6127c20a49d7bb76573
787,3e21530f41867630358dc5ef9d841393
788,94c75e858623492ffbc218bd17d0c662
789,b06496d38d942c0d0c08d47af0d25768
790,83fe836602207e63ee3ec00463754dc3
791,aa867c384995f24c9c17b4ab0bf2cd1e
792,441b423d1496522bf0b89dd2d10ff7d4
793,7fc04d532d359d86e73c1bf59b35794e
794,20223b407e19bb82a0ff4defd41a3f8c
795,97f18efb353c911aa8aae48078c4c2e7
796,48f620b02a043fd30167b79056c6462d
797,891b410269a8a62aee8e034f69696746
798,2384faf81fed8ac0cb17d64e152b0bac
799,12cd843d6f973f6a92ac34ad68a95de9
800,d5f5aeb2236f0c96d137fe9de1379dba
801,0592edd54c1c543eddcb68d5aa73454a
802,2f74adcbececd5a2b796b02b62d85ee5
803,a10e6ff62ea183b1f6b775de03c91a24
804,ec26a6e3c080c95a1ecb9e42b42e3bdc
805,24a184f24b37ac7b5a724e87ffce2110
806,1153eaab6b60e2b42ab467c9c38467bd
807,8a7f0f14c74d766ee74c3cbf2186beeb
808,a60881ea4cb0497d490305cdc1939247
809,88408d2140d1a425e39418707d92949a
810,38b6ddaac458bf74614a9c049a64fbe3
811,304ddb9412442d4535d961c0af4f49c1
812,2714ff4f0ce1e7737407e53f04e5ae95
813,6a0ead7422b398776089d092b298eafb
814,6880d1956b7986bfa262c97e6a317751
815,051ad3a45ddd36fc099b8786f05b21b3
816,d61cda13a8afe2b155c62e5cedb4869a
817,a8edc7b82a5254c6fdd08c7758f0e82f
818,87d1cb51101403e9d5dc061c821779e8
819,8e824b88d3c869c178aa68772bb4ca45
820,6aa428f137d6ef030f91c45b14b0f05a
821,b955033abf4ae85c8268bc69b817bb06
822,2012f8b99d8f7405b96778aaec7cfd2d
823,5d6742ac314d742d91ce62fc509a1b00
824,ecafb2045488f8ae878ba70b415bbfa0
825,9023ec007c315fcbbaad37cb2ea19293
826,0419793535cfeda928bf8bc7bbd88853
827,a4f6cc95e790d8ea6dcf61a0ea757d94
828,d37df00f73fd5c81c865bf33dfe68c03
829,161b6dba2f1b4b3c675a9d4445ffb80f
830,b3c61424a814dc27ee026e11c00d8c0c
831,1a977a54d1719a6085905e79587dc71d
832,28141fb1d1c875df8b2586d1b399b94c
833,23468effd0938c959e0c988514c030e1
834,71b0d59a2d9b4261c0c90a215e8e5cb3
835,cc7c026f4ba40b593c153732835a9492
836,c9a3f4e9cf102fd13bb649d2a9443912
837,0aa6f0c652b50ebde8346f851fefd1a1
838,1a359bfbb12ed075a635f2cbb796b037
839,9f94e73967498359e0d4509c9ee5f271
840,650768a3b45db4bbc7bfedc68c6b8767
841,e5e8759a03f5935ae4ace44a38d18150
842,aafff6db6b2b921fe096038556dc365f
843,a5d91445c6dea119f85b138dcc937147
844,cbeb1cb08a8d049b02f785e081bc6267
845,561a21a7a778e8610e636d3cfd78a711
846,f1ae29451aecf96b1206abb4a0bfee81
847,26f78bbb9200ab374c48bcb8538bed83
848,06198269f720200df1204a3f9c63559a
849,533bb359cf6ce719c8b5b4f43fbfaa92
850,7c5803c14221143df446d1730a3b571f
851,cf2645561f3dfc9a0db3ee41af693fee
852,2707a7536d972b1c3ff34f4861615284
853,f66407807598dd717a40f8afd87666b3
854,7b45ec2d073dc819965ad9278407a34d
855,e6f583c98b3af338c625a422d4a1fddc
856,1f3a4be1eaebd03aa7b140bd84df96c1
857,dd1926a05edd6aa5013874691cc82f47
858,5a93fc642f8279403e099148894c1b22
859,ee8ccfc4ec0ff5e0fbfcf05d3796832a
860,5a0b29560eabc0c63b3c9e8c50a89e98
861,ac28a627597a3bf130ce5126af34a806
862,7b66502b52d6f51c5e8aeb10ecd2f6a8
863,55bd0a73847ba00d03f1303463096332
864,d1eb968a5b010b4a33e0a79daed2a63a
865,a12f4ce9b6a3483ed477c78b290a90b5
866,2259dc7a26c4568e674012700070999b
867,11a454d241780880de973636d4a38f43
868,588be24bd5595ffe9c867cdc54317e3d
869,eb4d672886191d1c1912b6922aca165d
870,c875d3ef196b08a63bc91f552af2d896
871,0559f67b4dd8fde5d8cf316da91b2640
872,c7b4b15e9f600ddf42679ec2087ab9d6
873,0fd91bb35f0596ed35a79094beafa226
874,6f0b09a2897870507a5d0dcf50a6b45f
875,958a84fdc877995026d44434b4815fa8
876,5f388ce7d44d45bef757bf96dedeb291
877,4bd794658ca88ab8a47de1b4bfdf94bb
878,9d43a54252a8d3d7fbfe2f73054b6ac9
879,1c052fa697be8193e027c4f11a34c316
880,26bcdff7a506f3372af6fd70e22b305b
881,329bd6503ae9844d7c359c00f85ed05b
882,a8e88231fa232696586f87017361efa9
883,81a4e1f544660e4d4ebf79940cc44690
884,1126aea7603eeeb78a4d6bff59234f1c
885,ead58b73a23fda88706326d3c9238137
886,85ca0208422428c43db749e945628024
887,e44f64c36a9041dda59dc9e3536d4fed
888,1f8f2a270355b68305fd47a84b370450
889,9c3b04d8490721b5c3c73599f59b489a
890,0d8773234059a102bb76e67445f278f9
891,17faaeb85ca2ea52bb8d8a6c8cbc029d
892,ba03966c351720d5f455e2dbbbfdf36d
893,a622cac9c8329ca0d2699e69371f5a5f
894,d359323b1d2743f48aa1e24cd1aa8811
895,54c896419455ccb46e584722bc228559
896,db4cd7087e771e09bcd13180d520687b
897,f7d2264f820013f7a8d6e84819a00167
898,b437e7a4ec1cab29a634775c814e9bc1
899,d5085b6851052b8b5f1729b41e7e6611
900,77e28f21d4fed5c836dd89ce9f631d61
901,48cf3a8f56b7279900db498ca3bc4dfd
902,6352a52746c6ef7c3bc4611ba9bcd786
903,a90d14200263ded0945f8ddba43882c2
904,129219352041ad816ce3d98d4518d925
905,7277a2b9e06c1a35a308366aa563c34c
906,91eec114474eba83a650dd93cebd87cb
907,3e20db574c8b6dae0b3e2d3f9d4de11d
908,cf1366ca000f2116c91181c008db0d9f
909,f5cf8edb3f95b62282e9b1b06d20a38f
910,01d5f42efdab7d48b40008714a129b1b
911,bee6deee6b9e7cd8e2db89e68fd390ef
912,b504119d8d214c1afd8b84af63cad932
913,ac25e2d0636b444745df2a112a8e054f
914,69ab2f707412919ec9672fc1231b3876
915,bbac4b595820a904aaa12d666a451ae6
916,2c17726eaa6b97a89cbbd96f5526138a
917,c4b3ae834fa173a80b6812902e1c9b14
918,644616299ca9a2f478f0751f37783740
919,973020e695ed313e5e73095305855635
920,3917462ebda65da001672345335f2e3e
921,0d1308679b0751f55e28b585dae64c12
922,d621fcdf64b99589c52b9784807d517a
923,1bb52a0bbb77399c16671cc3173d9380
924,832a7c55bfbb7803944e24af12474b17
925,b7133ff58f9d5fb2b1ca84595a9c33a6
926,7687309c94c7cdad2516ec9437ef165c
927,3f0d18660864216e905f48be589df5b9
928,563e13b1ad4b283f5ef27523b2fddee8
929,31c6d4935a55f3683cf70b709bb41cb1
930,c25abcac8a73bab93ed6a53c9e384818
931,713bea1a4cf439b9b2f7d7c15da65fe3
932,17e475ce3987f93a481774b812052e1d
933,49d44119ad9416d328e481467145bd31
934,a576b6d2d87631f388df444ea888bc43
935,1af813cc8c00dd5e40285939ddba16ff
936,8e4f676ca6fa6ff8a81a5ceb6d980755
937,38ac3471222002bf016b4caece40a3d9
938,2245128e2438318b5937d6e841c6a9b2
939,7358ba5d5a9b18978153acac0bccbed0
940,c7940cfb0cbd5d63070d5a76f7a29f98
941,47e945ea89485c1f3e765fab0eea4dce
942,63ef712b20aac438e4d0a687020f91b6
943,e99c6805c2345d651b9759b09212cd0a
944,4dd1329f4c50b7a964abbd2a2183faa5
945,09552c61e6336eff202ed2ab4ac0e90f
946,a505e087716cc641ed99dcf181b9bd5c
947,62bef341258508a740bfab59651c811b
948,65eec07f0bd5a51530956f11e5af2a63
949,addf9377924a89c214b95b86028a07f4
950,64bc63a134cd472dda12f9662d001270
951,28168da9cc1f93e2a928f1f0a23b6d57
952,52ad80d6f50879d7520c25cd9ebac7c4
953,eedd9e02aed4cdbd3ddbe01656bf5a58
954,5e17da5d2e681819054771b83a99e324
955,84161d90a1a774cd6dfe80503124a96c
956,6cb454f2f3b3b42506c67a362f6085c4
957,80a71386fe7bc8dde65f5a007da5d859
958,1227ca338f0de33b74ede529d5b919be
959,8f8b9fede62333616e2e5fe652aaf585
960,e1aefaa3eb0c0ba3d9500f7da3b20b50
961,68f4577b5065029c8dc9379b708ea546
962,fadce68cc59abbf4e3281a336fa718ff
963,581f126884dd7bf6bef0bbfcb2443fe8
964,5ba8bece89e13fc079c995959219b018
965,7c011688ad7e3846fd8279b82f1be43d
966,ceaefffa3b963e68d2f90f411f4bc43c
967,4542f90c6c8f72edc1ed5ce30d6408d4
968,053dbc54cfd2365e668a92023c279013
969,44f7512d2be80c0a24aa0eed8fe8da9f
970,c5d62df2bf438bc8a9c6eba7b440ccd5
971,b7a07f598a1c557a1a6243b209cab96b
972,fd408c2673e6a7001dbd51ea55d00240
973,56dc0b8743e0e6e6b25ffd9bbfc1fbb6
974,090fa1497b08c624fea2353286420ecc
975,aaf6229a832087ca22c558882bbb67d7
976,cf14e0ab8833939052bbea61685644e1
977,3186b3387dc1beaaa10d3859c3e4aa9f
978,8894648f0ed082251101f59428a8ddb5
979,2e4cf6528a43b53015fddc820f420fa5
980,112553deb42abc582a88116202741498
981,414ed67a8287709100753c8386c4c311
982,14e0c24453c3d8980fab04cfff795202
983,e226a744d15c4030097ac7aa432ffe58
984,022facc88694848464a3bfbb27bb36d7
985,14e79f7fd0c89356985b46445c648616
986,bacf4c60c783d9400150e8e636ace98f
987,ccbe45d168fa53308e9d0b951ce3ba92
988,debb04a78098b8fbc78d26bff0c24049
989,1839c9a8b603291dc9407dca4b6abcfe
990,0e8bfe26378b64df42a95dffe248bb06
991,38a7f8b9ec7c0c8d423f4e5ddd12de1d
992,6565655d6c4fa6c928096dedf9608b35
993,dda86fa90cb41a7712370e74d6bba537
994,838a211de968ca2899a2e980fa497bee
995,0d78dcd999fb3c32de8f74eac2e38e4b
996,ef878de366dd67a7a26a451de470cba5
997,c9047b517c6217bb63b0f68cc46bc8ce
998,70358654e24cf4e3d232d50a4a00462a
999,9cf66d88ccb1838bc0110b53e44ce38c
1000,1d277713e1484c6dafbefebba3608445
1001,7b01c7d9a842ce1a79ebb3e160223da7
1002,9065a1d62f55dac18e425516b02cdba2
1003,e2508bf5de08c28c5cf6cb1b9c86d20d
1004,8249c047d37f983ce6c63ed96ec23095
1005,00f6fb6603a182a638935ee5209b03a5
1006,c7ae19f01d2fa64f27f218f6b02e4b30
1007,a69b6627b6a83e48be03d909581860f9
1008,21494fe104168b97cad82aa826da1ffb
1009,e280be799defd8e5c518e4e2a1c0446f
1010,60669c50b81e3cee7896bac9a1ca9e43
1011,a1419b52a76085d3b271a774de5acc8a
1012,54aa2a1c55537467a544f177a92225a2
1013,fe097ff4f8eb87f44379b00e96bc0a5a
1014,0bda23ddc64c12c881346ef4ed20c0d2
1015,1571c5056abd34c81eb397a7bcc85650
1016,989b36b4b54a56cb8d7e238485500698
1017,3c133c2edf6308e13a9d59c1841457bd
1018,9353070c17cdc542b278aec627a30da9
1019,490f6121bd28fac3bdc31a68bc5356da
1020,eb6cdd35fa32fa1fc75264bcbba4c7fd
1021,77480abea7177229a08a00648748a907
1022,a1c5bc3b9f8e6e7823602c6fdf3b4ea5
1023,aad4530f248a7b873155f1fbc1b49502
1024,0a3049791834be7f17fed688d918ebfe
1025,57eb9713fe85e829b071aab2ed690367
1026,18b2847752a508f050f67a620ff30df9
1027,5b67fda26d601b98b335a297af93cc36
1028,20036cfc7c85593ae7567971ce1c2ed3
1029,4e8cf2c0c4d773c4578b1e4963984107
1030,76acaa7c6ca7c4aadd3116828fbe1fdb
1031,12c5aa7b7dc256bc0e4251147b8940f8
1032,efdfa10c359d0f306854b01d8bd30989
1033,ccfd273411c97f90e2a179365571c047
1034,e0267bdf269f688d10c1fb10d1ad7678
1035,b22e32bb16fa96c82ed40970482ef09e
1036,dc2328dfbd8be24b9a2961a38241318c
1037,ca455a8ef7dc62bafa7d34b535d27697
1038,035014a9ad56b0d97d202ef8a824b48f
1039,01d4f83567fefb45848feb9c5e3b0e27
1040,ddad76b75a6d672b43884249f21e43aa
1041,a067f52748349a1a5b7d897fe8f9a3d5
1042,41d6d7e97c53ef5377d2363cb8636491
1043,fdfaa69e6e1b6291ff12ef4c0fda49fa
1044,dd05e1f7d8b81aebbed2ad3413fde6fa
1045,1205227bec5f067d446dbc19191157f3
1046,52b918e9a49e3a0d0a8343a77b411199
1047,f351f5f90a6d249909254b35b99eed5b
1048,2660b078bdb1bb756f12a7176a71d049
1049,9ea62b2d1723311f7f49fee4d348cd1a
1050,505cd92abe934f06b3d5a200367e4ee0
1051,d0ab717e9a399910f48bc5c1c00b4a43
1052,21064bd954c0edacc0c30cf81418e019
1053,c6c2bd0bd10fc9e8a3d2ee3dcd812f74
1054,8bd9002cbd44fcd9050354a9b081da1d
1055,24203cc3bf3f7f7d08b754cfe17d8c5d
1056,e1de927dd7d999b380df32f6b0f031f5
1057,928b1a11a973cefd433286a9d1069b8c
1058,89b27171df469fb156907c3ff684e23b
1059,45dc9fb9f7797aee276803d501daa892
1060,98e4a7cc86d3fedb45e23d2f83506d82
1061,415a705d8ecda9831ae2e839c98cf7c8
1062,4a33e1ec4e4afa4814696c666684c10b
1063,b30e88dde4703fac3cb5e2482b85a34a
1064,81dea89715304b3ea96fdb7a9e0b4c23
1065,282f912f18dab1740d309a0d183e2aa0
1066,486eee20c3ff4d67c1cdec8cc7803194
1067,1dc61a3f25c394048323f47e66457450
1068,353ef7eaa8b1327dd3f486a5566b0935
1069,11b3a96279381afc502fa272b551fbd6
1070,442949669aac626ea5a1d98824f52788
1071,7041bc5cb2879c793c694d9d8df39393
1072,30b113a8479b4e31086a70cb8d6a7684
1073,5246dba89d4a3538c612edba905837e8
1074,80376ac234eec8b98dd3e7ecfbe008df
1075,3dae173ad7ef4432fea4b185a1680f59
1076,bccfc9d6be1539f4effa258dc0e51eb7
1077,5eccf5b6bea6760a3ffda318e2af3a92
1078,88810e24638f0ce5ec9e6cc1687e99e9
1079,182402904161c9a1c7011a83f6aeda5e
1080,4cf828dc5ff118c98655b568bb22cf4a
1081,9ec4d1fa9d0032d581a5fba8ab124349
1082,7bd6b0cc6be0ac40012e9232716065dd
1083,8174f02e67f1f53c28c084bac8c736a3
1084,5584a7269760fef72529bb15c73ca61a
1085,4e232b2322a47385dd4dca7ea87a8c5c
1086,2bae0f3c4063b29059781c54cec60890
1087,53e029f30f4fc4238d8a4bad9ae04ac2
1088,0855512e343cab68ebb731e51677d098
1089,522974ab6544e9c2e2738d403b19a2f6
1090,0445da668af3acb21eeed640b2eee82e
1091,dbc08cc9ccda4564693b8177d3f9f009
1092,154bbee21f70ad9c45646f0b3919e34c
1093,5c911e0d7f6ce28aacebe24bd83db2bb
1094,f4c7c6fc96adcf0acd7297c5f11c5db5
1095,9c3edde36d72fd756536e100a9e33c9d
1096,e009226556a91e29c91e1a8e2a04a207
1097,ec7455d5945a8cda75928e8b8983ff6a
1098,0d58dfc317f3d0fdc1ea9dbed5bcbd60
1099,88641dbfeb97077d9e3d283638c286bd
1100,9316e1dd1304385b2ea9189735a0b58b
1101,1f2a5071973b4f4c176a5b0f072e8034
1102,49a485bb183cef406b87fd10c264823e
1103,fdb1ae5b47bc08cb0c25dd0bac0efbba
1104,bb0060457876187d44b90383ab77396b
1105,bd6e1a4c38bcfe5a2f78cc9755a204bb
1106,609f4f0ecdf2bce9433b06e6cb94551e
1107,e274f301c7e35bc2e761413290657b38
1108,e715613e93eec69674f6f14e9d6f17a3
1109,dc62925d8e58e00d7fd2427fa488f068
1110,38d1c39def9096a5cb755d62885eb04b
1111,99337805f409b8b7e972d00fac97fcb0
1112,9df8ba6f1b336da5bb23c5fbc1313e36
1113,c2b9ed1228bf2333bda882d3f1631e1c
1114,39a3b40eb50f989573dc7afb4242696c
1115,894b843be3203ca68c3a00e99a95fc64
1116,9bdd510f1cd3199c7bc3b9dff233b0bd
1117,e9669abc567f6d8e5e8af6f918697b96
1118,517c2634ac88a61ef39be6ca0970beab
1119,9f43b19627a9c642672cba5aa91e8b15
1120,3511b53350c261edd66806311cc90a90
1121,6fb408f6e87dd831d2256bf67a7bca83
1122,2331307e654a9da49fa5a07f60b8786b
1123,20b2d823cda928266a7955c583faed1f
1124,c7a04405c9d7d1da976b574c066297d6
1125,2ba00dc5599ccd3d238f0652cdb42e73
1126,c1d746bd435788faf1536e33589117c2
1127,d46c15f9ad324e3707f1aa27b85c7b15
1128,163dde7ff59445cb6738aa0d7975629d
1129,e01745b31c86d203927c3600e3876ec5
1130,06d6fcf532395a2aac4daf3a0ef41e9b
1131,4d233e6c834248ef6dd3f243aee9fc3b
1132,50f1fc27911dcb04c6376fa195e365da
1133,d3b268ac2dcfcd21681310ae61d362c4
1134,2efec0b3482ed407cc812224296b5ded
1135,ba64b7ad81f69b7f946ee2aefc56a59e
1136,077c2d3876260379f54701e5b1e70097
1137,fb60692b7094e1192b839aff56ca9812
1138,e8dd97e3033d14ef1276e6a137aeb301
1139,a3847cdffeb34b0a31ff7e01a932c52b
1140,5fbbf64ad090cad764a3040f16c68ba0
1141,e65eb96b7fe10ba6ad079199599023e1
1142,dbcf93b8ca5ccc622ce920824cc702c4
1143,41728fed89b00e0e045c82c78b08164b
1144,30436e32e4dec18a5b973b9ba486f23a
1145,f2d1834b4177bd337e49058303e5b612
1146,650cd967dec28750e6dd3e9b8b27c53b
1147,f2dca2e52033c9eaf712313f16b58012
1148,33ab188ae2c4d09bd1286b87892534e7
1149,abac2af570bdac228e70ae58e2698ac7
1150,bcd795d1acfad889c5415d8a65febec7
1151,3ba9502d05d21705854c5e5f49257f72
1152,caf87def4a408604cdee7fce00e245c7
1153,16eaeba64d3cf10cf710ba2881424ea0
1154,654937fa8f971ce50ea4d633b93a10d1
1155,b49cbd961cd78ef91f6a7f6a544ec1bf
1156,8040435ce7b64670620b0c7553f429b2
1157,c1957e2df8b7a9e0197a457a5f8d18d7
1158,4a8f404b63411150b55144a564022466
1159,e927a004b89b86925ce8191ff08e29b4
1160,e67376509e02c331d612a6d74de3bb61
1161,6997cd56c0e7b7dcf3c14ca071c3e3d9
1162,c328f27a2ed9e58e8cba0e379e21a888
1163,0f36dcef77ad67b6abc18e87a2526eee
1164,be99953eb503fdee450d76ca0e31f0c5
1165,47953edac4a3f4aa39d76e0b9239cdb6
1166,4c19c25b27f1f5ca490671d68ab79e4a
1167,627fed3a267dd9debb0a31a4f4a5cc0f
1168,431d1efdc1e9d0c5751f73bc3a0e1bb3
1169,ad9f2a22b73638bd08afed7af403260e
1170,bb6538d31c232322042dcca6a765b289
1171,a1492ab413e4810d8ff14e3f858c1655
1172,13a4778785d21db812049022b6070aea
1173,a0dee94ed0742de885214fcafb9ad28a
1174,638b570b08903a11d4cf7676c027e05b
1175,5fecfd113c67696b98d246993a129bf6
1176,b6feefc1c67138ee288a3c27dbba46da
1177,612c0a5bff7a8929191dbd1107b3230d
1178,ed18a47d147b2700e88b0286ebec9780
1179,276e98d6e97afaba7027e8065f39a2b5
1180,31befe0573896e573d8bb6d0175f358e
1181,0073c76eaf167b14942c01227a4ff23f
1182,14cf8a246be9d660a4af36c85fcdb68f
1183,977ecfcd04739b084e83596db0672964
1184,ecc44d44f7a1f80336755b20574b3778
1185,489cb7beab8786182f7caf2e9db8b0e9
1186,648064d18f62bbc2f1356f5f2326c975
1187,99e791472335a8020aec4f4fc6b87aae
1188,54d5358d229d9280012fab7594ad7cb5
1189,84122b11d9d01979c1b21a63baa6c904
1190,05b5a5a930e51f32a2be8eba719707ad
1191,bd5cbbbabf60f940adee827ad1575819
1192,505649fcbe6724415d579a511ed7aace
1193,5e7912c3788d0f346e07bbeec0128420
1194,e7cba1bf2b39a60f49ed1ff943d3fcb1
1195,dfcf62b3f084733abc20230fde0fce3f
1196,681dcc906ac0261500320f4b38f8420b
1197,a1b282b8861b59ae7d65ed4909ba7e68
1198,158c36f4a928a64be9075b872100f3ca
1199,f207a7cc3969a5dbc81e488bb160a643
1200,8c18e791607d51f9f7a4c964283c7cb5
1201,37928d211f7a82379a0cc1256c25d724
1202,83d2a7a5d82124ebdca228779e1200f4
1203,164e0ecaba11579dd044621c95b80e35
1204,131a376b663dc8e291900b1005fe54f2
1205,ded86607cbd357dc4a9ffceddaba0f00
1206,098dcebd269a26c0fe1566382545ed88
1207,07d565aa570e6a43b82d7346aad2debb
1208,66e0e2aca415a15ad3667cfdccdcbc0d
1209,0aaba6148a46e58d2b064debb2b80b7b
1210,fe1b0730e6553d54b4d8c069b5c4fc4a
1211,afc02e165113120cd6357445ac3bd6ae
1212,4eb927d275cacd4ad735a968381c1775
1213,e66e6bb44d07aab26367f29353496d2b
1214,73e20e163716300920f0ecf4fb1ee7fd
1215,5b53904df63574b93f3a319124006bcf
1216,eecf0fa01d380a60204317928740a45e
1217,7d5ef29d1dc44358b19d890b6a278592
1218,c1aa24636ca5a68de9effb3bd8dfd4e3
1219,c96f3006b38481abd944a2656170d46c
1220,b1d6eb44351eb926ec2ea57fb40a8d1d
1221,55b7714bc8997dcfe638809e9e642343
1222,bee754682fac7975228c8ff91be08b28
1223,cded52c8e3be21206cec546440f1a3bb
1224,a9c5fdf313733be4a4cc3f9895df7af1
1225,437ddc80037e52fe2347f68afbe0ea19
1226,17090247fb29639889ad9cf846de5b7b
1227,86f2e65db9d9c5ff21c5253e0ab09cdd
1228,01a78be639774307bf439470902e20bd
1229,04f8b92cee26f1cfd6804fe302466774
1230,34ef9dc90513405e0a95e7eee3c497ef
1231,050f221f12b8df6d0d7993d51d17a807
1232,3e2873c4e876eaa720e09cf2d626bbc4
1233,8c1571e9efb5399aca0de4a87e29cbad
1234,a159ceb0ec7be961430389d58b5520f8
1235,106a7099a87a88ea37770a8b5df41b6c
1236,c7a2053eb59f2ae661cbf89dee7ca236
1237,7322805f5ba8b95a2be9371bb2282ab7
1238,559b703c42a88556870a28737dbdbd4f
1239,7c5c49cc72d0df268aa0eea212a0bc51
1240,2308c39022e2f728a842389b0df6feb8
1241,0ee45f9f92ebe3e03603bf6cafe6888b
1242,34283a8c459c2c93792125cda89d1a39
1243,64b81598780cb6992bf3a689e57b7b94
1244,640f40d7dbd5a59b588308d748f000b1
1245,18532a06bb41e0390cf196f94578170d
1246,a1aa65f17ee558b1750338b1e347b05a
1247,a028c5eeff017f8fd1ed863ad5a4b6fe
1248,eaeadc6b2b918ea95c35c122f2a88754
1249,a99ef1cc2ac21422bd68f5f156d42c75
1250,bbf426e329fc6c7f385ed6dbb91f02af
1251,5792bba1d55ceb43ae98e04de123481e
1252,9d6f82a3810e09047655fe8f5d5065d3
1253,9f3f64479cceda16b70bf06d2ee10c74
1254,ee35abfbfac0c19ddfe0b584990bb496
1255,46805b628b9ad578749c3d4091b95352
1256,611a2e620579ef36ebc9bce3a584330c
1257,d99f1b7fc4928b31270a60bb073442b3
1258,fdbb495db88a7da01fc3db41435f6040
1259,550b503aeb9172a320be9eae5afeba8f
1260,0a3709cf575e5b96590ccacff37b1729
1261,c5dd01b564e1d57826c2e02e115d4070
1262,3a0561e99652253f45ff1daa60f825b5
1263,5db9f9181fc4241cc8973b55b46c2be6
1264,5ebf7d98e70106d33a09130ce97fc072
1265,80ecd5aa45edf01eef2dd2e2f0f2d8e2
1266,fc3ff3c6d328a49e86c77158e854c2c4
1267,294a870af443e65df71cb4a9cc069b4c
1268,331979f790a13122a225da9a810fd0d5
1269,7bc16e423f4d86b5bde6ee6102c64315
1270,de267eb151be9236e61bdca977940277
1271,8d5befbfe2ef449ae5c3a70cbeee36f1
1272,18fd713d91452a74d3379af183072823
1273,6b06112f018838c1275d8f372eff09c8
1274,ef67020a025bfd33fa72392c972b9725
1275,d86147475cc8756ac68f3d4994849079
1276,0a8f8e1ff936b7b06c94c156e077dfd1
1277,4a532cc9e22addd93a078ae48aa41f9b
1278,8fa17a3aba5c2de698c959a4ba135a65
1279,4148f8eb2f8fea21fa2fed59600f49b3
1280,5748b80092217780031dd32671b3391a
1281,345fe3023643749d202b5d7d63c50975
1282,829c2bad79eb1ff5232b25d580ef3800
1283,98f3ba10211767bb90250925b5c75107
1284,10866873cad0f0ba268b5bbdfae87673
1285,2f990a363f7329ae6bd4eabbd0b666d6
1286,ec286f3e601ddadb523d3ad6268e4461
1287,91ed452cbc70ec5d0d5bc69a3dda6542
1288,20647e4ae2891d8bb17a81173a065232
1289,31b7b10d99faa97b343e4debcc0a3a5c
1290,5bf6177d72acf2a9779ce92105eff988
1291,ddc553969f60d631b8bb879379679390
1292,291ae4926d82cbafb3f0f9f4076d5da8
1293,1e9c9c7dc47a1a1f5fc57af526694192
1294,08d5abceb6c35d2ff57a9e188504fb59
1295,19205992796630265062c2fd57003bc9
1296,015e17d50e3b2e24d1d6dfafd828fd11
1297,40ccc1d1b3648485e657fe3f73fb8ae9
1298,b6e4609a570e96dd076dd4e8a1a3c09c
1299,587fb17477e2874604fc2023f21094ca
1300,833ded121e979a5433d7467c6365fff1
1301,54ea58bb73a0d9d18c6ad7b0dbf4bff7
1302,890d817da42139a889ccd54ade7d68e7
1303,2527d7495aea252769ec980c9cdb64bb
1304,0037842e83c0f52645afc35edfac94ac
1305,61b69350081268b05ab87c645217e556
1306,41a595c53f98db4ccf0993af6d74e568
1307,9d2fd00f9760551904b6e48e6d77bc6a
1308,5a4741f776f6bbb864e83a4c820408e8
1309,6da66f7c1dc48de28c94a15b88f91ba9
1310,a11143c00ae4447ad8b7921e95be17b5
1311,68985b6984f1ee7168a466fe2d71d60d
1312,1a874399980c19c8238517045f479efc
1313,923497fff1e70b7ab9ec8c124cd6fad1
1314,048e8ad132cd029b6d64fc7aaf683de0
1315,8d12ee9d0d0c59858c0ea3571a549f12
1316,8471c1a2b1da48d8e05fe5ab74545859
1317,b91d8a1883f505b6be054dcaf901a2a7
1318,778454ea22bcfe3c0792d8d4d7c2e70f
1319,609e14a50ec0b58aea6f3a0966087e62
1320,1b3e6b374d14b3915dc1fed4bd244cdd
1321,1e869cd6ead224d8051ab85d43b45462
1322,fed545bcc450ee58dbc58f589cfe5560
1323,98daef3ccb2fb50b32987b6a75fe4ed6
1324,57d7f9e062082010c5ef95c3b6d58944
1325,b8b12585b1ee091d578a2fd0677f0d02
1326,b35241ec96aa2e60cd30adbcc75b4718
1327,775ec24606717a4b12474d832031ad43
1328,b57fac75566447e07c6d9eaf214b0386
1329,1683f531eee5ce8eb301d2435fa67a95
1330,db229f5d9be8b6a72f41ebdd1a36b13c
1331,313d1f6afd50457b957031d43dd669ec
1332,17027b1dbafcc32d7453f630769d2f5e
1333,ba8d9cfb19fbf844298b59a7d9671a74
1334,65c6456d95071d4ca8b991b13f3d48d3
1335,ff52c37639ff72006e9eba00bbe74b5d
1336,ab4e4a407550837fee0dc8cd66891fc3
1337,7ea1eaed00af5f9c126cc863968912bd
1338,d841ba6d5162e24710f33dae839b31ae
1339,886b228cb4834f6938a31b38575f7a25
1340,a27f75315af30bdd4bb5b4094256a22f
1341,8b11ae900055204c247b76daea3d906f
1342,e7eadc33d70f8f4ca55c32f1ae1a1a36
1343,257b5ef826af5fd937dc835686ea05b2
1344,d38fc0715c2e455378f86fe54abe2b8b
1345,1f72ec85c3b09b49442ff92e9532ab06
1346,2b0c1cf259c986558574715549ed78c6
1347,1558aea6ead42049036dca9683f79d53
1348,a1b3e2857d323a9e4f58021c4a09eb63
1349,6c32c24be89a2df86ca970e4d8521271
1350,dac9781074a0a721dac55a476f21804e
1351,fb64460605dde570d7d993b6ee41da08
1352,6cf5185cd4fde0d2e23ee0a189d4856e
1353,3479cc988e76fed228115fa33a8f7f42
1354,ba4493c8d48cf8b306521608807ac648
1355,983edeb976a3e0797c879588c1313888
1356,4b5facd02ffe62b71a9d6a3a09d36502
1357,f5b35e2e6d742e4a8e279ebe7dfad5bc
1358,a5e1a07a68f3c1f4f00d736566624fb3
1359,b771c56a362089a11c59658e02eabef3
1360,d48411f01091d1cad4a173d46e59e11a
1361,8c808f85dec3cc90a29027a1890e6a17
1362,ad65affa7b498b2b9cb1ad0aeead8536
1363,6d42d809a203c8b88ef4632d5078b472
1364,bdb4e640000733fe182f3e34c66965e2
1365,7bdc8ed264e8e2de67c1219f9d491ebf
1366,25990fe238ac26447f4324015c5d21c1
1367,61c4c996aa6b8676c5abb54d610368d2
1368,0dac4a1e3bfea8e97846378b3a28416f
1369,d1c64e7ac6b3cbb28ee9ba1c4132afb6
1370,cabaa5d68ec77443755f210d7b85f4fd
1371,ec015deed4f3815e52eaea962460a3a1
1372,fc885facd033d8a896b89b0a1cb39c2b
1373,fb0418030c442c0964e159f191f1b857
1374,6d4b3b18c388a5d23907e676e9a2fbc9
1375,c87a0e02e121c4462a38de304bd82a8d
1376,17b639e6a625617369a6976cd0d6ad51
1377,baf78cca77a39b0d3f2637dd89ea4a4f
1378,102fe30b706cb41cbd35bb186d4ef16b
1379,f1d24e493c664ff43234f8fd5ff4691b
1380,642bf2b20dd0df11401eb6143469884a
1381,892a414b8ad715dec05dff88fa89f745
1382,f546d6b125a580272ed2011ab421764c
1383,81c99dee4e1a19e016cf9523b243c352
1384,eb1b2f5e02456264764136ace781c6f4
1385,d2501f49a7a6a601a5e3fa8fdedbc235
1386,39bd41dd015de13667b0e9e623449267
1387,f870b5902d0aa41255fbfa3df42ffe7f
1388,cf76ebc7ee4a67d97d061b75d0aad89d
1389,74af54c21a0b1a46fbe252423e405967
1390,d14467af705dd50d67dc69a5e48c3264
1391,f78597ae3261906a31d48e19913ec35e
1392,9d99651c3b66dea018d836a749e7b300
1393,1ae58f5e29de548d5f4dfa79833e4312
1394,4989f632703d285dc1389c13afc0ac5e
1395,013fbe797405311cd22ca26fdcf85ac5
1396,e58402169f5845dce29626daf2627c04
1397,645959bfe39b21257987625a6938b11a
1398,56430a043558537d16102c1a33aa7e6f
1399,196cc10b0fd6b7c2006ecc7fddd7d45a
1400,cf9c5a222a800091bbf93db744cf5ac1
1401,a4b76bbd917f8225242b34f1818efa09
1402,f6b72af27564e8f363645eeae5aaaad9
1403,8e4226843d3d31e4207a5a043d1136b5
1404,929cad5c82d404b5f2371c39bff0ce55
1405,5ad2cbc5153f92edf85c11a2f1ffb9c0
1406,5e278c2f320fdd3576c9b5dbdc17ad7a
1407,0a430add33b38dd5203beac2524ecf42
1408,da64bc12be736a557a4e415b92a5a4ed
1409,49694ea555d823ec04068aa92381dfd5
1410,dca46c2b0d4f923f32d1a18a40e9bf5b
1411,94e9151c4b7a7b901a656d8822b26b8e
1412,234401999456a74f2b4caa77b163f85f
1413,f89dd7a7628f03bc5ea0babd8b447437
1414,ebb459f46b54861f0b57e1c5eb6e564a
1415,4f91e7e368e5d3f609a4f3a7c20864a4
1416,927133d947a123c1de2a8de0c4375cf9
1417,002f1add2d7de04579bef260164894fe
1418,2f8750ac175bb6e0b49c36d7e1c52241
1419,5e5ad42cb1007ce18d030efea19a23d6
1420,57c8c0eb958f264720ccb32140a06cb5
1421,35b6e02bcdaf2425973c43351ce5b22a
1422,b063c8406377f570cf3a38fcc4efe29d
1423,51af005d0f54e0ce64c16d83040b8df1
1424,ef4aedb191388dbdb6321a4851f09058
1425,c4144965723b9f39df5e44d95bd2ccb2
1426,3fa9cd4180669f136c8d33bacf6a324f
1427,f4d99749c02e9a804aa60f179e441bfd
1428,66476513fef7c006e88cbc4c2ff9f3a4
1429,eefb0ee4a62bf6e71375de27e919ef7f
1430,a292153fea9cd27b4e35b3203fddcadc
1431,b58b770d818cb3b91e188bb2037fa25b
1432,4f40b03227da8df9cacac5f051da6457
1433,2db17c28b7b835fbac9c2c02348e1397
1434,659980e4643f8f67c2f67d0f8b7fedb3
1435,0da6417efd1bc82f0735901d6f09951a
1436,18ddd46b852fe728cb5eae1ba6a69458
1437,6215fe191062ba62d8557c216a1a58a8
1438,27718d730e7186ea6e20ed784032fdb6
1439,5e18aca587d3e26dd0bdbc6fe658e949
1440,a7c057e3da753795520abac11b226f5f
1441,d80ccf911a67395f612b642b4fa4e3fe
1442,5e8859d2212b7e5a96c7cce6bbcf4420
1443,15e2c995a32ccbc722bb09a939113658
1444,86ddb26eac8e8b71c5fe314ac4ff6d8a
1445,dcb3d906881071458dee058ef4c10ea1
1446,4117ace8fd41a4d2182d36246ad4324d
1447,6fc049746c7b9653b92753f12762f655
1448,6f6d381017c1da96bde40809bca994e6
1449,a95c9ce5811fdb061d60134947c6be3b
1450,4c866ae44b32dd0aec93bb1315714646
1451,400c10f0672d5d8f924a5b315f9d5690
1452,dac652715267fca9ba6c13a6c3afc497
1453,55e2318a9e78fa7ef672445007972821
1454,4be27fda4839870bbc3d64c3ad01db78
1455,07f43ca2faeb38c81c69b4b0339133fa
1456,ff05d4b5cd9fc00f441cd04f8cf4e107
1457,9982b825e44acea8b7f8c389183c01c2
1458,ca576a69670a525d1aaab5a7cad47740
1459,63cbdf00f2407b990a2f914cbcc0b7f6
1460,fdc6183cf8066c2b6c46a1e52b7ffb7c
1461,6b7cf0aaeac6f52fdd3653cf6ad7ffea
1462,98e1f424db2f57b639aac8f46114b396
1463,3e8760ae1428a2c6a0aed9fff391881e
1464,d957273855edbcbc4d4e5ec85017eb64
1465,39cb44b6e9b3316285aa8b850d6f4d43
1466,221e8fc3293513f15e05e497de004389
1467,b5ab419c616fad68b5510dd16a4c43a5
1468,06688a7858c6214d85cdad171b23c9fc
1469,84cf6fd4c14bf3428c92014fe193e03f
1470,55689e4604b1952729f80d3d6c191337
1471,d7fc9a6200b4172f75f741034d84d1a9
1472,0a28ce028075b6e46b533d4e0b996b95
1473,faea0fe59ddfbc7cb9c52ca7f3071523
1474,e3fd3d52e4874b666e4cd2057d00502d
1475,019a862369f89ff53a31aa89039ea781
1476,4ce44dbfa8910d804c286df51b238095
1477,8da7ec5ee98f045900cbf6ed95b556df
1478,d28492273eef0230039df01c838c99cf
1479,fa8bbea4b1a34d9a20f137f0f73d6bcd
1480,d2c8a6815c3d413aae0a7b1370958ba2
1481,5efd5a51c4ce84dccd02741fce689849
1482,e7bf44164445f8cb50f1e7016519c0b4
1483,37a6940b5984c834d0503b90bc6ea271
1484,2dbdd1325b2bbcdcf7625d255d9626de
1485,ff946a8a96942f81ec5513b83de0cadf
1486,8881aab13a69c5582c1abe8ecbba535b
1487,9cba1fb3430ce3700c5385c8fd0f50b7
1488,ab3c74110bcc3dfcffeaccd255150ab4
1489,969d7bd3bdd92ecc1878785993ba6588
1490,50a40f222f2f78bb81d83fa157cf55e3
1491,37f68268811836d9089700094d818b76
1492,3036c7d42159d182bf76b984cffe7b4e
1493,5552fc364cf56cb9eaf061d7b1290ffc
1494,cac9128ec2848b902474ad403a6bfa71
1495,3c95091e98c5ca15fe9edf669c011dda
1496,d1be5f470175670f01edda17d0d0775f
1497,576f15e30877faf3a380ff7ecc52237c
1498,8486ef5816a678218ba64fb2c652e671
1499,ba4bf6f7c7662e195bc2111bfbc5b657
1500,11d2ccc9027c8f0f791e6e4ed6f740f3
1501,541cd893d5a21f4a82ac99c8fe413813
1502,f2681ed032442a5c365b056ca6b0bc1a
1503,a3d11f5c7374a8fab42eee2935b5ffd9
1504,3d102530d4fb806a33ab550390f50d39
1505,3d9e6a805053e48de4e3a849b27f719e
1506,d59ec6b111977d80c6bccff8eef253d0
1507,a25aa9efa9323f3447695a38097b3552
1508,bb91898ddc4e7b295c6d4f09e945c5bc
1509,1c057fd3c52c2d9a09d320567aa2bcf2
1510,11ed081aab884cc253059937db97258f
1511,9970b17301fbcd81fd47531b84b050b9
1512,d3a76949fb8d945ccfaaf225ff53940e
1513,44fd75b6cd12c4354a38eee22b0504ed
1514,74556d7fee187f66f1d903d76ce94cbe
1515,3b389164d2ec1eb71ccb944d1d66a6e1
1516,c64dd7392e61407173c21272f305e21c
1517,27d3c8a2b0050b9216951d72efe3344d
1518,3e1d64626f5679d5cd62d740a068739d
1519,161d8b38964ef9509aeff3b661734728
1520,325451409448b608e697cea2dc52697e
1521,fde6fab2ca12f19fea7815b7cc709c99
1522,28e3c304f6ec22f4fef3d2f358f48f82
1523,67a7b902a66f2006142ba6d2c87c67d6
1524,6bf59f8a66935177da7bfc833abe79c8
1525,9eba5d028c824b5f90e00c99a4bd274e
1526,f9a5acbbb7cea90634b38ac4605d2338
1527,db3427fb8cdf3dc4fbf5c3964f045806
1528,f95eed4c2c4db059e8b826952a496b4f
1529,b19264de9435c09e54ae3ce2ca475259
1530,092ab9a48443e893b05ffa4cdb465857
1531,391dfc3a1b8af59bd3781ccb1eea5df5
1532,b071bb7911f525a227480abb8dbb4230
1533,a1b5253e9d74a812efcd3dd5ff3f398e
1534,cdd19de4acf37e6e7021a3f3a7cfdd51
1535,72105ea9823ea651e194cbd3eb4013e8
1536,83129dbf2c6a303d5d9cda8a012da8c1
1537,c75e0485032cf971bfad0404adf70bd1
1538,087710d99d0593e40fb2a0d72e52b989
1539,ece75b9c662d7543dc599325cb076d70
1540,bba386d22e13d35f77452140d71b8a07
1541,b054c32ee00fa81d96dd063012568c88
1542,9beb1bb325228f8750652f151e1af19f
1543,6c94e275b7262aab8aa83e2817827e13
1544,d00a2293eded49fe89b1ca033088befb
1545,1eea11a56009f7acd0e0a84b21c707b1
1546,9ee3cac3568bdf35d1c2d90155a0dbb6
1547,0042ca2fc0dc6cb264840a6e2837740e
1548,ce7984502e144029a24f895b36d09341
1549,56710c89287fa482ec86715037b2f005
1550,dcc7b44882b61f65496184ceb99149ca
1551,ade861cfe8180ed751b484d6feb17e0d
1552,955a3bf4fb729d0c9dd2eef2cdfba42a
1553,424bd5c6d350e154a8229a62efa26cc5
1554,ccda36df0d0950831be622e35f57c33c
1555,9f4a50ba3d6a025c2693b4fca195553e
1556,ddb65cb24cc64a566af825e7ddb710fe
1557,272913595c03023fcf7e8a41ea2d57b5
1558,983a9b746d297fff04bca6c86ee3fe14
1559,76c4f1a6131886d58f330d2280a3eddd
1560,71d637b659c7687d72395ee8e5dff075
1561,dca16179b49f672ad6715fd6a041150f
1562,db12b7a6739ea11054001a1d8a1f6b82
1563,4c533c940ae01dea3ea53ed51de271d0
1564,20eb068a22d11f4e94db9319af25086a
1565,bcd6fe131c37706a6e314fcf85a7bdba
1566,532ee5badf650680e10d754ccac07215
1567,c7750561be603b46e79f5bc9c182b70d
1568,0f61fec2e95b1dc052de3140bcf11888
1569,02746ff322c176fa800050f26ec90525
1570,22711cfde553f03ee87d50667557a5f7
1571,9a52e0b009f6d92209efc3ecf5056926
1572,61ce23bcb7d9946c0fb6c5553556153f
1573,1e5eedbf4fca4685e950562a12780767
1574,c89ab1c04212a48016bc37e4017e3188
1575,cca229f1e939ee9b29db48b6c4b8e138
1576,ce706a23544545c881d86100f21c8787
1577,a7b1af9af72c4264bb679468a97a5b58
1578,1b34d12b4140c2d3398beb5d7382ddb7
1579,2f6eda4a61c49563fa8d9156adb2fc67
1580,83e718100fcdfa7ca0d4a790fa89a100
1581,5ae72b58a8cb7bc224ff2f90af162896
1582,70baa79e023bebaaf85a59bec10c87c7
1583,cf4cb640259f486598ddba1c48120b92
1584,5459c31a13d875dd82d47df3489a46db
1585,f76a25a458508e8ca87ab1d5d3bc6556
1586,6ad67d197263636460e3107ff3b47025
1587,352f0cb4ea4d89348c6a2b80818795c9
1588,68ea5245a2b9a3013c6397d5adbc8018
1589,3f3d198046b2bc093c3652fba91a4a24
1590,41ceb95bfcd5fb5a589acc259ecf873c
1591,db9bef45e716ccaaab669b28a4fa7d31
1592,b3b7b91edba24671c0399e0e612588c8
1593,aa4b44aeb2d5edb923d5b2d3f1064c69
1594,b7dfac40e8f986ff08904d61f96e0766
1595,ede83370c98df1b3108fa414e2919ba9
1596,4aead815872a4c2a02424603cd57da28
1597,fbdc1c9daac3667edefeb99eb6704a8e
1598,739bbf78e0f148576835edf8fa9d8bcb
1599,8a4961f6620620daf5a6be9d9f6a7083
1600,9538547cd46203d5639ad52bf5de55be
1601,2a3b13a128137b80317e89ca3e1d4a10
1602,4cda7a7bb9e44c0dd5898a798a1630b4
1603,d5e718bb990b02f17e3646497086e710
1604,44164ae325177bfe2505c8b14ec60599
1605,d786e3494ca59781a5715fb43b7b2d1d
1606,121da0cc3eba46c8062e1f7076ebde11
1607,c5e125d3c19512467d0d31723d4559f3
1608,ed07c4995e7a91d8d5872613f8a5f191
1609,f8d2c836158fbd528204dfd384745904
1610,8cb9c249ee321b1193fd7db590ef96d8
1611,6fcd7596ae6225341755c9c5ae7cbebb
1612,2b25d14d16173a78b9277417efdcddc8
1613,6515f12f772694f370fb70cfd70d7242
1614,01c5728bd93a701d1d3a4a2b20a01276
1615,d54bcf4796b2b46ad8970008b7c5d980
1616,08bd9f0c2225c6b86f416a0f9d91e0b7
1617,8396b1edc36164f865cdcbc84b762518
1618,cdcd12d00d9021262582ae0cc1294780
1619,89bb4b0f4f7dedec9ab1642b38afa19d
1620,1eeddc4ad60b4d7a01ac6d3775aac9c5
1621,61b204b4f0d2b051e5022059ed1ff19e
1622,c3304b56186f48d9df2985fc2e9fb2f7
1623,e119ed67293b3d47aababdcd7562a227
1624,457a9ef67f9d584cb6d1123b6081214c
1625,a7e18ae790b6f746652fec7a87b07242
1626,00b8fa76323f2add27f3d4064209162b
1627,1e9822c97d2d23fef985b84349962e0c
1628,7da9bc50cd0ee9c0aed83280840b4ca1
1629,ca31988b2e75e6c34df5a28f21520bb3
1630,b1c246dec04ebe65b9f16feec08c0d76
1631,430261ce7d7d20118570b2a907279319
1632,34bb180af31bffb236801d4f6b0aed1a
1633,918b0586858cc35de078d8690986ab22
1634,57ebeedbf92f64ed3932fb08253061bb
1635,d48ff0ee816318d58abbcf2de90f5609
1636,4992bb1c2fd7bcfb061bd72387308283
1637,4854f61896d4df6daf151f1e98e18812
1638,438c03ecc108464eef160b253e702a55
1639,28e144c659ea5343dcb63fabf66477c1
1640,84929f192ea50e485e70b1eb7c71324e
1641,5bd693b681481d45efdd1db1d3752009
1642,4ebfbdf08b71e47752dc5c1ea9a4918e
1643,ada503d0578c37606dff0d7e139b309e
1644,395cf00e4b5a1bd1b053a38b7abb960d
1645,b46c0080509d96e5bb182adb9e988d9e
1646,dc77add61c923ebe439f3c825c325dc5
1647,c9ccc937523cc4525f178b6dec00a331
1648,49b3b364b73e85ce9161a9e474c18919
1649,4ed4f01a58622fa6995da7e074027075
1650,bd3d730d0dc52a3965bdcc1b11f1b6d6
1651,1e232f40bb5eec0c90f78176811a6f85
1652,f0df89eb12dee01b4de87282dd5634ab
1653,9188c94ae84ff6c289e2aab21bd037a0
1654,7b88572ffd8c211971e3f3e4de391d5f
1655,f86f7f4ab0fb2252889743b162375d09
1656,7f942a484ede889a14c60f85a823b78a
1657,c007a81f399eb171afbd72967d3fd0e0
1658,f5d2df24a44cec7a184153c2768a947e
1659,d508ae398aa22ddf0989fee352768a14
1660,b720996bb5ff1294bc4595e236ccab34
1661,79e8e59ae18133f297b04d82500f1876
1662,fe744f7a26de4f77669f50984b9dda08
1663,173ce09542f41e414494f2709fde386b
1664,ddf3e6828d3d50251c817653efb6fff9
1665,ab58fc789ab9c4c6d86072685b0eaa68
1666,55f079c78f69c3f140054d1324355771
1667,3015c5523cd723e7e6326c655812825f
1668,1d5bce7df60c366a8743d11a6e5583b8
1669,64d2e1d7f7bda232be80c2ac8a395582
1670,f66cf0b3e7354d55740bdfc1b7f84976
1671,82ac6e5fd1972288699373f26f78ef1d
1672,5c80f620014425545da52511f52b621f
1673,8844293538cb87884f52560e7098e01f
1674,98145d7be271f59b0c72f2a8fad9c60b
1675,f23a160e4cb97a04d2665fa79e7313cd
1676,524b7e09f8e7b783219f276e95a032d2
1677,2dc6922ffa2cdf74737b10510ad282ab
1678,8a997182b733354e630be2a0adc139dc
1679,2ca6bd998ecdeb9e13f5d923fac96872
1680,ac05b5a7000f058f561125f64531a71f
1681,4cf9ad682f4ddee59882e8d42d88f9d3
1682,a6d484016f14307fbde8119d2e1c555c
1683,f97f9b429deca6a0e5898d73ffee6f8c
1684,1271eb69dc585ad30ea515c94264d76e
1685,42a0493b5845a9185d3c8913c971762a
1686,5b328fbc37109c7a1574feb8234fa953
1687,add4e0085d6cd30e7b48b7c45e8397e7
1688,652c53d465384a8dd8e7de9618bf54c7
1689,36175f600369488f818b02e8a433b919
1690,731210884a14c8aa635884ffa0ce39c4
1691,f46f3c74210b11959516eb81f5b40a7a
1692,b6db64f37663e7bb5b2ee7f19a107a1d
1693,ad9f99262e1fde78b6ccfd74cf049972
1694,be75fa554c3de629108d264b9b5355b7
1695,d697433265bf44dc2655333fd7d8e7f5
1696,17c40241d7c8ebc79a4ab1b31ef2c6a1
1697,524a08c7784f4b36ff32fd43d94aee52
1698,e8317c0bebb969deba21acfbb662e06a
1699,4e5e3fbbbbe404fe53febe83f1a1740d
1700,1194d7817db69a1ea54e03b0a82986ed
1701,9a059457042b8081750b02d6259d7653
1702,da12f9e204e698bf4b2a3a7827505bd9
1703,b1b5ef4720457362106b6e7d26c8905a
1704,6498cbf342ef8b7b74c3b207662ccd84
1705,bb36d98154268db34f9fb8334ab18802
1706,fb98e56c2c0e22b23112daf33fa3b8ec
1707,e540b5451c9efbb2e3089b0ce6f5dc44
1708,39c22fbacbea2b9fd2feba1efa404348
1709,ee860cb062b8b0dbc025c19fccf524cd
1710,6b1ab805f3ac38fd5d13d99de3f0e92d
1711,f5ff8382862a70b22702f671a497f43a
1712,f6f950327a27db5f6a8e616b41e996dc
1713,97c8ac2b5b89094a496daaacd07e55ee
1714,f4ec1caba2ff51783997707110aa26cf
1715,85d9e6978ac65301ec97dfee89092749
1716,1148f12045f4fe1063e96fda4d9d518d
1717,fd330846b6001ee299345a79c5d3d722
1718,237edc7f67465f37dce91f956656ee8e
1719,285a2a0875051539b3ba0793f7078c5e
1720,e93118d47c1b411f48998a1392b40dab
1721,736645df1e7bfba133cd413d04235b6d
1722,a148e2245aa2d9799262329a8aab292f
1723,be8992ac70249dac23b8bdfe1fd5bec6
1724,924736bb5b83a399266e13d4f5274737
1725,2265a32cf5ba4b9a7b41ae286457476d
1726,04bfb86947d4125a9c520c94fa75caba
1727,57df2c86bd4c92524569f161d15fffc5
1728,3ce6ebfc43ddd585854c9a13e2ac64e9
1729,a860e14fa40102d142ae27dc58f4cfe2
1730,a4d8f94a886876196c7f2223f6b0e8b6
1731,87fa4fce275e9062ce0cc54b4e923ba9
1732,897ef061169a60c2017b9210b33f8435
1733,152c26823f8fb7f81266546b635853d8
1734,e9cf0bc3da65822dd858e24101028fa1
1735,8d974facfcb5b38e412bff5315cf91bf
1736,5580b3866cab6d857a0b642db65a54ef
1737,bab34593cd6e099fc3db9b539bcfa124
1738,e2af381ae8e99d9484c5160f031d6038
1739,e0b304d1c5b3a56c50b4e384f2c1a106
1740,fdb005aaebce2b084af2e9b4cfeafb26
1741,5f7963a65cfef79e2ecbae56e75a4f67
1742,f0f8b595fa08519f2bb852eba5f83265
1743,5f7843c66bc6e9b46a643611b15a1c71
1744,7f9a5f12886e85d513b135d7297d7266
1745,6c196cc59f6f6ec050468734416e0f0c
1746,a9e973e110670e3aede8111bc988b695
1747,770285bfea9d8149fc0b24e8f6c0a46a
1748,50864cf1166d795c3e355e069f1c3407
1749,b199249cc72f901b3bd885e16e3b0488
1750,b86bc0691df06deb8074ca480cdc5f90
1751,0a31c1227b423e1cdf662cc718a01edb
1752,15a65f06f9781528b840282d4f44a9dd
1753,a6933572be231629e9cd362daf8a1c77
1754,41af89ad01d79817e0dbd5f3cbc54e2b
1755,b45af3cc692d8c45db58119fbbd871fb
1756,1463bde5ad74b28deadfcec1d218e4a8
1757,a4403e522eff0eb10ee4f0e79c428076
1758,28e4483865f47ace085a38ecd2b1b6fc
1759,3e5203e3744fe4a2233c67803a0601fd
1760,b248ed9383f044cc5081dff16f1a5ffb
1761,a0fce9ba30e6fe5e458fe64e8e1058b5
1762,4b8903e6a1b9396a1ea20ae613ae9f5c
1763,99cc53070257b2de2baa4a994d50727b
1764,e40c72da84d5fe24c7ac99a8e52891bb
1765,0ad9bc8ecd1db4cf09965a8c92625bfe
1766,84ae742fafffee8693bcff2fa2f4b262
1767,8773420a922753c35fad634329bbed05
1768,98781e3b20d993f18ce39b530473b5a6
1769,454e304558a30909ebae964416f164cc
1770,096b3b3e11654c4dc4528ef4d2106e4f
1771,a5fc04a4a3fd05a5c113f750eb232121
1772,25269e2908ceb1bef2987b033cbc0abf
1773,a6e1a702a03d8a576f8b4b8f851d0f88
1774,c10f47573dd1e2aef76b1c11fb14bdc2
1775,d9955f077477fae0f8b1c712187bcac5
1776,5691f306f21e31f478a8bb81609adda5
1777,aca39e8f5b30ac3823a18181bef5c28e
1778,786e649d5e0655265609b29798d87f32
1779,5006c8d816d0036458c1d65093b3ce1e
1780,58a3cc34b0c06e11dc50da2d9b8539aa
1781,e69dd44f2373bef0a4eb18dda3dff549
1782,22c05d09168ac954c89e37f1efbf1261
1783,a485d39251728992cb9b5b9cd2678303
1784,5b47f36e21cad9eaf85776734a1389cd
1785,752def669de16d4fd465a8219485ee11
1786,2c9b171ed7cfb0213094ffa681abbba3
1787,1dd78c813b8fd0dcb183610a51149824
1788,3ade84a61b46fc0716217ec1f7d4844a
1789,49fa961791f810763dbce374b698f747
1790,6c11299270f2c4e87e0603f62b068778
1791,4d8abf9c7fed63af1403761516388762
1792,b2ec0d18198e50123450bf7891ea8901
1793,f921a0ea9e618640ab8e3702e31f1737
1794,53989bb555b77da9eb0ba9796cba4fec
1795,326c1931e6285982462fac6230704ebe
1796,4e79675150bedcfc6d4207e10dea7a78
1797,9cca2cfd71db4d2d34c1735ece1a794f
1798,7f80e7f3e303c3e799e6fade145f195a
1799,f695ad3166c1792f1bd9b98be3788ecb
1800,319def58f5045b897fdb954a041913a9
1801,9971aa7597a9fa722a70275ec04e3eed
1802,603c5cc2c6439b91800b6cd67c65df3b
1803,383a1e932620303ebcae3294cabdbd3b
1804,62bbdd6c3b1fa23ee941293982d1bf8f
1805,2f67d8681fe679a2da32c72b2680781b
1806,00e1ca8e7597b5084f9c7b7d26ce1bfe
1807,14ac9f6bd40553e3b9cc086815789684
1808,904f84d5eaf79033636aa78ac0199dc4
1809,51426f68c261314d676585090128d51d
1810,8a12e9e6106826f8d1dcf527205060c7
1811,fc38900c990592dff14494216ff74ed5
1812,6012ad7e5c16f60a19291b6284a325c2
1813,6d76e33a6e715844e0835e08ebd22b17
1814,dbe0cc42373d520faeb3601237892d3e
1815,a895537d8fb5d226c0f14fb0496bebb0
1816,eadf5b4dcdb7f6f5ced95d5b66d1aa2c
1817,74a2a1aa2d3c2c20285f94515df1fab3
1818,cf4b7171953d93e79b01daf1dbf392dc
1819,9785000cff515a80f8ffafc2c57d105b
1820,9cf50e98c22be70908047a50d7907e1a
1821,576ded18349e92f4dbdd6dfe85f8a17d
1822,c398dcdd4c8bb1b6f7258955f4760b4e
1823,f0e91559121ac96c8eb39c138db663b3
1824,0ccbe064c5ad16877e0b20bf9d293cb8
1825,635b947173706bf4262a98e682db1702
1826,ce2d79be429aa199c1185d02eb407b71
1827,465716eac0c87151dfb637d84eed275b
1828,7c2a38fac83a96176a8a259a72738477
1829,cf181f2c327c396db5b62c75eceec5a9
1830,812db62535216ce6702e0022f7437a61
1831,e0827252aa70c6ec087eedf9cd68828c
1832,0e02f43da28674c0c19261e52cf411e8
1833,c12d22360849562edf29bd14cbc55cb1
1834,70b99e1dc58736ebcd1aad6c621191c5
1835,f2de2f76058e1ebfdd9ebc46f3ca54f5
1836,84366836d32ce934f03d54a5ebb11e4d
1837,4db42b60b32df4410beb3d2e6e6772f4
1838,1e3e2cadfc6d6594967e53e5c73b8216
1839,dbfbaa91e9a162c324c0d84eb7d4e085
1840,d325f22a35ac83f7377cb51f65e7ad0f
1841,c2cb49dd73235539836ba892534ddb81
1842,831ba3afb9135e1f134469edc557f6d3
1843,8a4983cd9d234d510c40ad1e375001ce
1844,4eef8c8cf22d64b37c8ea5b8399aa551
1845,30b04a7e8da7bb4cc290fdace20e42f6
1846,b640974436e65c2b7475a2ef8a3891f5
1847,dd2d056458f8f8f65ed7dc929007215e
1848,1e651b9f4034c8d444c2648315a5ea64
1849,8fcec902b0966f78d9f538793748ff10
1850,a57ceccaf12d7d2baa4e08a6d21a44aa
1851,ebcdd8cdef8c4a3be90c0e9c1dca1da2
1852,69914d4e82d42d758f6e046b9adb5a92
1853,55bfa53421e666917311816c03af5ca4
1854,2917f383326677d9c980069d9648c23a
1855,a122b6f0c0bdb434f5bbb3be7087ba39
1856,6f86a4738a3ab993e1fac8bfc12a6d9f
1857,a3e9ba68f0d9a2d8559ce8dc1bf07a5b
1858,a68e88acba69b685e6a384b68043a44b
1859,94e2f06a667f88039ddf655810376282
1860,43de26050d23747579b569902e27897f
1861,e65d41ddca9bfb04fcca96ef54d44c49
1862,763dcb5cc69cb21a1654a55816db2342
1863,ce3fa54cff28c0faad348dae97a44c07
1864,b9e683ec04ef8a4e12429c52a907dae5
1865,708bdfa60e4848d603277839a0c2e7ec
1866,99ab695f82737ef983f9e29d69b422f1
1867,645f15206bee2c45b49f960c9647c475
1868,9db17faa1455594cb9876525d410f264
1869,4ae0a136302a01ff25f68918c91451a5
1870,9fe789b5a35c2bcf54118c2506f7310e
1871,b9c9dc32272245992038295e5773c576
1872,55a6cbb63cd51acc285b4dda0bccbd07
1873,a96c91141df7174751cd3f962c6a1397
1874,75aa8003d9ba77e040224707bcaa47cf
1875,67c54ca9887b8d6bcbfc39851d4eb20a
1876,2d368c4179ef579ad931e02aec39302b
1877,7370bce1f6d4a2f1690d4c6c623351a6
1878,66b40eee5f2267553a27bd1189d0928f
1879,0ae51784c3a7de59bc5d7b7e7be4719f
1880,29f158f66cc031dfa88f5214127e7ab8
1881,e8bf943deda34554ae7e7f9a8a77aaef
1882,45da2ae1adf5aff94793326fc4dfbace
1883,cf74020c8118f867aea941e3557b9550
1884,3b8df9e4887813b91cdc9d3937323d74
1885,fe74532191209e41e3455f7b29a51bc4
1886,d3ef86b01620cc5f48724769698fabe3
1887,741ff0bf6f6bde9281a5c28934fa87eb
1888,ec7184b49abf7748b60519996a1ca596
1889,a2c879e53d7d60efdf1ac03f12db51ce
1890,7625a52848943bd98a7cbbba97658117
1891,49d47fd3b1787dc1e9f3a883ebbd2e18
1892,acd631e96d442b2232f94e073d27bfef
1893,1d4e2fe92ddfc745f18f53934e97db06
1894,6b17533e16ad537c4049e661c0075f0f
1895,e23d0aefa96ff00b40c5123140dc526c
1896,734f0dae4b703ec0e36faef5ee936ea0
1897,baf6612c3185078024430d9ba1d532b7
1898,b6431bb7fd0b81dfbcb895e6d4f1b3b8
1899,509165f38aa93a114164e05e1438aea0
1900,781a39a83aea1e99ed068b494376839f
1901,6fdc2d7149585f1d9b0d6e19c1a5e05c
1902,15583d147b8e9f64263c9fd918f6774d
1903,82dc25316fb8f067470e404dcea02e55
1904,01892ffd74f5a3e6d4be7fa1418ef682
1905,d3b310d8f0c91fbc699c0f7154c16593
1906,bb4d54bced6135ba1bdeac94d63d7e35
1907,cb994efc3ecc53ccc60ddb70819df318
1908,cc97cf5ab561a08e7b17dcba31afcf46
1909,25833bec25efe24f1c54d741a8cbbd69
1910,78452e59d99ad1de903b41c8cc35eefa
1911,360242ce96eb06b8d418153f4bc683e1
1912,eba085285bce015d524bd244d9e1a8a0
1913,c53306c659b9ae4f638866ddd0fa02b9
1914,00932e7d7c2c2f91b02212b12acd6eea
1915,4dbf8b1c0bbaa0631a5485f7650418c7
1916,bdebe73c3ba8782b2c91d64cfa2d62b6
1917,3807041021b6551d644d8fac20b4242a
1918,3ab75a22da9174508ba3e836a7d84662
1919,2e462c581e68957ee5929fd394613eb7
1920,c022970605f704c53c0ef65517cccf7c
1921,340f291961e51267385ebbf6040271b9
1922,94d9dfee975a553de5a77c882544750c
1923,e3db3bf8d86322e1fe55cc48361a6f8d
1924,16ea156f685be3b71e4f0d831928678b
1925,69a6751e703b047954fb832f64b8d823
1926,c09187fb344baebe42b1159286905b72
1927,0110f03dce6655cd3084b924a0bc4418
1928,c3c259044a59a893af23dd54388830a8
1929,c4f567549425caf11afce30d74df0b23
1930,638a6a874846a7d174abb6710c80c02e
1931,42a720ddc8664ad8ab254b47396995e1
1932,7c5c6a5b2207ba8227e5de120166b7a5
1933,a0094bf0fe2f34e6a30e766ff29cb176
1934,691e72118380edde0c51862e4850a144
1935,ba5509c6dec404726dfa25afaf7a4a03
1936,005760458cd36e49eb8940a50e5843f3
1937,4eb598b963faeadffa40f2db09328aff
1938,73980b671947ee09941f3179716c2f2b
1939,60b2e339d0031b9724c137556198dcdf
1940,e527b0b8d57453af70158bcd5071c9cc
1941,26de249c1c1283e7afe44a77243063b2
1942,8dd71590cb7ee83505d24339093ee331
1943,f24d3942643bc934f71e2ac23c319155
1944,a053ad7319bdff07bb50dd90e5c9ab5b
1945,87f36856790bc31e1ab196e08869080e
1946,519f426a849789f55ee28b4de6a78954
1947,31f0a566843ec61a4366a6d59555d1d6
1948,d728a0021ac5e782492e19b6eaf78fe8
1949,502746fc34566495457cc7c0e64c0597
1950,63bc3c2f831cf35e1c2c93517dfc1d13
1951,4037438d88b4edfa13ffd0b1cf48794a
1952,4b46ccb06bc8803de4a5bf17f702e0fd
1953,fac05f7f3e2dbeb60b8345bca8e1085d
1954,fd685374ae85d92b3b7ecb4f7380e8b6
1955,3ef9576e10bb668b19dd666166ba791c
1956,79ec898c9080486ac668976c55bec8a0
1957,140b2d4aacb1a89bfe3b7b16750d9798
1958,cd13452938536fa95b82b4ccd866bae4
1959,ba34e74058b6d441763aaf59fec7e536
1960,9935563a208c49105cc80d161429655f
1961,0d0f66320d4c7bda28352fff0c8cd412
1962,cf58f4a9a5b6ce242277cc822218757d
1963,3d6c23f153f4de4e904250f8fde791eb
1964,a360b499699fc563bb254d744641c696
1965,9529fdf460be4a0190ad67e355247af9
1966,dd66253ea5348eece1af9a87792006fc
1967,e91a31b8cf847b0e4d58f31a0122554f
1968,9d5f22eadbd1cfa184517a5412f1560c
1969,5093cc9c0660e09d6f55ca951e8c5b66
1970,e7a22202ff1868d485c699d005223b29
1971,004d67ab38f6380a42dd4a2541b03877
1972,1fec8f18136a80fb499a553a52e9535d
1973,da9721176daa8a6d3052dd56ceea87d6
1974,4679a0c05806d93cfa21916e373b8726
1975,1c7fea5694f8bafa0f07951f10decd0e
1976,fe103b4f578dcbf46d3434f43fbc1c3f
1977,d46e906a7b8855d1c13338b3f1d3bac7
1978,d66151535f1c94fc73b6f6a3300b66e1
1979,ca251af4abe23b56e2d9c8fb3c30cd33
1980,49c5c45cf15c779df9c964e8f2c91508
1981,03ce9acbc08098b7e4b6402121c27cf4
1982,e1691746d52e902269559072b73317b3
1983,c60dde34fb2f1a819186e2c9c151bb66
1984,54f5221fa0e97c42c24224bbfaac3eb5
1985,c82e57476ffc4fbc562e441be1a1120d
1986,2ce5f202d73e71b7b690933e92b06161
1987,e312a673724bd7be6a6a43ea984a0f3f
1988,7edd21934ac34b56d2e049954b23b94d
1989,8e797c1a860dcfc91f5de4ed47dd8d2e
1990,77a693b3a0eb81d2bbb1b6bc2b682680
1991,fbee7dd5a45368f944eb152e4f611640
1992,ffacf7eab10dca90a3b5a5edc26c2449
1993,170bb939e10b806bf4d704dcb0c4ee2e
1994,f0e6c14c167cbf371acd8f25eeb65367
1995,d89ce8fab588c1cf55c51abe5c32d55f
1996,bca2538db93f5dea96024322ae1916c2
1997,f1884ac1a2b8469fcdedfff5bab0ebb0
1998,0702e047c5e0147abfb36b59b9baf4a7
1999,96a32a3c15bb21c65df60c2fbc718263
2000,637650c8782e234a64d7da2fed996a6c
2001,4305dbbf416bf24e62af414a1ef348ff
2002,e08f8e52e58d63153af583b271f2e4a5
2003,f9b74fae96718b996f4e9130cc97acb2
2004,87ff67febc3f33d05ac5be146ffe010d
2005,6e652eaf27011bbcae38c88d0ed5ee88
2006,c0932285f5d94626ae87198d78a49245
2007,90843f6c74819ad38a654a57ea87cd6d
2008,67a56353311f4390a0cc83c2153b9153
2009,91e680e5727a9fe23fda7d851e1fe268
2010,a1f77e92d3ade0cdac70b98b7c5f88d7
2011,ec76db61566c0311cf49732a2a707e7f
2012,5c57eedc5016759e06bbcc9ee40e2009
2013,5e985fbb75003aff5f94637c23c71822
2014,20459f67cf648d88029706da1580bb0f
2015,c42477dae98db9f9c81c09b1d0fadc75
2016,26b01eef999cd49d29111a356a75709b
2017,6cb9233e6d5d984737cc6bfe58c2f669
2018,1ffbff79b032dd8c72c47499185ac76f
2019,57e17bb7f2ebd51693af0b047908ba16
2020,79299d9bffe522d97216b01aff336489
2021,88e64c4cd582aa810bf1a56ec5b358f8
2022,8dafe021b339b2205840c13776928181
2023,93cd7f85bf922ed77b05e67f6ff28eb4
2024,7d5159a66f401bf703be8e1fb80ce8cd
2025,ce9a5ddfb4cc7c3bdcb5ddd67df782c1
2026,83ceb65d844e9f22c2a2dfabd4f5172d
2027,f060e2935439f9f2810d90297b857d2c
2028,53743114a48eac27662901bd3dd1989b
2029,008ab65a9093aed913b7871c01203dab
2030,42dfb40dd53a842a40d190f959bb1347
2031,638e2e0bf6fc055415caad8cf96c5b3b
2032,67b7472ddd9d0767cfecba52c5da6298
2033,9c90ab1ba71e6a48d88983a659b0427c
2034,f0c9c56b7883fff3808129c28f14ef23
2035,d8c96b4a40b4c3f7cd177c783fc05e5b
2036,d68a5a41bbba49ec5cf6f9ecb5fa58d7
2037,58c95cec3d30ad6726374a955ba0ea6d
2038,b4b24220df294e3238c336fb582388d6
2039,71d2da63b8f222a542cfd20d5f3f1c7a
2040,5f3f53d39918b86338fafba7cd5b080b
2041,ab499f14c3890dfd3f6889f08e3424a0
2042,4032e1af931893edc6c3a70bc7457f88
2043,9a43584af75b5dc2a41ac45a3bbc4401
2044,c8804c7aee6a58a857260ee7052c58cc
2045,85dcad2c60325a3cddbd9002ef4c4ec6
2046,e348c54e251b5895e597403ecb9f4426
2047,0a8d6a23499e5979ac6e451b397e6965
2048,fe77dbaf37d9066c114e5772f3060af9
2049,cce07d421e4931fdbb18553a8aecea73
2050,e5a21dafea450e1689c96bd8d248614e
2051,549a0de1af119fe261beb99cc2f05350
2052,a10930917878492eecdf04a854a001a0
2053,c28e1c12ac68c54dfdbc17f4f40c67db
2054,958e63f050125ba97b56d3501bf227e9
2055,61785dffe1d34072f20f6eabaca9f3ce
2056,1f4c8d55aec9b1e3f4a94130d32de2c4
2057,c319a17cad9d1cb63ae3099da6382b88
2058,c9a3276340cfd48b055b0f87336e9ee1
2059,9d71cfa3adcda53e0aa9e8b4147be8f7
2060,cbef20b16cae8f04e057128593e9057e
2061,c40390a66c37c0da82bd0bee15562164
2062,644c764944456f45fb7e8df23ff576a7
2063,87dcbe0b7e4076c4dd05659245999a6c
2064,ee5649a62015e814ea9c30d57977383d
2065,b60b0ed813e9cdf568ee427e389824fa
2066,cd5d81be1b2b7997a21a1057fc6c447b
2067,b0df9ade58d1eb783161c23f2a3931e8
2068,8884e775ee6f98cba45a417717260767
2069,edf7da2d699045382193a164f52b2f23
2070,f577b833d0dd18941a1ddc1cd24960b9
2071,ef51e9b1698bdc9a471488b8aed0dc42
2072,a61359b0842025637499b6b27c9b8369
2073,13cb2039d5d8d8e4cda7e566b81df32e
2074,f91dd4b23d4a4f2de9751ead247d500f
2075,fd2aa43ea38ac40ed25d977004182b14
2076,c16152892765ae2de648ca736f7e5214
2077,940d05e2cac3e73ecf37a0daa97bdcbe
2078,991e333c274442dc5d627fe94a117f7d
2079,02dbcb8b3bf4804494642438fc136a9f
2080,551f04776a8fe03dcb07c429434faee2
2081,b59cd87e0fd9c8fefc5e7a9279de1c05
2082,298000523633674478971a29bde1942e
2083,612f3d37d032d75d202f9a9b78e9605e
2084,004622477e959190c3d3a5f9f7dd43ba
2085,11e888afb535f53fbaa1bba17c0137f6
2086,110038f873f51d08bee22597795e33d5
2087,e6e0298810d6138e520e0e344e87b0f2
2088,416fd7a18d454284e49782e7f5c238fc
2089,86cc460648f6ec1a28b25a7034a7077c
2090,7a7eb8928744203f7b4617f2be3615c6
2091,b5bba0e820432d5d003ca876606b049c
2092,77a17a598de6d4bb9997171eaa563235
2093,fc2bf5529fcb92ae0ec8c9d9cbc9b75a
2094,e94713ac8ac2acda87e4d2df8e4b74a8
2095,582979ff1ba3176c2ecad59c6d95ab44
2096,cd7d8534676ca762979ec6d2af4540d3
2097,4e94dc61e1fe3d194be8ab70a0d7cb33
2098,f122fff763b93c001b5003efd85067f3
2099,45b89ce6b7bfc1ca1840ac110f238832
2100,08cca7ba4d1a8abb36223b8165cceeca
2101,d479c11c72940c0c5cce2e364aa014da
2102,309d210044b56afec79fbfadcbc8e89f
2103,87bc3a60a7a6fa4b1e6c95518601f6eb
2104,c819a9fd463a3cba34c02d625db14ca4
2105,e57a56507ed2481a57571a7055528925
2106,7a64d40c0d03010638d0442132ba6ab5
2107,2585432899cec74a0ab9108849f34657
2108,bf141337ba6567f96eff07fef99514ae
2109,a71cd5dd6f6b7f7105e9328b2df7b96e
2110,6b3d449eb61adc3051d37caa9fac6026
2111,890e1df17b81cb0a990392ee98f35b1d
2112,968a4fda642466dd7f2b416b246f3396
2113,fe8e662f1ff7df910165c43c31714244
2114,1f339a12da547ec9c7f955f689bd618a
2115,9b01bef499a27f16cbceb6414caead2d
2116,f16e7524021112e54f6a20e75af2582a
2117,befd8b0b929e5d2d53ea8b505c0d850e
2118,b70896dcf81a533121e8f3739bf95138
2119,f7e7a1b7026ecfb7cafd87043336c5b9
2120,b8c2465659aeb4521a2ce8042e71c8d1
2121,cf6623aade92eb27328b9d7f7af54a65
2122,a567dc4816210d1021d28cd65c309d26
2123,0b39182c88fb1c7e68975bbcbc263157
2124,44a284d25337840b97ba80c1b051a600
2125,50b0740551e70379986dd180ac51990c
2126,a974b66b0da29be65dd06113020e1420
2127,052dd922a98eba1e578c0fbeb3af4634
2128,438fc0c6d4bc0aa0a6043ec24bed7143
2129,627d25f61159e7aa29000518beb19ce0
2130,a6a80c21f731a84a1f480223cce06022
2131,bf5e15aeb92bb12f94868111eab5c88e
2132,a7d44fbc617d433c12751dea88827889
2133,e8e2b13e1ee14a989aee1f2bb9b4a709
2134,55c500339592861a8ec576e6630628b3
2135,b3d83de573a417c79ff877dbcf6af028
2136,f7ed6abce52381f7fdf3d90b92c1fb42
2137,127149aff2999a26d3901ac26d9e3aab
2138,db066aef0e44599bd97fc0f3437c19bf
2139,45eb05d25f36f81cd160c61efecd94a0
2140,eaa91adc59f8822dfeba51b50e3e0252
2141,7931a5d89edb0dad7972b1c65ba7a5cb
2142,b5f1d47072f142ff4e8ce5ae41f7302c
2143,0f7e5dddad018ba657a201d0cb2682ac
2144,a162ba5f01e5c1fb512ee801cb22e214
2145,f235f545b76415898879b85b6ba600e5
2146,0349a36c1c55eff8e8ca903318e3a994
2147,e443de7ddb167c13336be879379a9f85
2148,08af162f5d96dda9f3064c9c40482679
2149,61c8791117ed4c615956c0fdf108c805
2150,74fab9d1e0282155927de387aae9452b
2151,7e5cf00c74714771c156346a6aa7cd40
2152,b63168609fdc35377b509ff57e13fce3
2153,48c4857860a2f5c3ddd7b69648dbc290
2154,8448c0c77c9618b29b2c5ab8e6f15bf2
2155,8d0574e4916dac70ce7e849b079b5cd1
2156,e484885d66b07327a90fc2f33091c232
2157,c4d785d3077808e801c42f14ae503c59
2158,ab3cf4118882f2ab22539935d4f4b8d4
2159,5a4fa8beda1c33f7a23d1f111c499557
2160,676b072270e852c35a6806f0bbb24752
2161,829aaed13705ca46f9cdbabddb91efd2
2162,fab5b033b08cb013abb08f893b029356
2163,34862509cc473edb367c5e3a7d1414cb
2164,6aa72d1a8a70219f38dffca4344cbe7a
2165,82c762d5557b43f8f9dec8891e954d4b
2166,c487f16c8ff99d601b7f04fe30aabdd5
2167,d98d8cc398b1f1c097d33ce451792168
2168,3340b6901f4fcde6ac986cb6eedfc49d
2169,61f3bcacdc19235d521527b8df5a9eaa
2170,bb238995223388eba9136e86eadf36b5
2171,0605fa78193410876ad470cb14ff73d2
2172,6e356dc003a2db01f1ec2e72f374afad
2173,02b835396b4c94096932a185830e2f8c
2174,95c6dd95cba5742b8d03e1d6e6ba5d0e
2175,b8a939f6eca42692e25f1f8ac46e8b45
2176,455a866fdeb38723693966dfeef3f1f2
2177,a5d1ccff022602a5e0ed75f5604edb63
2178,854224bab65a9397c5e9c7392ea7a49c
2179,cfa6625c4ee62ead896c419428131d4c
2180,9700ef3121fbaba7ca92b76a5f1ceed6
2181,dbcb36bf45ae8f3efd2dabd701d0ef87
2182,7bf2b94562fd74f1b7fe4df198fc1e7d
2183,4b94cec585b14502807ef0e2af7f7c3b
2184,4f0be5de11b3ce479624a86ee598a80f
2185,338ddf3d13f0303656f235eeb1e9b604
2186,cbb0ff2ff2ecf7cda377c8edebd3eb84
2187,5078ee17efebee1569dbc93784a303bb
2188,c289c3d40d66a68178d89b43fee3c759
2189,adc78f6080621eb432053ab8fdce8fbb
2190,ca443c040e2b09b9eba8be95a1afdae1
2191,6ff71e337f9b7a99f58a27b72c952dd8
2192,9a1ae702dc95207977763b2ea469cea7
2193,7fba39ed6bdad3324ae32cdc6083a91c
2194,73d545532aa3a6f014dfaafcc4e9c676
2195,f2e5e617e1abc6a55a4232db881f9cf2
2196,04483b0227c26f9f90878bcc7ec8bc5e
2197,94c482b1fb9a85dcd72d53e51d9cea6f
2198,10f5c448e3bd36d4b5e2d07c56b67b35
2199,9058ad631416a3d19a325aeba76b24fe
2200,ef0fe7db70b3c561cdb6c5b0cec1a5ab
2201,4e107c5b773762a28098352c4faa63f6
2202,f9f3d991b40f9ac772dd6c6e56bafa13
2203,eeda210c982d9e617e85e341469dee66
2204,929f89a9992151241301dc0bcd37f3c3
2205,7037901a5ca5b65311ee44ec15bd5d40
2206,00ddee5e1ef0edb251f82367b15f3277
2207,d2ccc35e3227bffb107b539e0ccf7b99
2208,b8c5a0da82b907a46fe941f44541d079
2209,e079154822f97d5891e74b829c29eea7
2210,23297cbcee90c9ade36a8fe39edcafb2
2211,8e4194213fa774b74456b1b7dda08f96
2212,0a91f10c7cd5bee0c71de4aaee83745b
2213,eff99de19259a92154fb2fddbd0c80e0
2214,e7afb0ca99ef40a943db7e807367ed3b
2215,b932590a6bfa7b47fa978963d4d55629
2216,fb6f3fba974defc9a9666e54e521a4b2
2217,3b7a556f325bc00d133290c9e15ef845
2218,df0c53979ee88f17536e8eb309f4a3d8
2219,d82002d2b896c82a7192e8f0d5952637
2220,a35da2cacacd202b129da675ad7a4b1a
2221,73f81ca0eea891bb5f4891ca746c7270
2222,fc07d97779df444eb15cea03f63c33ef
2223,1af44f92fc7787e6b6374f5c2f9ca644
2224,a900eaa451537cb18194ec38078af68d
2225,24f032e9a3fdb983445dbb8a64d1df0a
2226,a9f5d1899d3fc45d87fc021dd937ecd5
2227,506b30291a2a60389ffe343acc191a3c
2228,e1533f80361d8b129efe1b4809998882
2229,6c23882892ada5d1f8c085468cdd5ce8
2230,b2b376efe4503b72c66acc46bd0f2d58
2231,015425616b68b078b1b9054560bce626
2232,d57d99678d03b920e83dc01d4f06123b
2233,9c254ec6b49d8ac4880bb9e04c7fdc0a
2234,b014c7ab5e3afc299abbc1c1bedbfc1c
2235,4b5271c134d42a2b872da1ad83740f4b
2236,b38e87c8b3757604f41ce0f03fbd88c9
2237,6b59faa6671010110522f198f2c5b599
2238,fe31fe0a1feb236c583c2f834c6fd7c0
2239,f535178ed78dca87059703113eb0ca0b
2240,66af0950327c450f1ddf2b7c5c334464
2241,9df5c955274f13e5fb45346a0918dc41
2242,34cf8f62dd3c699a2becd526f3c33c19
2243,d6acec6a5a090622c524e3b2cf0d3c1c
2244,586be0042ed468740113de2a15399fce
2245,ac23f321e28eb51aef035899974169f3
2246,261bada4dca746d1f81e2ce50d204926
2247,145b278875b599934bbdceb7e33f4d5d
2248,b27203ffbbd31775e2a6fd9a4cd05310
2249,c240e1f52246f7170deb6e4d2bbffb96
2250,00ce6afbd55cd8557ffff8fa59fde6a4
2251,d88722f21e35e0b858ce016b8f0f8d3d
2252,cd59b449cce3883a2d2bde695bdaf431
2253,be53f1f69082bf819e0798cc956a4947
2254,757e5df60ec809cdd7b594f61c176eb2
2255,c36090087e69399e1552046d44ed1b3c
2256,3ee15cf799d6b61c7e77dfe401e8c2cd
2257,6b47c0f6c3c7d0a27eaef7f544083e46
2258,b5d81e95f0ab1443f36f42c7020e46d2
2259,535e03ec4ab224111ce0170c3d315630
2260,2b1a60fbf0812fccb5d03749a8648581
2261,bd8f8b780e617683f89ae299451a85c8
2262,2f4131de41f04569c8613ab5468f7a37
2263,437ba606433b92fd7375505832c4b6be
2264,9d07961a44ec8e9274009059f8810ccf
2265,79b733d3dde03455d99d2a759919af34
2266,6bff92f23c78c05b817a07ea275c470f
2267,6b44eb4a90f499a4e05815c4a0b1dc10
2268,fe2e5e4490adc2972deb74c73aeaaee0
2269,00b013270022b6c1780f0057cea427f2
2270,4f3e6448b421ef4a49c2a6e9092eac31
2271,8927737713f39f20482e8544a4ff0b56
2272,ddb9293bc6638a51eb12c1324258fbd9
2273,622a7073c685e5b1caad20d43d304d64
2274,afbd1822658e88d4625f2fffde4f5c8b
2275,18411506234826f65324accf849e5064
2276,ee91f2b0a5851af5df5469773b34b52a
2277,f51fb573065deb59800d4109121d9cab
2278,aad3a4dad319b0db88319f0dfd399698
2279,b6379f0c415b31e7087a52cf7d2dccd1
2280,c619190100a6b5bb7a01097781a9af4c
2281,a02d6918cbbe951821fa7b054f88b036
2282,6642a73ee489271cc6478c461e708cca
2283,28a3d3f019c94076c09c1df97cdb5b8d
2284,918f7ee54dad41fa7d836069841b2c1d
2285,a2f838f29fe99ccec18d99a33058ce09
2286,b486f619517c68578f8b0014623fb111
2287,347557239067647c209df9b13cfa16a6
2288,33ffa6e2c9650230f60d7866bcfe7a42
2289,94566022703f3ed24215256ffb62bbf4
2290,6267ac9cec547d7209c7772ab974ed87
2291,d17e4ec04304e6db2f8e2b168a8ef135
2292,bf5d626492eea2bfd30e4809fce49dce
2293,db229702bb34650ad9acf5d25ae4549f
2294,878e3822ce55220bb5c516145261c370
2295,401373fd24eb139ea03556f59a421443
2296,44372a8961bad9471c8951760fe89e4f
2297,8d19c012c34c74ba1676e8818fd48b63
2298,5d895f9488a42e6f774b05b97591ab66
2299,57357d59ef9bfd2234670912eb218e2c
2300,2f474934cbc87345e50fa1461fbe8c94
2301,6d15683daf2f47509c530ffe9981d4a6
2302,9d8e81e5bc1d6642bf4367e1c736f769
2303,01bd78fef0a03f309871cd6d41a12227
2304,dc4debe9f36a04989c3e270c93bf3979
2305,73dd91a110eebbac0fde9ac8a0b87847
2306,a5d2f592ec5e4df337ec4d7eba6f141c
2307,3db0df7bbc9d8f4a6b9bbe8e8143bfe4
2308,f45c410fd76cee598f23d1cb06edf3b1
2309,8aef23b0d2b62eb7e7df3701a62b4b33
2310,3dbcfe29fae9a943f7954e5754413618
2311,df482b96f898d5f264fb1a5710f5578d
2312,513c4bc7ed1ccf95b7b67c526a0ea716
2313,365a9d00856f4daa5533c09fba570737
2314,89458371ec65ac815d2d96920ed90741
2315,c63f332b618161ec8ec73d7842965903
2316,9fdbac9f48ea3a7cc7c3ba381794f09e
2317,05e514fe296dc304eaac4a9da6af3c8d
2318,c3b96dd23b1344a1963f93eff3f9dce1
2319,d853b39a51f825d981f6bf42770147ba
2320,a966e4c4f4a5be8907462f015ebac694
2321,ef880b25cbd8517a15ead3b77aadba85
2322,56ef006e351ed13e6ab5ee0127244fbd
2323,6d8cb92fa6f2fee4dd3c246a88cc71a5
2324,c303e41e863326f3c637836eee089cc4
2325,c0681d3e0f7091b774cc7eb665363eb1
2326,c3a78d801898dd6c30ec14e4d1db28d8
2327,a501262b072701ec5bf1784d9db49af1
2328,75514bcae0f0fe4dc82de8427e746c53
2329,986a7e30b4c9a14da751b07bbf311a4c
2330,100cffbd70592d14b045190f8f44a439
2331,fd690e8a482aac38f33cceda3c4882c9
2332,e2795cf323afa3d17f2df5b09b17ba83
2333,c2757c6794194dc6c5d04d2db1567503
2334,6cab146b091bbe806c5a5dc230012dfd
2335,32be11eca5d6c79719f8d14d800ce011
2336,760ef7c78a4da5c082826c3d44d1d28b
2337,bfb2324e2c2af3c39753d135b0986703
2338,1a8c05d439ac5294190f0debe497e519
2339,8d5f85773e4ad77f0a1d967d65ebe461
2340,b12208166e1e3bb8230fa9827188adae
2341,dafa63f093f9b2cf765e24d0471ae26e
2342,fd26df0e6816133ab766336c11b0cfae
2343,826da9af6c6511c7bfacb70e9e36d55a
2344,dc9876f037551a801dcc106e573670d7
2345,7488817da05de1fc3faf932fa0e18bd7
2346,575cdf441fca686b4cee95bbd625d1da
2347,8486d53349310865e3e694178305f99e
2348,f95d8719b2b733c4af5a0c6981d1b65e
2349,a2ab3bc6178efc6b7831a7935940b0f2
2350,6f64eaf37cc8909c32d563ef8dfd1261
2351,c7d0b625b8816dc497a41d66843d7081
2352,55616c0046e0cf2d737d490bb37475d8
2353,88b92d5dc12289d7607899bb90cbc5b0
2354,2e2d5c9a7cba5e06ade508abf4003a79
2355,c9d4a0535815e0bed98b8427cc0bc6f4
2356,85107c4723c035834d92b0e90ec8eac5
2357,c96e03ff57444cbad7916e9aa87ddb07
2358,78d977ccca073d8d35eb1ff9b9b77a79
2359,071328105ace8b23a302097f5d9d92ca
2360,cf6bb04f5d540562a28fcf058d43054b
2361,dbef9af04751751c789a8a7b6270433e
2362,6040a6de1eed467cd901511a4f7c003b
2363,53fe3a90b115ee8ea84d8cd561a21fe9
2364,3630bfa57525b02f2e6137c9017551b0
2365,0f2e906cf51fcb6a1ac8028c5e7b00e0
2366,a68fb821c3460a2190d558221fc56855
2367,6f2335a6e97478d8286e91a32c1e4287
2368,a54c936794b6195485dd51dd913aa452
2369,8190e9c08a13d6b07b95fc179ff9a833
2370,cdf682ddf62e9e97943cc64410c84a60
2371,7a43a62569875d72cd0d986729bc2478
2372,3295e04a5e75a75751c5144463eff39e
2373,a4de9ea54266905d80e6c37cb9ac54a5
2374,c75e2cf1ff3814f6da3ef8e78ca36c99
2375,af770948178c636ddbfabe9eb0e7de1d
2376,2769b7157adcaa1bfad8cc8fd2afe9b4
2377,5552727d784ba95b70f8437fb5c82d2f
2378,5d9b5f19140d0d44949f05591942f146
2379,a205dc02b76dd89ecadd4305652c88e5
2380,0be55c0c99f6085f56e89c33adbb5fb3
2381,15b3b70aeee4c2e3fe9c2d142749664a
2382,36b5f70111bbf09f96901463efe2f2b0
2383,213ee1cfee4e90495076ea44c1bab6f5
2384,8bff259fb65a5d6139f0470b073a859f
2385,6b8aeed6e8c4691c6db848b707dcd361
2386,1cbb990cdfc2e3433ab841bead011d04
2387,94ca6fa1a189f0feb886a19737db47fb
2388,d4344e00eaee695da29cdcdd07eb2be7
2389,3875af8835f4b3328d9ee94255debf61
2390,a869d9fcb95398ccdd31cc53024b791a
2391,86b2eb3780a266a1d81f035dc9893ce7
2392,b7a5e1609fc78eb286ee26b9d4600050
2393,8f8fa60044760c13a3a87a5209147e6c
2394,54ec3796ebb67ae515051bd0ec524545
2395,dbc0315d127e8e37a6f07a7c9fab1062
2396,55bded8ba097b1c5e8fc85b60ca4db8d
2397,c94a033a78bac6945fe22ced25cebc93
2398,f8d660a516402443118b014a63d77df7
2399,d61164af550da22e776020db917837cd
2400,e5cfd6cdd8b8b226c34e51c42cfe5e68
2401,1f38fbc44d51e281bab6efc9bb419a58
2402,c5fe3f01a40ba89e85e629d792e0202d
2403,726181b6cb0da935058ef7c3d86a67e0
2404,ce330ae536c0997c9b7dc7ac8e5ae21d
2405,b3703918ff136f6e695ec441b18a36c5
2406,01f5483c60f5101adca88a300bacd4ce
2407,c9296bae7fe557f2b38a18dbca7d5bbe
2408,92acad7e75be1a58e81245a01d36588a
2409,3140455fa2326d17605101643114e111
2410,489cb1cbe069aab9830a8d7f93ba28c0
2411,7855a93014de406503deb8bc7108e88d
2412,8a8a0ab3ac28181631c24077ecd4707f
2413,3e51548cea372eb6194281c08c81ff1c
2414,d6f0a302b35bffd44d1aeac626c9ec72
2415,60aef6ef8f7bafe89b6a675395858304
2416,b51170df54d28b83dfabbd12df7e3115
2417,5f8e6e53894cf079583a43e52a112cf9
2418,8767ae6ff4b099c03c536ca412cd4447
2419,6b3c1a6b5f393119ca62317e3c45a925
2420,22e3506b45e7b45c8c7ee80b19873bd8
2421,d0e2478bfa3aed82bbb3de77ad1e0201
2422,838f584e1d94bd793046ebcce1af5751
2423,08551b16abf88be82e17f31252bdd468
2424,8e06a717770afb88eb3ef8c935a0ef50
2425,5790abcd42c29164e9a461ec1ba86b8b
2426,717287418e1367959fbd05e9dc3fb248
2427,5b1794cb0bbb5b4418952f8888d86435
2428,0497bab99b48a8797e97f4a47350746d
2429,370a69deac5115e5abb69a41d937f51e
2430,cef3bb05ae7a069ee5c28cc173338480
2431,67df0b01ec4925a79e7f73bdee2746cd
2432,5db1cbfe42657320a20b1a6bd58caa4e
2433,41896d1e7b6a37878b23cdd58a563b7a
2434,1185bf96703c9f54121567cdd65d3fde
2435,c94f4bae72a1cd59c201afd729ab6d7d
2436,4f019ac3fc5b9d4a4b5bdcb9b618fd73
2437,6420e87e1478a5a809426a2b4a9ba8ef
2438,109945a530450b327ebb6f14c59ab99f
2439,a70edfa8c25d93f794b4054d4c38be17
2440,aa040b17da25f872d18b9d0c29481cb6
2441,5b9ecb15d00ec309a64509008b135a3c
2442,378b2545d02716e4f362f403b6e3162f
2443,ed5ed0c91ef11e24908bec4e2d6ccd7b
2444,ebeb3e449b855a040fbc94a1e0a452a5
2445,675d9e3978e18615a4756bce15f02ae3
2446,48d52ae3682b5aca1b4eb6715779015b
2447,279cc504fd42f26dae4a72233220bb51
2448,9cf87516661b3b1bc10c0aac1302fc60
2449,4bb59d4fe0b0ef26acf0035f7ad50402
2450,703b95e2e0e8cd570902592bdae6fb38
2451,c5240513d8be65688953eb6d537aa618
2452,f0f5cda528e1a00f5062152325a9b1e2
2453,94fa6e582cb4c982128539ecc738c186
2454,b54f34aa9eb7d78980dc5a6f0b150fe6
2455,9686558073206ed9eabcf7e6d0e8de60
2456,b5290aead70d535d8dc598465d0641d2
2457,93476cdd50a77fde9c8ff1cd8a1e97d2
2458,d245f714312701495c2ea359432f6276
2459,3cd2241f747951ced92a04a57e696042
2460,5e08adfb98a390c3880f542e4c764eaf
2461,50684ea3c573545ed3511ca00d4bcb56
2462,b3b65e14a19d6cd54730b7cfb1c1ae27
2463,447e2a30157c7fb8fb599a64a9d4190b
2464,339b8d7cdc84692b69343b3214812c1e
2465,a40b2fc229484a7b9b62177f6ac30ba4
2466,2e7cd6a6117cbe474841ecad6e567b3e
2467,7c222d5cec10df2e63c94d8e31dc15d1
2468,d8405bfbcc9ba7e95486b397cc4d44cb
2469,f3e84c744ab3dc5bf6df6641b83762ae
2470,a8e22fed59631547d8473e1d96e2c83f
2471,a3542b3e6fb486de81a7493d4f290c47
2472,f5dea3b6a3ce0c37c65dd81130fefe13
2473,b2e3cef2ad0839a0ad36a5eaf3ff4f53
2474,7e6a65caddb6bb3f064104f9b6cd95cc
2475,f344b99b8ee1960cd627abc6f5848e18
2476,b87df01a7997f41d6b4a747df4b31b5e
2477,0d5e8c71ff85f5640510e50bdf3bff7a
2478,f9a1b8413fe5894031af814dd6dd2993
2479,8a8e90e7054a5191df61fe30eaf6e6bd
2480,98a20c496a609970b3e03ccd932f033a
2481,bd547677846354b8847ef66615316e96
2482,b101c8cbd7765694c687ecf49868047a
2483,202a35985875ab3181a2e9f59f9de6da
2484,3248e05fcc2d882ab283fd4747aa9b83
2485,c2101104b4139787de45719bf613d864
2486,1185615e964890c5859b7468e9bd4373
2487,84755b41de266ceaad8135b876255a3a
2488,9541453b14ada194eed15e9f1257fe89
2489,d59a4fe37991c9d8f59424320a8a0a61
2490,bf6a106cd1c5918bc1ddd5be2c0ac9a3
2491,aa54b750cada0ebad9838fe467c6ebfd
2492,d17868370370c931bef6df862f0f0ba2
2493,8862c64a615a600efb421b0579d4d1e9
2494,5883388d7b07a9cef6e12cc24497cae8
2495,1649128ce8a35052b27d2d1592d6664a
2496,604619b758252fd81b6f6e3de6e3145e
2497,b52066702dd6a14227c64086c0e2eb44
2498,adb61eb3d5188c6c2d003326c0411a6e
2499,de2dd896031cc27e6a7baf12e474e718
2500,0cb64ecb2edd842fd7ddc238d1f13097
