N,window,ghost_count_mean,ghost_residual_Q_mean
500,20,4.75,37.375
500,21,8.25,30.208333333333332
500,22,10.375,17.75
500,23,12.25,12.458333333333334
500,24,13.791666666666666,9.125
500,25,14.916666666666666,6.125
500,26,15.666666666666666,3.9583333333333335
500,27,16.333333333333332,2.5
500,28,16.666666666666668,1.125
500,29,17.166666666666668,1.5
500,30,17.458333333333332,0.9583333333333334
500,31,17.75,1.0833333333333333
500,32,18.041666666666668,0.5416666666666666
500,33,18.083333333333332,0.4166666666666667
500,34,18.166666666666668,0.08333333333333333
500,35,18.25,0.16666666666666666
500,36,18.291666666666668,0.125
500,37,18.375,0.20833333333333334
500,38,18.375,0.0
500,39,18.375,0.0
500,40,18.375,0.0
500,41,18.375,0.0
500,42,18.375,0.0
500,43,18.375,0.0
500,44,18.375,0.0
500,45,18.416666666666668,0.125
500,46,18.416666666666668,0.0
500,47,18.416666666666668,0.0
500,48,18.416666666666668,0.0
500,49,18.416666666666668,0.0
500,50,18.416666666666668,0.0
500,51,18.416666666666668,0.0
500,52,18.416666666666668,0.0
500,53,18.416666666666668,0.0
500,54,18.416666666666668,0.0
500,55,18.416666666666668,0.0
500,56,18.416666666666668,0.0
500,57,18.416666666666668,0.0
500,58,18.416666666666668,0.0
500,59,18.416666666666668,0.0
500,60,18.416666666666668,0.0
500,61,18.416666666666668,0.0
500,62,18.416666666666668,0.0
500,63,18.416666666666668,0.0
500,64,18.416666666666668,0.0
500,65,18.416666666666668,0.0
500,66,18.416666666666668,0.0
500,67,18.416666666666668,0.0
500,68,18.416666666666668,0.0
500,69,18.416666666666668,0.0
1000,20,3.625,35.625
1000,21,7.375,44.041666666666664
1000,22,11.666666666666666,51.333333333333336
1000,23,15.291666666666666,48.75
1000,24,17.958333333333332,36.5
1000,25,20.25,26.291666666666668
1000,26,22.958333333333332,23.208333333333332
1000,27,25.958333333333332,23.791666666666668
1000,28,28.375,16.083333333333332
1000,29,30.666666666666668,13.833333333333334
1000,30,32.208333333333336,9.833333333333334
1000,31,33.875,7.416666666666667
1000,32,35.291666666666664,7.916666666666667
1000,33,36.666666666666664,6.333333333333333
1000,34,38.0,5.583333333333333
1000,35,39.0,5.833333333333333
1000,36,40.083333333333336,3.9583333333333335
1000,37,41.208333333333336,4.666666666666667
1000,38,42.333333333333336,2.8333333333333335
1000,39,42.916666666666664,2.0833333333333335
1000,40,43.333333333333336,1.375
1000,41,43.916666666666664,2.0
1000,42,44.208333333333336,0.9583333333333334
1000,43,44.875,1.875
1000,44,45.541666666666664,2.3333333333333335
1000,45,45.916666666666664,1.1666666666666667
1000,46,46.416666666666664,1.8333333333333333
1000,47,46.75,1.0833333333333333
1000,48,47.125,0.875
1000,49,47.583333333333336,1.2083333333333333
1000,50,47.916666666666664,1.0833333333333333
1000,51,48.25,1.0416666666666667
1000,52,48.375,0.25
1000,53,48.5,0.3333333333333333
1000,54,49.0,1.625
1000,55,49.25,1.0833333333333333
1000,56,49.416666666666664,0.6666666666666666
1000,57,49.666666666666664,0.375
1000,58,49.708333333333336,0.041666666666666664
1000,59,49.958333333333336,0.625
1000,60,50.041666666666664,0.4166666666666667
1000,61,50.083333333333336,0.20833333333333334
1000,62,50.25,0.5
1000,63,50.333333333333336,0.125
1000,64,50.458333333333336,0.375
1000,65,50.5,0.125
1000,66,50.541666666666664,0.041666666666666664
1000,67,50.541666666666664,0.0
1000,68,50.541666666666664,0.0
1000,69,50.541666666666664,0.0
2500,20,4.125,36.75
2500,21,7.75,63.166666666666664
2500,22,11.375,78.75
2500,23,14.958333333333334,85.16666666666667
2500,24,19.041666666666668,90.0
2500,25,22.416666666666668,92.375
2500,26,26.041666666666668,90.41666666666667
2500,27,29.166666666666668,79.66666666666667
2500,28,33.083333333333336,75.95833333333333
2500,29,37.333333333333336,75.58333333333333
2500,30,41.666666666666664,69.66666666666667
2500,31,45.708333333333336,61.541666666666664
2500,32,48.541666666666664,50.333333333333336
2500,33,51.083333333333336,42.666666666666664
2500,34,54.458333333333336,38.916666666666664
2500,35,58.166666666666664,32.083333333333336
2500,36,60.25,29.333333333333332
2500,37,63.166666666666664,25.875
2500,38,65.95833333333333,24.041666666666668
2500,39,68.29166666666667,21.041666666666668
2500,40,70.16666666666667,16.625
2500,41,72.75,19.791666666666668
2500,42,74.58333333333333,14.541666666666666
2500,43,76.91666666666667,15.541666666666666
2500,44,78.79166666666667,14.666666666666666
2500,45,80.5,11.875
2500,46,82.29166666666667,9.083333333333334
2500,47,84.45833333333333,13.208333333333334
2500,48,86.54166666666667,10.458333333333334
2500,49,88.54166666666667,10.208333333333334
2500,50,90.29166666666667,8.875
2500,51,91.75,5.583333333333333
2500,52,93.41666666666667,8.541666666666666
2500,53,95.33333333333333,8.333333333333334
2500,54,96.75,8.125
2500,55,97.91666666666667,6.125
2500,56,99.08333333333333,6.208333333333333
2500,57,100.0,5.291666666666667
2500,58,101.41666666666667,5.625
2500,59,102.41666666666667,5.083333333333333
2500,60,103.41666666666667,3.6666666666666665
2500,61,104.875,5.833333333333333
2500,62,105.875,4.125
2500,63,106.75,3.4166666666666665
2500,64,108.20833333333333,5.458333333333333
2500,65,109.16666666666667,3.9166666666666665
2500,66,110.0,3.375
2500,67,110.91666666666667,3.3333333333333335
2500,68,111.91666666666667,3.5833333333333335
2500,69,112.70833333333333,3.3333333333333335
5000,20,4.083333333333333,40.791666666666664
5000,21,7.958333333333333,76.45833333333333
5000,22,11.916666666666666,101.54166666666667
5000,23,15.541666666666666,123.875
5000,24,19.875,142.0
5000,25,24.083333333333332,160.54166666666666
5000,26,27.791666666666668,160.75
5000,27,31.541666666666668,168.45833333333334
5000,28,35.708333333333336,174.83333333333334
5000,29,39.625,173.125
5000,30,42.875,159.75
5000,31,46.208333333333336,150.75
5000,32,49.041666666666664,133.41666666666666
5000,33,53.083333333333336,135.875
5000,34,57.083333333333336,130.75
5000,35,60.25,117.16666666666667
5000,36,63.708333333333336,112.33333333333333
5000,37,66.45833333333333,97.08333333333333
5000,38,69.79166666666667,85.875
5000,39,72.95833333333333,82.375
5000,40,76.41666666666667,76.83333333333333
5000,41,79.375,72.29166666666667
5000,42,82.29166666666667,62.666666666666664
5000,43,85.75,61.916666666666664
5000,44,88.91666666666667,59.583333333333336
5000,45,92.29166666666667,53.166666666666664
5000,46,95.08333333333333,52.458333333333336
5000,47,98.125,48.75
5000,48,101.5,46.083333333333336
5000,49,104.375,34.416666666666664
5000,50,106.16666666666667,30.041666666666668
5000,51,108.54166666666667,30.041666666666668
5000,52,110.91666666666667,28.791666666666668
5000,53,114.08333333333333,29.5
5000,54,116.91666666666667,29.166666666666668
5000,55,119.08333333333333,26.416666666666668
5000,56,121.875,26.875
5000,57,124.125,25.0
5000,58,127.0,25.708333333333332
5000,59,129.91666666666666,26.5
5000,60,131.875,23.791666666666668
5000,61,133.95833333333334,20.333333333333332
5000,62,135.54166666666666,18.0
5000,63,137.83333333333334,18.583333333333332
5000,64,140.0,18.625
5000,65,142.25,18.583333333333332
5000,66,144.375,19.5
5000,67,146.5,17.291666666666668
5000,68,148.16666666666666,16.375
5000,69,150.45833333333334,17.083333333333332
10000,20,3.6666666666666665,36.25
10000,21,8.041666666666666,74.79166666666667
10000,22,11.708333333333334,104.66666666666667
10000,23,14.791666666666666,126.125
10000,24,19.5,155.375
10000,25,23.291666666666668,172.70833333333334
10000,26,27.375,194.83333333333334
10000,27,31.041666666666668,210.0
10000,28,34.291666666666664,220.375
10000,29,37.666666666666664,233.25
10000,30,41.5,241.125
10000,31,44.75,243.45833333333334
10000,32,48.166666666666664,255.125
10000,33,52.458333333333336,255.91666666666666
10000,34,55.875,255.08333333333334
10000,35,60.208333333333336,260.7916666666667
10000,36,63.791666666666664,262.0833333333333
10000,37,67.125,262.7083333333333
10000,38,71.375,256.5416666666667
10000,39,74.91666666666667,247.875
10000,40,78.875,238.375
10000,41,81.58333333333333,225.125
10000,42,85.125,218.79166666666666
10000,43,88.625,211.125
10000,44,91.91666666666667,203.54166666666666
10000,45,95.04166666666667,190.91666666666666
10000,46,99.16666666666667,187.91666666666666
10000,47,103.125,179.75
10000,48,107.25,175.75
10000,49,110.625,164.33333333333334
10000,50,114.04166666666667,153.125
10000,51,117.08333333333333,139.79166666666666
10000,52,120.66666666666667,135.16666666666666
10000,53,124.0,124.83333333333333
10000,54,127.70833333333333,115.70833333333333
10000,55,131.45833333333334,113.625
10000,56,134.16666666666666,96.875
10000,57,137.45833333333334,93.875
10000,58,140.5,83.33333333333333
10000,59,143.16666666666666,80.625
10000,60,145.70833333333334,80.41666666666667
10000,61,149.0,79.0
10000,62,151.66666666666666,68.875
10000,63,154.83333333333334,66.20833333333333
10000,64,157.5,63.916666666666664
10000,65,160.54166666666666,59.083333333333336
10000,66,163.45833333333334,55.708333333333336
10000,67,166.375,53.625
10000,68,169.83333333333334,54.208333333333336
10000,69,172.25,47.75
