N,seed,eater_cid,eater_n_core,n_unique_ghosts,n_total_ingestions,total_received
500,0,12,4,1,1,7.0
500,0,13,5,4,4,22.0
500,0,19,5,1,1,3.0
500,0,28,5,1,1,2.0
500,0,43,2,1,1,5.0
500,0,57,5,2,2,6.0
500,0,93,5,1,1,8.0
500,0,97,2,1,1,2.0
500,0,100,2,1,1,3.0
500,0,105,5,1,1,2.0
500,0,106,2,1,1,9.0
500,1,19,2,1,1,2.0
500,1,29,2,2,2,7.0
500,1,30,5,1,1,7.0
500,1,31,5,1,1,10.0
500,1,54,5,1,1,5.0
500,1,65,3,1,1,5.0
500,1,66,5,1,1,3.0
500,1,69,4,1,1,6.0
500,1,71,4,2,2,6.0
500,1,72,3,2,2,8.0
500,1,85,2,1,1,3.0
500,1,88,4,2,2,3.0
500,1,97,5,2,2,5.0
500,1,100,3,1,1,7.0
500,1,104,5,1,1,2.0
500,1,106,2,1,1,6.0
500,1,114,3,1,1,3.0
500,1,117,2,1,1,4.0
500,1,119,2,1,1,4.0
500,1,121,5,1,1,2.0
500,1,125,5,1,1,1.0
500,2,19,3,1,1,3.0
500,2,23,4,1,1,10.0
500,2,30,7,2,2,19.0
500,2,38,5,2,2,14.0
500,2,43,2,3,3,12.0
500,2,60,2,1,1,7.0
500,2,68,5,1,1,7.0
500,2,71,2,1,1,11.0
500,2,75,2,1,1,6.0
500,2,79,2,2,2,3.0
500,2,80,2,1,1,3.0
500,2,82,2,1,1,2.0
500,2,108,5,1,1,2.0
500,3,1,5,1,1,6.0
500,3,31,5,2,2,12.0
500,3,34,5,2,2,9.0
500,3,60,5,3,3,18.0
500,3,62,5,3,3,15.0
500,3,66,5,2,2,6.0
500,3,78,2,1,1,6.0
500,3,81,2,1,1,6.0
500,3,85,2,1,1,3.0
500,3,88,4,2,2,8.0
500,3,91,2,1,1,3.0
500,3,93,2,1,1,4.0
500,3,97,5,2,2,12.0
500,3,100,2,1,1,2.0
500,3,114,2,1,1,1.0
500,3,128,3,1,1,3.0
500,4,4,7,1,1,3.0
500,4,11,5,2,2,8.0
500,4,12,5,1,1,3.0
500,4,15,5,1,1,4.0
500,4,33,4,1,1,8.0
500,4,55,5,1,1,5.0
500,4,57,3,1,1,3.0
500,4,58,4,2,2,14.0
500,4,65,5,1,1,4.0
500,4,68,5,1,1,6.0
500,4,73,2,1,1,2.0
500,4,77,5,2,2,17.0
500,4,78,5,4,4,10.0
500,4,81,5,1,1,4.0
500,4,93,2,1,1,5.0
500,4,98,2,1,1,1.0
500,4,108,3,1,1,1.0
500,5,0,5,1,1,4.0
500,5,14,2,1,1,1.0
500,5,35,4,1,1,1.0
500,5,62,5,1,1,5.0
500,5,69,5,1,1,1.0
500,5,92,4,1,1,3.0
500,5,98,5,4,4,15.0
500,5,100,2,1,1,1.0
500,5,106,2,1,1,2.0
500,6,4,2,3,3,11.0
500,6,14,3,1,1,2.0
500,6,29,7,2,2,14.0
500,6,34,4,3,3,21.0
500,6,60,5,2,2,5.0
500,6,92,5,1,1,15.0
500,6,97,4,1,1,7.0
500,6,98,4,1,1,21.0
500,6,99,3,1,1,3.0
500,6,101,2,1,1,3.0
500,6,104,2,1,1,4.0
500,6,115,5,1,1,3.0
500,6,134,5,1,1,2.0
500,7,20,5,2,2,7.0
500,7,27,5,2,2,8.0
500,7,34,5,1,1,1.0
500,7,49,3,3,3,17.0
500,7,53,2,1,1,8.0
500,7,62,2,1,1,7.0
500,7,67,2,1,1,7.0
500,7,71,2,2,2,18.0
500,7,72,2,1,1,8.0
500,7,76,2,1,1,8.0
500,7,78,2,1,1,5.0
500,7,79,2,1,1,6.0
500,7,83,2,1,1,3.0
500,7,89,4,1,1,6.0
500,7,92,2,1,1,5.0
500,7,94,3,2,2,3.0
500,7,95,3,1,1,1.0
500,7,96,2,1,1,3.0
500,7,107,3,1,1,2.0
500,7,126,5,1,1,6.0
500,8,45,5,1,1,1.0
500,8,56,5,1,1,4.0
500,8,59,5,1,1,1.0
500,8,60,2,1,1,9.0
500,8,61,3,1,1,8.0
500,8,65,4,1,1,6.0
500,8,72,5,1,1,6.0
500,8,76,5,2,2,10.0
500,8,82,2,1,1,5.0
500,8,86,2,1,1,3.0
500,8,87,2,1,1,2.0
500,8,88,2,1,1,6.0
500,8,114,2,1,1,6.0
500,9,16,4,2,2,6.0
500,9,31,3,1,1,1.0
500,9,50,5,2,2,13.0
500,9,51,5,1,1,4.0
500,9,52,3,1,1,1.0
500,9,59,5,1,1,12.0
500,9,66,5,1,1,5.0
500,9,84,2,1,1,1.0
500,9,88,5,2,2,3.0
500,9,91,2,1,1,1.0
500,9,94,2,1,1,6.0
500,9,97,4,1,1,3.0
500,9,98,3,1,1,5.0
500,9,156,5,1,1,1.0
500,10,43,3,1,1,6.0
500,10,44,3,1,1,2.0
500,10,46,5,2,2,11.0
500,10,47,2,1,1,4.0
500,10,65,5,3,3,12.0
500,10,67,5,2,2,11.0
500,10,73,2,1,1,6.0
500,10,80,5,1,1,5.0
500,10,83,2,1,1,8.0
500,10,90,2,1,1,3.0
500,10,92,4,1,1,4.0
500,11,0,4,1,1,4.0
500,11,19,5,1,1,27.0
500,11,31,4,1,1,11.0
500,11,38,3,1,1,14.0
500,11,48,4,1,1,2.0
500,11,64,5,2,2,18.0
500,11,92,4,1,1,6.0
500,11,102,3,1,1,7.0
500,11,104,2,1,1,2.0
500,11,105,2,1,1,10.0
500,11,113,4,1,1,11.0
500,11,115,5,1,1,1.0
500,11,135,5,1,1,2.0
500,12,6,5,1,1,5.0
500,12,15,4,1,1,8.0
500,12,20,4,1,1,9.0
500,12,44,3,2,2,5.0
500,12,48,3,1,1,1.0
500,12,72,5,4,4,17.0
500,12,89,4,1,1,3.0
500,12,94,2,1,1,8.0
500,12,101,2,1,1,3.0
500,12,116,5,1,1,3.0
500,12,117,8,1,1,2.0
500,12,135,2,1,1,2.0
500,13,12,5,1,1,3.0
500,13,31,5,1,1,9.0
500,13,33,5,3,3,19.0
500,13,45,5,3,3,14.0
500,13,48,5,2,2,7.0
500,13,64,5,1,1,2.0
500,13,77,4,2,2,14.0
500,13,80,5,1,1,3.0
500,13,81,2,1,1,5.0
500,13,84,2,1,1,9.0
500,13,91,5,2,2,16.0
500,13,93,2,1,1,2.0
500,13,94,2,1,1,1.0
500,13,99,2,1,1,9.0
500,13,100,5,1,1,18.0
500,13,102,2,1,1,2.0
500,13,104,2,1,1,1.0
500,13,105,2,1,1,3.0
500,14,8,5,1,1,15.0
500,14,26,4,1,1,2.0
500,14,32,3,1,1,5.0
500,14,48,5,1,1,6.0
500,14,72,3,1,1,5.0
500,14,73,3,1,1,7.0
500,14,81,2,1,1,8.0
500,14,86,5,1,1,5.0
500,14,103,5,1,1,5.0
500,14,112,2,1,1,3.0
500,14,116,2,1,1,1.0
500,14,121,2,1,1,3.0
500,14,126,2,1,1,5.0
500,14,133,2,1,1,2.0
500,14,136,3,1,1,2.0
500,15,1,5,1,1,1.0
500,15,5,5,1,1,6.0
500,15,6,5,1,1,3.0
500,15,56,5,1,1,6.0
500,15,57,5,1,1,11.0
500,15,77,2,2,2,3.0
500,15,81,2,1,1,3.0
500,15,91,4,1,1,5.0
500,15,95,2,1,1,4.0
500,15,97,2,1,1,2.0
500,15,99,5,1,1,2.0
500,15,100,5,1,1,1.0
500,15,101,5,1,1,1.0
500,16,6,4,1,1,9.0
500,16,10,4,1,1,9.0
500,16,28,5,1,1,7.0
500,16,36,5,1,1,2.0
500,16,50,5,1,1,1.0
500,16,58,5,3,3,13.0
500,16,64,2,1,1,5.0
500,16,89,2,1,1,1.0
500,16,91,5,1,1,5.0
500,16,92,4,1,1,5.0
500,16,93,3,1,1,6.0
500,16,129,2,1,1,1.0
500,17,0,3,2,2,5.0
500,17,14,4,2,2,8.0
500,17,47,4,2,2,2.0
500,17,51,6,1,1,6.0
500,17,52,5,1,1,5.0
500,17,54,3,2,2,9.0
500,17,63,5,2,2,13.0
500,17,93,2,1,1,7.0
500,17,96,4,2,2,11.0
500,17,97,4,1,1,16.0
500,17,104,2,1,1,2.0
500,18,14,3,1,1,5.0
500,18,28,3,2,2,2.0
500,18,43,2,1,1,2.0
500,18,54,3,1,1,2.0
500,18,55,5,1,1,7.0
500,18,62,3,1,1,2.0
500,18,80,4,1,1,8.0
500,18,106,2,1,1,7.0
500,18,108,4,1,1,8.0
500,18,111,3,1,1,1.0
500,18,115,4,1,1,1.0
500,18,124,2,1,1,1.0
500,19,13,4,1,1,1.0
500,19,34,5,1,1,11.0
500,19,46,5,2,2,5.0
500,19,54,2,1,1,6.0
500,19,61,2,1,1,5.0
500,19,62,2,1,1,13.0
500,19,65,2,1,1,2.0
500,19,69,5,1,1,1.0
500,19,70,2,1,1,12.0
500,19,72,5,1,1,5.0
500,19,74,3,1,1,7.0
500,19,76,5,1,1,12.0
500,19,80,2,1,1,7.0
500,19,81,2,1,1,4.0
500,19,83,7,3,3,26.0
500,19,84,2,2,2,10.0
500,19,85,2,1,1,3.0
500,19,86,5,1,1,9.0
500,19,89,5,2,2,10.0
500,20,0,5,1,1,3.0
500,20,20,5,1,1,3.0
500,20,21,5,1,1,5.0
500,20,41,2,1,1,3.0
500,20,47,5,1,1,9.0
500,20,55,5,1,1,3.0
500,20,65,3,1,1,4.0
500,20,71,5,1,1,2.0
500,20,72,5,4,4,8.0
500,20,77,5,2,2,9.0
500,20,89,3,1,1,2.0
500,20,101,2,1,1,4.0
500,21,0,4,3,3,18.0
500,21,31,3,5,5,19.0
500,21,36,6,2,2,7.0
500,21,54,5,1,1,3.0
500,21,59,5,2,2,14.0
500,21,85,5,1,1,7.0
500,21,86,4,2,2,4.0
500,21,89,2,1,1,1.0
500,21,95,4,1,1,4.0
500,21,100,2,1,1,2.0
500,21,102,2,1,1,4.0
500,21,104,2,1,1,4.0
500,22,11,5,1,1,8.0
500,22,13,5,1,1,6.0
500,22,18,5,1,1,2.0
500,22,37,5,2,2,8.0
500,22,48,4,1,1,2.0
500,22,68,4,1,1,2.0
500,22,73,5,3,3,19.0
500,22,74,5,1,1,5.0
500,22,79,5,2,2,6.0
500,22,86,5,1,1,1.0
500,22,87,4,1,1,3.0
500,22,96,2,1,1,4.0
500,22,100,5,1,1,8.0
500,22,103,7,3,3,8.0
500,22,110,2,2,2,10.0
500,22,119,2,1,1,1.0
500,22,122,2,1,1,1.0
500,23,7,5,1,1,6.0
500,23,8,5,2,2,10.0
500,23,11,5,1,1,9.0
500,23,19,5,2,2,14.0
500,23,21,4,2,2,4.0
500,23,33,4,2,2,9.0
500,23,43,5,1,1,8.0
500,23,63,5,1,1,5.0
500,23,79,3,1,1,5.0
500,23,87,4,1,1,2.0
500,23,96,3,1,1,9.0
500,23,103,2,1,1,2.0
500,23,108,2,1,1,8.0
500,23,124,2,2,2,5.0
1000,0,2,3,1,1,4.0
1000,0,29,5,2,2,19.0
1000,0,36,3,3,3,12.0
1000,0,52,4,1,1,5.0
1000,0,54,5,3,3,22.0
1000,0,58,5,3,3,19.0
1000,0,65,5,1,1,6.0
1000,0,77,5,4,4,15.0
1000,0,78,4,1,1,10.0
1000,0,85,2,1,1,5.0
1000,0,93,6,2,2,11.0
1000,0,94,5,1,1,7.0
1000,0,95,5,5,5,13.0
1000,0,96,2,1,1,4.0
1000,0,101,2,1,1,7.0
1000,0,102,2,1,1,1.0
1000,0,105,2,1,1,7.0
1000,0,107,2,1,1,4.0
1000,0,111,2,4,4,21.0
1000,0,115,5,3,3,9.0
1000,0,119,2,2,2,9.0
1000,0,128,3,2,2,12.0
1000,0,129,2,2,2,9.0
1000,0,130,2,1,1,3.0
1000,0,132,4,1,1,3.0
1000,0,140,5,1,1,13.0
1000,0,148,2,1,1,5.0
1000,0,149,5,1,1,1.0
1000,0,175,5,1,1,4.0
1000,0,246,5,1,1,2.0
1000,1,0,3,4,4,23.0
1000,1,7,5,1,1,3.0
1000,1,23,3,4,4,18.0
1000,1,27,5,3,3,10.0
1000,1,31,5,4,4,20.0
1000,1,39,5,2,2,6.0
1000,1,44,5,4,4,30.0
1000,1,46,5,4,4,12.0
1000,1,48,2,2,2,5.0
1000,1,53,5,3,3,13.0
1000,1,58,2,1,1,12.0
1000,1,63,3,1,1,6.0
1000,1,65,2,1,1,3.0
1000,1,68,5,4,4,13.0
1000,1,69,5,4,4,12.0
1000,1,75,4,5,5,13.0
1000,1,85,2,2,2,9.0
1000,1,108,5,2,2,3.0
1000,1,111,2,1,1,1.0
1000,1,117,4,1,1,4.0
1000,1,118,5,2,2,13.0
1000,1,131,4,1,1,3.0
1000,1,142,5,1,1,3.0
1000,1,149,5,1,1,2.0
1000,1,153,5,1,1,2.0
1000,1,202,3,1,1,4.0
1000,1,219,2,1,1,3.0
1000,2,0,5,4,4,11.0
1000,2,8,5,5,5,31.0
1000,2,9,5,3,3,16.0
1000,2,25,4,1,1,8.0
1000,2,27,5,3,3,12.0
1000,2,28,4,2,2,18.0
1000,2,50,4,3,3,25.0
1000,2,63,5,6,6,27.0
1000,2,65,2,4,4,17.0
1000,2,68,2,1,1,6.0
1000,2,70,2,1,1,7.0
1000,2,71,5,3,3,12.0
1000,2,78,2,1,1,11.0
1000,2,79,2,3,3,14.0
1000,2,80,2,1,1,3.0
1000,2,85,2,1,1,4.0
1000,2,86,4,4,4,11.0
1000,2,87,4,5,5,16.0
1000,2,93,2,1,1,6.0
1000,2,105,2,1,1,8.0
1000,2,110,2,1,1,3.0
1000,2,111,4,1,1,6.0
1000,2,113,2,1,1,3.0
1000,2,117,2,1,1,6.0
1000,2,125,5,1,1,3.0
1000,2,126,5,1,1,3.0
1000,2,139,5,1,1,3.0
1000,2,152,2,1,1,3.0
1000,2,158,5,1,1,3.0
1000,2,160,5,1,1,1.0
1000,2,196,5,1,1,2.0
1000,2,204,2,1,1,2.0
1000,3,0,5,3,3,15.0
1000,3,8,4,3,3,8.0
1000,3,9,3,1,1,1.0
1000,3,12,5,6,6,34.0
1000,3,26,3,2,2,10.0
1000,3,29,5,1,1,10.0
1000,3,30,5,1,1,12.0
1000,3,31,5,6,6,16.0
1000,3,56,3,1,1,3.0
1000,3,58,5,2,2,19.0
1000,3,67,2,1,1,4.0
1000,3,70,2,1,1,6.0
1000,3,71,4,4,4,23.0
1000,3,74,5,3,3,23.0
1000,3,75,5,5,5,27.0
1000,3,76,3,1,1,7.0
1000,3,78,2,1,1,2.0
1000,3,87,4,5,5,14.0
1000,3,90,2,2,2,14.0
1000,3,92,2,1,1,8.0
1000,3,97,5,2,2,4.0
1000,3,99,4,2,2,16.0
1000,3,100,5,3,3,15.0
1000,3,103,2,1,1,6.0
1000,3,106,4,1,1,2.0
1000,3,107,2,1,1,10.0
1000,3,113,2,1,1,1.0
1000,3,116,2,1,1,2.0
1000,3,158,5,1,1,2.0
1000,3,166,5,1,1,5.0
1000,3,175,4,1,1,6.0
1000,4,8,6,3,3,12.0
1000,4,9,4,2,2,9.0
1000,4,22,3,3,3,28.0
1000,4,25,5,3,3,15.0
1000,4,28,5,2,2,8.0
1000,4,31,5,5,5,16.0
1000,4,60,5,1,1,6.0
1000,4,73,4,3,3,13.0
1000,4,97,5,6,6,45.0
1000,4,98,5,1,1,5.0
1000,4,106,5,4,4,17.0
1000,4,109,5,3,3,5.0
1000,4,113,2,1,1,5.0
1000,4,117,3,1,1,13.0
1000,4,120,4,2,2,8.0
1000,4,134,5,1,1,2.0
1000,4,135,2,1,1,2.0
1000,4,141,2,1,1,1.0
1000,4,151,2,1,1,2.0
1000,4,156,2,1,1,7.0
1000,4,170,5,1,1,3.0
1000,4,180,2,1,1,2.0
1000,4,184,4,1,1,3.0
1000,4,187,4,2,2,8.0
1000,4,201,3,1,1,5.0
1000,4,223,5,1,1,2.0
1000,5,3,3,1,1,7.0
1000,5,11,4,5,5,22.0
1000,5,13,4,3,3,8.0
1000,5,30,3,2,2,12.0
1000,5,47,5,2,2,4.0
1000,5,48,5,1,1,4.0
1000,5,49,4,4,4,27.0
1000,5,51,3,1,1,4.0
1000,5,54,5,1,1,8.0
1000,5,55,4,1,1,8.0
1000,5,69,5,4,4,17.0
1000,5,73,5,3,3,6.0
1000,5,78,5,2,2,17.0
1000,5,83,2,1,1,3.0
1000,5,89,2,1,1,8.0
1000,5,92,5,8,8,25.0
1000,5,94,2,1,1,7.0
1000,5,95,2,1,1,4.0
1000,5,99,2,1,1,7.0
1000,5,100,5,4,4,11.0
1000,5,101,5,1,1,4.0
1000,5,104,2,1,1,4.0
1000,5,111,2,1,1,2.0
1000,5,114,2,1,1,7.0
1000,5,118,2,1,1,2.0
1000,5,122,2,1,1,3.0
1000,5,123,2,1,1,2.0
1000,5,145,5,2,2,4.0
1000,5,186,5,1,1,2.0
1000,6,3,3,1,1,1.0
1000,6,10,5,3,3,13.0
1000,6,11,4,1,1,2.0
1000,6,13,5,2,2,12.0
1000,6,16,5,4,4,14.0
1000,6,22,4,1,1,7.0
1000,6,23,4,1,1,6.0
1000,6,35,5,1,1,3.0
1000,6,44,5,6,6,20.0
1000,6,53,4,3,3,11.0
1000,6,54,9,4,4,13.0
1000,6,66,4,1,1,2.0
1000,6,67,5,4,4,19.0
1000,6,70,2,1,1,6.0
1000,6,82,4,2,2,9.0
1000,6,83,5,2,2,8.0
1000,6,96,2,1,1,2.0
1000,6,100,2,1,1,3.0
1000,6,106,5,1,1,1.0
1000,6,149,2,1,1,2.0
1000,6,160,5,2,2,4.0
1000,6,216,2,1,1,6.0
1000,7,0,5,3,3,6.0
1000,7,8,4,1,1,4.0
1000,7,9,4,1,1,3.0
1000,7,17,5,2,2,13.0
1000,7,18,3,2,2,8.0
1000,7,21,2,1,1,11.0
1000,7,33,5,4,4,15.0
1000,7,42,5,3,3,18.0
1000,7,78,5,4,4,23.0
1000,7,86,2,1,1,9.0
1000,7,88,3,2,2,2.0
1000,7,89,5,1,1,4.0
1000,7,90,5,1,1,9.0
1000,7,91,3,1,1,6.0
1000,7,92,5,1,1,5.0
1000,7,93,4,1,1,2.0
1000,7,94,4,2,2,9.0
1000,7,97,2,1,1,9.0
1000,7,98,3,1,1,2.0
1000,7,110,2,1,1,9.0
1000,7,111,2,1,1,3.0
1000,7,112,5,2,2,12.0
1000,7,119,2,1,1,3.0
1000,7,124,2,1,1,6.0
1000,7,140,4,2,2,2.0
1000,7,146,5,1,1,1.0
1000,7,147,5,1,1,1.0
1000,7,154,5,1,1,1.0
1000,7,164,2,1,1,1.0
1000,8,13,7,2,2,5.0
1000,8,25,5,3,3,26.0
1000,8,38,8,5,5,18.0
1000,8,39,5,3,3,9.0
1000,8,49,4,1,1,8.0
1000,8,64,5,1,1,2.0
1000,8,66,6,2,2,12.0
1000,8,71,5,1,1,2.0
1000,8,72,5,2,2,6.0
1000,8,75,4,3,3,7.0
1000,8,79,2,1,1,7.0
1000,8,83,2,2,2,7.0
1000,8,88,2,1,1,10.0
1000,8,92,5,2,2,3.0
1000,8,97,2,1,1,2.0
1000,8,99,2,1,1,7.0
1000,8,103,2,1,1,6.0
1000,8,109,2,1,1,6.0
1000,8,115,3,1,1,2.0
1000,8,117,2,1,1,1.0
1000,8,124,2,1,1,2.0
1000,8,126,2,1,1,2.0
1000,8,129,2,1,1,2.0
1000,8,130,2,1,1,1.0
1000,8,153,5,1,1,4.0
1000,8,180,5,1,1,1.0
1000,8,288,3,1,1,3.0
1000,9,2,5,2,2,13.0
1000,9,3,5,4,4,9.0
1000,9,11,5,4,4,21.0
1000,9,31,5,1,1,12.0
1000,9,33,5,1,1,5.0
1000,9,41,5,2,2,9.0
1000,9,52,4,3,3,7.0
1000,9,54,4,1,1,3.0
1000,9,58,5,2,2,2.0
1000,9,71,2,1,1,2.0
1000,9,75,5,2,2,27.0
1000,9,76,5,2,2,5.0
1000,9,77,3,3,3,21.0
1000,9,78,2,1,1,5.0
1000,9,84,5,2,2,10.0
1000,9,85,4,3,3,19.0
1000,9,96,5,3,3,12.0
1000,9,97,2,1,1,10.0
1000,9,100,4,2,2,9.0
1000,9,109,2,1,1,1.0
1000,9,125,5,4,4,15.0
1000,9,127,2,1,1,5.0
1000,9,129,4,1,1,4.0
1000,9,136,2,1,1,3.0
1000,9,139,5,1,1,4.0
1000,9,157,5,1,1,5.0
1000,9,161,2,1,1,1.0
1000,9,228,2,1,1,1.0
1000,10,6,5,3,3,13.0
1000,10,17,5,6,6,27.0
1000,10,26,5,2,2,16.0
1000,10,49,3,2,2,6.0
1000,10,64,5,3,3,12.0
1000,10,70,5,3,3,17.0
1000,10,71,4,3,3,13.0
1000,10,76,5,1,1,2.0
1000,10,77,2,2,2,10.0
1000,10,78,2,2,2,14.0
1000,10,84,2,1,1,4.0
1000,10,87,2,1,1,8.0
1000,10,94,4,2,2,18.0
1000,10,105,2,1,1,11.0
1000,10,108,2,1,1,4.0
1000,10,109,2,1,1,5.0
1000,10,112,2,2,2,7.0
1000,10,113,2,1,1,7.0
1000,10,117,2,1,1,6.0
1000,10,128,3,1,1,2.0
1000,10,129,5,4,4,16.0
1000,10,140,2,1,1,1.0
1000,10,144,2,1,1,5.0
1000,10,150,2,1,1,1.0
1000,10,158,5,1,1,7.0
1000,10,169,3,2,2,3.0
1000,10,176,2,1,1,6.0
1000,10,192,4,1,1,3.0
1000,10,194,2,1,1,1.0
1000,11,1,4,1,1,4.0
1000,11,5,4,6,6,19.0
1000,11,15,4,1,1,12.0
1000,11,16,2,1,1,5.0
1000,11,21,4,3,3,14.0
1000,11,31,2,1,1,6.0
1000,11,33,5,2,2,5.0
1000,11,35,4,3,3,8.0
1000,11,50,5,4,4,26.0
1000,11,51,4,1,1,13.0
1000,11,52,2,3,3,13.0
1000,11,68,2,2,2,9.0
1000,11,91,2,1,1,4.0
1000,11,92,2,1,1,4.0
1000,11,99,5,2,2,6.0
1000,11,101,5,3,3,20.0
1000,11,102,2,2,2,16.0
1000,11,108,2,1,1,6.0
1000,11,112,4,1,1,2.0
1000,11,113,2,1,1,8.0
1000,11,116,2,1,1,7.0
1000,11,120,2,1,1,10.0
1000,11,123,2,1,1,8.0
1000,11,126,2,1,1,5.0
1000,11,130,2,1,1,7.0
1000,11,131,5,1,1,4.0
1000,11,133,2,1,1,2.0
1000,11,143,3,3,3,7.0
1000,11,146,2,1,1,3.0
1000,11,156,4,1,1,2.0
1000,12,18,5,2,2,15.0
1000,12,27,4,2,2,13.0
1000,12,28,5,3,3,10.0
1000,12,30,5,4,4,13.0
1000,12,31,5,4,4,18.0
1000,12,32,4,2,2,10.0
1000,12,45,4,1,1,10.0
1000,12,61,3,1,1,14.0
1000,12,68,3,3,3,15.0
1000,12,69,5,6,6,22.0
1000,12,95,2,2,2,9.0
1000,12,96,2,1,1,7.0
1000,12,99,2,1,1,6.0
1000,12,101,5,1,1,13.0
1000,12,103,2,1,1,7.0
1000,12,104,4,3,3,20.0
1000,12,106,5,3,3,7.0
1000,12,110,2,1,1,11.0
1000,12,112,4,2,2,12.0
1000,12,114,2,1,1,6.0
1000,12,117,2,1,1,3.0
1000,12,125,2,1,1,1.0
1000,12,133,3,1,1,4.0
1000,12,142,5,1,1,3.0
1000,12,146,3,1,1,5.0
1000,12,154,5,1,1,13.0
1000,12,155,4,1,1,1.0
1000,12,162,2,1,1,1.0
1000,12,166,5,1,1,3.0
1000,12,193,3,1,1,2.0
1000,13,0,4,1,1,3.0
1000,13,1,5,1,1,9.0
1000,13,5,5,4,4,18.0
1000,13,13,5,3,3,5.0
1000,13,16,5,4,4,12.0
1000,13,31,4,1,1,5.0
1000,13,49,5,2,2,4.0
1000,13,50,5,1,1,4.0
1000,13,52,5,5,5,54.0
1000,13,68,4,3,3,15.0
1000,13,72,5,2,2,5.0
1000,13,84,5,2,2,5.0
1000,13,87,5,1,1,11.0
1000,13,88,5,2,2,3.0
1000,13,99,2,1,1,5.0
1000,13,106,5,1,1,6.0
1000,13,109,5,1,1,1.0
1000,13,112,2,1,1,10.0
1000,13,114,2,1,1,4.0
1000,13,131,2,1,1,1.0
1000,13,133,2,1,1,4.0
1000,13,135,5,1,1,2.0
1000,13,138,2,1,1,1.0
1000,13,142,2,1,1,4.0
1000,13,189,5,1,1,2.0
1000,13,194,5,2,2,7.0
1000,14,5,5,1,1,3.0
1000,14,11,3,1,1,4.0
1000,14,16,5,1,1,7.0
1000,14,22,5,3,3,18.0
1000,14,23,4,1,1,11.0
1000,14,24,4,1,1,8.0
1000,14,65,4,2,2,10.0
1000,14,69,5,4,4,18.0
1000,14,70,3,2,2,3.0
1000,14,71,4,3,3,18.0
1000,14,72,5,2,2,11.0
1000,14,77,4,1,1,7.0
1000,14,85,3,1,1,2.0
1000,14,87,2,1,1,6.0
1000,14,92,4,1,1,1.0
1000,14,104,3,1,1,6.0
1000,14,110,5,2,2,8.0
1000,14,113,4,3,3,12.0
1000,14,114,3,2,2,8.0
1000,14,126,5,2,2,7.0
1000,14,138,3,1,1,2.0
1000,14,140,2,1,1,3.0
1000,14,155,7,2,2,10.0
1000,14,158,2,1,1,1.0
1000,14,188,5,1,1,2.0
1000,14,207,3,1,1,3.0
1000,14,259,5,1,1,4.0
1000,15,15,2,1,1,6.0
1000,15,17,5,2,2,20.0
1000,15,18,5,3,3,18.0
1000,15,34,4,5,5,31.0
1000,15,43,5,5,5,20.0
1000,15,54,3,2,2,13.0
1000,15,55,5,1,1,5.0
1000,15,59,4,2,2,14.0
1000,15,60,2,1,1,7.0
1000,15,67,5,3,3,20.0
1000,15,68,5,3,3,19.0
1000,15,72,2,4,4,16.0
1000,15,74,3,4,4,22.0
1000,15,75,3,1,1,5.0
1000,15,80,3,2,2,11.0
1000,15,86,4,1,1,2.0
1000,15,88,2,3,3,4.0
1000,15,89,2,1,1,4.0
1000,15,90,2,1,1,8.0
1000,15,97,2,1,1,10.0
1000,15,102,5,1,1,4.0
1000,15,111,3,1,1,3.0
1000,15,116,4,1,1,5.0
1000,15,138,2,1,1,4.0
1000,15,157,2,1,1,1.0
1000,15,169,5,1,1,4.0
1000,15,217,3,1,1,3.0
1000,15,223,2,1,1,1.0
1000,15,244,5,1,1,1.0
1000,16,0,4,2,2,12.0
1000,16,2,2,4,4,24.0
1000,16,8,2,1,1,11.0
1000,16,21,5,2,2,6.0
1000,16,29,4,3,3,21.0
1000,16,49,5,3,3,10.0
1000,16,72,5,3,3,15.0
1000,16,75,3,1,1,5.0
1000,16,79,2,1,1,1.0
1000,16,84,2,1,1,5.0
1000,16,91,3,2,2,13.0
1000,16,92,4,2,2,10.0
1000,16,96,2,2,2,7.0
1000,16,98,2,1,1,2.0
1000,16,99,2,1,1,6.0
1000,16,101,5,2,2,17.0
1000,16,103,5,3,3,27.0
1000,16,106,2,1,1,5.0
1000,16,107,5,2,2,5.0
1000,16,108,4,1,1,4.0
1000,16,111,4,1,1,4.0
1000,16,121,2,1,1,4.0
1000,16,126,2,1,1,2.0
1000,16,134,3,1,1,7.0
1000,16,135,5,1,1,14.0
1000,16,138,5,1,1,1.0
1000,16,142,2,1,1,6.0
1000,16,145,5,1,1,3.0
1000,16,151,2,1,1,1.0
1000,16,154,5,1,1,1.0
1000,16,155,3,1,1,3.0
1000,16,204,2,1,1,3.0
1000,17,0,4,2,2,13.0
1000,17,1,5,5,5,12.0
1000,17,2,4,1,1,2.0
1000,17,8,3,2,2,6.0
1000,17,30,5,3,3,13.0
1000,17,31,5,2,2,3.0
1000,17,32,5,3,3,17.0
1000,17,43,5,1,1,5.0
1000,17,45,2,1,1,8.0
1000,17,47,5,5,5,26.0
1000,17,48,5,1,1,1.0
1000,17,49,5,1,1,2.0
1000,17,56,5,1,1,1.0
1000,17,67,3,1,1,1.0
1000,17,76,3,1,1,7.0
1000,17,77,3,1,1,10.0
1000,17,82,2,2,2,8.0
1000,17,87,2,1,1,6.0
1000,17,97,2,1,1,8.0
1000,17,100,2,1,1,4.0
1000,17,104,5,3,3,11.0
1000,17,112,5,1,1,5.0
1000,17,119,5,1,1,1.0
1000,17,128,2,1,1,7.0
1000,17,133,2,1,1,1.0
1000,17,143,5,3,3,6.0
1000,17,150,2,1,1,1.0
1000,17,157,4,1,1,3.0
1000,17,183,5,1,1,1.0
1000,17,187,2,1,1,7.0
1000,18,0,5,4,4,17.0
1000,18,5,5,1,1,2.0
1000,18,11,4,1,1,6.0
1000,18,23,5,2,2,13.0
1000,18,24,5,1,1,5.0
1000,18,26,5,1,1,5.0
1000,18,56,5,5,5,25.0
1000,18,58,5,1,1,2.0
1000,18,64,4,1,1,9.0
1000,18,101,5,1,1,6.0
1000,18,103,4,1,1,7.0
1000,18,111,2,1,1,4.0
1000,18,113,5,3,3,14.0
1000,18,115,2,2,2,8.0
1000,18,118,2,1,1,4.0
1000,18,119,2,1,1,6.0
1000,18,130,3,4,4,14.0
1000,18,135,5,4,4,16.0
1000,18,152,2,1,1,1.0
1000,18,156,5,1,1,1.0
1000,18,166,5,1,1,1.0
1000,18,191,2,1,1,4.0
1000,18,209,3,1,1,1.0
1000,18,233,2,1,1,1.0
1000,18,260,5,1,1,1.0
1000,19,2,5,2,2,15.0
1000,19,3,4,2,2,11.0
1000,19,4,2,2,2,6.0
1000,19,12,4,3,3,11.0
1000,19,24,3,2,2,10.0
1000,19,25,5,3,3,8.0
1000,19,29,6,2,2,2.0
1000,19,46,2,1,1,8.0
1000,19,52,5,2,2,7.0
1000,19,59,4,2,2,8.0
1000,19,71,4,2,2,13.0
1000,19,73,4,2,2,3.0
1000,19,75,2,1,1,5.0
1000,19,80,2,1,1,5.0
1000,19,82,2,1,1,4.0
1000,19,85,4,3,3,23.0
1000,19,89,2,2,2,9.0
1000,19,90,2,1,1,9.0
1000,19,106,5,1,1,7.0
1000,19,113,5,2,2,4.0
1000,19,122,2,1,1,2.0
1000,19,130,2,1,1,5.0
1000,19,135,4,3,3,6.0
1000,19,148,5,1,1,2.0
1000,19,155,4,1,1,2.0
1000,20,0,3,3,3,16.0
1000,20,2,5,2,2,9.0
1000,20,24,5,4,4,14.0
1000,20,25,5,1,1,5.0
1000,20,33,5,2,2,4.0
1000,20,42,5,2,2,16.0
1000,20,45,5,1,1,12.0
1000,20,46,5,3,3,9.0
1000,20,54,5,2,2,8.0
1000,20,60,2,2,2,9.0
1000,20,71,2,1,1,2.0
1000,20,78,5,2,2,10.0
1000,20,80,2,1,1,5.0
1000,20,88,2,1,1,6.0
1000,20,89,4,1,1,10.0
1000,20,96,2,1,1,4.0
1000,20,98,2,1,1,4.0
1000,20,100,5,2,2,8.0
1000,20,101,4,2,2,13.0
1000,20,102,2,2,2,13.0
1000,20,119,5,2,2,6.0
1000,20,120,5,3,3,5.0
1000,20,125,5,2,2,3.0
1000,20,128,5,1,1,3.0
1000,20,150,5,1,1,10.0
1000,20,287,2,1,1,1.0
1000,21,0,4,3,3,11.0
1000,21,11,5,3,3,30.0
1000,21,12,4,2,2,11.0
1000,21,31,5,6,6,32.0
1000,21,42,5,1,1,4.0
1000,21,43,4,3,3,9.0
1000,21,49,4,1,1,8.0
1000,21,50,4,1,1,10.0
1000,21,65,4,1,1,7.0
1000,21,78,2,1,1,7.0
1000,21,84,2,1,1,6.0
1000,21,85,2,1,1,8.0
1000,21,92,2,1,1,8.0
1000,21,94,5,3,3,25.0
1000,21,95,2,1,1,6.0
1000,21,98,2,2,2,12.0
1000,21,100,5,1,1,3.0
1000,21,101,5,1,1,5.0
1000,21,108,2,2,2,13.0
1000,21,112,5,4,4,10.0
1000,21,118,2,2,2,14.0
1000,21,137,5,3,3,4.0
1000,21,154,5,1,1,4.0
1000,21,187,4,1,1,5.0
1000,21,194,5,1,1,2.0
1000,22,3,5,5,5,18.0
1000,22,9,5,2,2,13.0
1000,22,25,3,1,1,6.0
1000,22,46,5,2,2,17.0
1000,22,56,5,3,3,23.0
1000,22,60,2,1,1,5.0
1000,22,65,5,2,2,9.0
1000,22,73,4,1,1,7.0
1000,22,86,2,2,2,13.0
1000,22,89,4,2,2,3.0
1000,22,90,3,1,1,6.0
1000,22,93,5,7,7,24.0
1000,22,96,5,2,2,13.0
1000,22,97,4,1,1,1.0
1000,22,98,3,3,3,21.0
1000,22,100,5,3,3,5.0
1000,22,108,5,1,1,4.0
1000,22,111,2,1,1,6.0
1000,22,119,2,1,1,1.0
1000,22,123,2,1,1,4.0
1000,22,139,5,2,2,7.0
1000,22,159,2,1,1,7.0
1000,22,197,5,1,1,1.0
1000,22,209,4,1,1,3.0
1000,23,0,5,3,3,13.0
1000,23,14,4,1,1,3.0
1000,23,15,4,2,2,15.0
1000,23,43,5,2,2,2.0
1000,23,44,3,2,2,9.0
1000,23,47,2,1,1,6.0
1000,23,60,4,1,1,2.0
1000,23,66,4,1,1,13.0
1000,23,70,4,4,4,16.0
1000,23,81,5,3,3,13.0
1000,23,85,2,1,1,3.0
1000,23,86,3,1,1,10.0
1000,23,88,2,2,2,11.0
1000,23,90,4,3,3,12.0
1000,23,100,2,1,1,12.0
1000,23,103,2,1,1,1.0
1000,23,106,5,5,5,15.0
1000,23,109,4,4,4,29.0
1000,23,111,5,1,1,9.0
1000,23,112,5,2,2,3.0
1000,23,113,5,2,2,4.0
1000,23,117,4,2,2,7.0
1000,23,127,2,1,1,2.0
1000,23,133,4,1,1,5.0
1000,23,143,2,1,1,2.0
1000,23,205,3,1,1,3.0
1000,23,245,3,1,1,3.0
2500,0,0,5,11,11,46.0
2500,0,29,5,4,4,18.0
2500,0,30,3,3,3,22.0
2500,0,44,5,7,7,42.0
2500,0,45,3,5,5,28.0
2500,0,50,5,6,6,29.0
2500,0,74,5,7,7,41.0
2500,0,75,5,4,4,11.0
2500,0,80,2,1,1,6.0
2500,0,91,5,9,9,48.0
2500,0,114,5,4,4,22.0
2500,0,116,2,1,1,5.0
2500,0,118,5,4,4,29.0
2500,0,125,2,1,1,7.0
2500,0,126,2,1,1,5.0
2500,0,129,2,1,1,4.0
2500,0,132,2,2,2,9.0
2500,0,133,2,1,1,6.0
2500,0,139,2,2,2,14.0
2500,0,143,5,2,2,7.0
2500,0,144,2,1,1,2.0
2500,0,148,2,1,1,5.0
2500,0,150,2,1,1,4.0
2500,0,154,5,5,5,37.0
2500,0,155,5,3,3,14.0
2500,0,156,5,3,3,17.0
2500,0,157,4,2,2,13.0
2500,0,160,2,1,1,6.0
2500,0,167,2,1,1,9.0
2500,0,168,2,1,1,8.0
2500,0,172,5,3,3,17.0
2500,0,187,5,1,1,3.0
2500,0,194,5,1,1,3.0
2500,0,196,3,1,1,4.0
2500,0,197,3,1,1,6.0
2500,0,199,2,1,1,2.0
2500,0,200,2,2,2,10.0
2500,0,208,4,3,3,12.0
2500,0,212,5,3,3,13.0
2500,0,222,2,1,1,4.0
2500,0,227,2,1,1,5.0
2500,0,232,4,1,1,5.0
2500,0,245,5,2,2,3.0
2500,0,246,5,1,1,2.0
2500,0,257,4,1,1,4.0
2500,0,277,5,1,1,5.0
2500,0,302,2,1,1,1.0
2500,1,0,5,8,8,40.0
2500,1,10,5,4,4,25.0
2500,1,19,5,6,6,26.0
2500,1,28,5,7,7,53.0
2500,1,34,4,4,4,8.0
2500,1,40,5,5,5,26.0
2500,1,41,5,4,4,8.0
2500,1,42,5,6,6,39.0
2500,1,44,4,5,5,27.0
2500,1,65,4,4,4,18.0
2500,1,66,3,6,6,17.0
2500,1,73,2,3,3,11.0
2500,1,80,2,1,1,6.0
2500,1,83,2,1,1,3.0
2500,1,85,2,1,1,5.0
2500,1,89,2,1,1,5.0
2500,1,94,2,2,2,11.0
2500,1,111,3,2,2,18.0
2500,1,112,2,1,1,7.0
2500,1,113,4,2,2,13.0
2500,1,114,4,6,6,35.0
2500,1,127,2,1,1,7.0
2500,1,130,2,1,1,2.0
2500,1,138,5,4,4,22.0
2500,1,139,4,4,4,18.0
2500,1,141,3,1,1,4.0
2500,1,143,4,2,2,8.0
2500,1,144,3,1,1,8.0
2500,1,145,5,2,2,26.0
2500,1,160,2,1,1,1.0
2500,1,171,2,1,1,4.0
2500,1,188,5,1,1,3.0
2500,1,191,5,2,2,9.0
2500,1,204,5,1,1,2.0
2500,1,236,4,1,1,3.0
2500,1,237,5,1,1,1.0
2500,1,249,5,1,1,4.0
2500,1,254,2,1,1,2.0
2500,1,257,5,1,1,3.0
2500,2,4,2,1,1,4.0
2500,2,8,5,8,8,50.0
2500,2,29,5,9,9,37.0
2500,2,30,5,6,6,40.0
2500,2,31,5,5,5,28.0
2500,2,32,5,9,9,47.0
2500,2,36,5,6,6,24.0
2500,2,37,3,5,5,28.0
2500,2,40,5,5,5,27.0
2500,2,51,4,2,2,6.0
2500,2,58,4,2,2,9.0
2500,2,75,5,1,1,12.0
2500,2,91,2,1,1,6.0
2500,2,92,2,1,1,9.0
2500,2,98,3,1,1,5.0
2500,2,99,2,1,1,5.0
2500,2,103,4,4,4,27.0
2500,2,107,2,2,2,6.0
2500,2,108,2,2,2,9.0
2500,2,109,2,1,1,4.0
2500,2,113,2,2,2,6.0
2500,2,116,2,1,1,5.0
2500,2,118,5,6,6,36.0
2500,2,119,5,3,3,17.0
2500,2,124,5,7,7,30.0
2500,2,142,3,1,1,6.0
2500,2,164,5,2,2,5.0
2500,2,170,2,1,1,1.0
2500,2,172,2,1,1,4.0
2500,2,173,2,1,1,2.0
2500,2,178,5,1,1,1.0
2500,2,179,5,1,1,5.0
2500,2,192,5,1,1,5.0
2500,2,193,4,1,1,3.0
2500,2,199,2,2,2,7.0
2500,2,202,5,2,2,10.0
2500,2,204,2,1,1,1.0
2500,2,206,2,2,2,5.0
2500,2,212,3,1,1,5.0
2500,2,214,2,1,1,3.0
2500,2,224,5,3,3,10.0
2500,2,228,3,1,1,2.0
2500,2,238,2,1,1,3.0
2500,3,9,3,3,3,13.0
2500,3,19,4,5,5,26.0
2500,3,25,2,3,3,13.0
2500,3,38,5,4,4,13.0
2500,3,41,5,3,3,8.0
2500,3,42,5,8,8,40.0
2500,3,43,5,9,9,39.0
2500,3,44,5,4,4,24.0
2500,3,56,4,5,5,16.0
2500,3,64,5,2,2,4.0
2500,3,68,5,3,3,20.0
2500,3,79,5,1,1,5.0
2500,3,86,5,5,5,33.0
2500,3,90,2,1,1,8.0
2500,3,94,2,2,2,10.0
2500,3,98,4,1,1,7.0
2500,3,99,3,7,7,30.0
2500,3,113,2,1,1,7.0
2500,3,118,2,1,1,4.0
2500,3,120,5,3,3,11.0
2500,3,122,2,2,2,10.0
2500,3,129,3,5,5,26.0
2500,3,131,2,1,1,5.0
2500,3,136,2,1,1,7.0
2500,3,139,2,1,1,2.0
2500,3,141,4,1,1,2.0
2500,3,142,2,3,3,5.0
2500,3,145,2,1,1,6.0
2500,3,146,2,1,1,6.0
2500,3,157,2,1,1,7.0
2500,3,158,5,4,4,44.0
2500,3,159,5,1,1,10.0
2500,3,169,2,1,1,2.0
2500,3,172,5,1,1,1.0
2500,3,175,2,1,1,4.0
2500,3,182,2,1,1,3.0
2500,3,191,2,1,1,11.0
2500,3,192,2,1,1,2.0
2500,3,196,5,5,5,22.0
2500,3,199,2,3,3,6.0
2500,3,201,2,1,1,11.0
2500,3,205,2,1,1,3.0
2500,3,206,5,3,3,6.0
2500,3,210,2,1,1,4.0
2500,3,230,2,2,2,11.0
2500,3,238,4,2,2,6.0
2500,3,257,2,1,1,3.0
2500,3,291,2,2,2,5.0
2500,3,305,5,1,1,1.0
2500,4,0,5,5,5,22.0
2500,4,12,4,1,1,6.0
2500,4,28,5,2,2,6.0
2500,4,29,5,1,1,4.0
2500,4,32,4,5,5,30.0
2500,4,43,4,4,4,27.0
2500,4,44,5,13,13,68.0
2500,4,60,5,3,3,7.0
2500,4,61,4,5,5,24.0
2500,4,63,2,2,2,12.0
2500,4,65,2,1,1,6.0
2500,4,68,2,1,1,4.0
2500,4,70,5,10,10,45.0
2500,4,72,5,4,4,11.0
2500,4,73,2,1,1,9.0
2500,4,79,5,8,8,43.0
2500,4,80,5,3,3,15.0
2500,4,81,5,4,4,32.0
2500,4,86,2,1,1,8.0
2500,4,88,5,3,3,14.0
2500,4,93,2,1,1,3.0
2500,4,94,2,1,1,9.0
2500,4,100,2,1,1,5.0
2500,4,101,2,1,1,5.0
2500,4,103,2,2,2,5.0
2500,4,107,2,1,1,3.0
2500,4,108,2,1,1,4.0
2500,4,110,4,1,1,4.0
2500,4,114,2,1,1,5.0
2500,4,115,5,4,4,14.0
2500,4,118,5,4,4,17.0
2500,4,133,2,1,1,6.0
2500,4,135,2,2,2,3.0
2500,4,144,4,2,2,7.0
2500,4,145,5,4,4,17.0
2500,4,146,2,1,1,2.0
2500,4,149,2,1,1,7.0
2500,4,159,2,1,1,5.0
2500,4,164,4,2,2,7.0
2500,4,167,5,2,2,4.0
2500,4,171,5,2,2,9.0
2500,4,174,3,1,1,5.0
2500,4,177,2,1,1,8.0
2500,4,178,2,1,1,4.0
2500,4,181,5,2,2,2.0
2500,4,182,5,2,2,6.0
2500,4,189,2,2,2,7.0
2500,4,211,5,1,1,1.0
2500,4,232,5,1,1,5.0
2500,4,266,2,1,1,6.0
2500,5,0,4,3,3,17.0
2500,5,16,3,3,3,4.0
2500,5,46,5,3,3,19.0
2500,5,67,5,5,5,19.0
2500,5,68,4,2,2,5.0
2500,5,72,5,4,4,30.0
2500,5,76,2,1,1,1.0
2500,5,77,5,4,4,13.0
2500,5,82,5,8,8,42.0
2500,5,83,5,8,8,41.0
2500,5,91,5,3,3,17.0
2500,5,92,5,4,4,14.0
2500,5,102,2,2,2,9.0
2500,5,106,2,1,1,6.0
2500,5,107,5,1,1,8.0
2500,5,109,2,1,1,6.0
2500,5,110,2,1,1,4.0
2500,5,112,5,4,4,29.0
2500,5,113,5,1,1,9.0
2500,5,115,4,1,1,2.0
2500,5,116,4,1,1,5.0
2500,5,117,4,3,3,14.0
2500,5,124,5,6,6,27.0
2500,5,128,4,1,1,9.0
2500,5,129,5,2,2,12.0
2500,5,130,4,1,1,8.0
2500,5,131,4,1,1,6.0
2500,5,134,5,3,3,7.0
2500,5,142,5,3,3,11.0
2500,5,146,2,1,1,7.0
2500,5,148,5,3,3,11.0
2500,5,155,5,3,3,5.0
2500,5,156,4,3,3,8.0
2500,5,170,5,2,2,5.0
2500,5,181,5,3,3,10.0
2500,5,183,4,1,1,2.0
2500,5,195,5,3,3,13.0
2500,5,218,4,1,1,1.0
2500,5,224,2,1,1,3.0
2500,5,236,6,2,2,10.0
2500,6,0,5,4,4,24.0
2500,6,7,5,4,4,18.0
2500,6,8,5,2,2,5.0
2500,6,17,5,8,8,50.0
2500,6,18,5,5,5,24.0
2500,6,19,3,2,2,13.0
2500,6,34,5,4,4,21.0
2500,6,41,5,2,2,16.0
2500,6,74,2,3,3,11.0
2500,6,79,2,1,1,3.0
2500,6,89,5,4,4,22.0
2500,6,93,2,1,1,6.0
2500,6,94,4,2,2,17.0
2500,6,95,2,1,1,8.0
2500,6,101,4,3,3,19.0
2500,6,102,2,2,2,14.0
2500,6,104,5,6,6,54.0
2500,6,105,2,1,1,5.0
2500,6,111,2,1,1,9.0
2500,6,112,2,1,1,9.0
2500,6,113,4,3,3,16.0
2500,6,114,4,2,2,24.0
2500,6,115,5,8,8,36.0
2500,6,121,5,1,1,10.0
2500,6,122,5,3,3,12.0
2500,6,123,5,3,3,18.0
2500,6,130,5,5,5,12.0
2500,6,131,4,6,6,32.0
2500,6,135,5,1,1,3.0
2500,6,140,3,1,1,15.0
2500,6,152,4,1,1,3.0
2500,6,166,5,2,2,4.0
2500,6,171,5,2,2,22.0
2500,6,186,2,1,1,1.0
2500,6,197,4,1,1,7.0
2500,6,207,4,1,1,7.0
2500,6,222,2,1,1,3.0
2500,7,15,5,4,4,23.0
2500,7,24,5,3,3,17.0
2500,7,25,5,6,6,61.0
2500,7,32,4,4,4,26.0
2500,7,37,5,3,3,8.0
2500,7,38,4,2,2,14.0
2500,7,47,5,4,4,18.0
2500,7,49,5,2,2,24.0
2500,7,50,5,5,5,26.0
2500,7,57,5,1,1,6.0
2500,7,58,2,1,1,3.0
2500,7,62,5,8,8,43.0
2500,7,67,5,5,5,20.0
2500,7,72,2,1,1,6.0
2500,7,74,2,1,1,7.0
2500,7,76,2,1,1,8.0
2500,7,79,2,1,1,8.0
2500,7,83,5,3,3,22.0
2500,7,84,5,5,5,29.0
2500,7,85,4,1,1,5.0
2500,7,86,3,1,1,5.0
2500,7,87,5,2,2,13.0
2500,7,88,2,1,1,12.0
2500,7,103,2,1,1,12.0
2500,7,104,3,4,4,19.0
2500,7,105,2,1,1,3.0
2500,7,110,2,1,1,7.0
2500,7,113,5,2,2,5.0
2500,7,120,2,1,1,1.0
2500,7,124,2,1,1,5.0
2500,7,127,5,3,3,6.0
2500,7,128,4,3,3,14.0
2500,7,132,4,1,1,7.0
2500,7,133,3,1,1,6.0
2500,7,152,5,1,1,4.0
2500,7,172,5,2,2,7.0
2500,7,191,4,2,2,11.0
2500,7,197,5,1,1,2.0
2500,7,204,2,2,2,8.0
2500,7,209,4,1,1,2.0
2500,8,0,4,8,8,41.0
2500,8,6,5,8,8,28.0
2500,8,14,5,2,2,7.0
2500,8,22,5,4,4,30.0
2500,8,27,5,6,6,23.0
2500,8,28,5,6,6,31.0
2500,8,29,3,1,1,4.0
2500,8,45,5,3,3,19.0
2500,8,58,2,1,1,5.0
2500,8,65,4,3,3,10.0
2500,8,76,4,3,3,21.0
2500,8,86,4,2,2,14.0
2500,8,90,5,6,6,24.0
2500,8,94,4,3,3,11.0
2500,8,99,2,1,1,6.0
2500,8,104,3,3,3,17.0
2500,8,105,2,1,1,4.0
2500,8,107,2,1,1,6.0
2500,8,110,5,2,2,22.0
2500,8,116,2,2,2,11.0
2500,8,117,2,1,1,5.0
2500,8,123,2,1,1,9.0
2500,8,125,5,5,5,39.0
2500,8,127,2,2,2,8.0
2500,8,130,2,1,1,6.0
2500,8,132,2,1,1,6.0
2500,8,133,2,1,1,7.0
2500,8,135,2,1,1,5.0
2500,8,138,6,8,8,30.0
2500,8,143,5,2,2,16.0
2500,8,148,2,1,1,6.0
2500,8,153,5,1,1,11.0
2500,8,155,5,4,4,26.0
2500,8,157,2,1,1,6.0
2500,8,160,2,1,1,7.0
2500,8,161,5,6,6,27.0
2500,8,164,4,1,1,4.0
2500,8,165,5,1,1,5.0
2500,8,166,5,2,2,10.0
2500,8,184,2,1,1,1.0
2500,8,188,5,1,1,3.0
2500,8,200,3,1,1,3.0
2500,8,202,5,1,1,2.0
2500,8,216,2,1,1,8.0
2500,8,238,5,2,2,4.0
2500,8,247,4,2,2,10.0
2500,8,262,3,1,1,3.0
2500,8,268,5,1,1,4.0
2500,9,2,3,2,2,16.0
2500,9,14,2,4,4,14.0
2500,9,20,5,7,7,44.0
2500,9,21,4,6,6,27.0
2500,9,24,2,1,1,7.0
2500,9,28,4,3,3,23.0
2500,9,35,2,1,1,7.0
2500,9,37,4,4,4,25.0
2500,9,49,2,2,2,10.0
2500,9,50,5,6,6,14.0
2500,9,58,3,5,5,22.0
2500,9,84,5,10,10,56.0
2500,9,86,2,1,1,4.0
2500,9,87,4,2,2,10.0
2500,9,88,2,1,1,6.0
2500,9,96,5,7,7,33.0
2500,9,100,2,1,1,7.0
2500,9,102,2,2,2,6.0
2500,9,112,2,1,1,2.0
2500,9,116,2,2,2,11.0
2500,9,119,2,1,1,1.0
2500,9,120,4,2,2,13.0
2500,9,121,5,4,4,21.0
2500,9,122,2,2,2,13.0
2500,9,123,2,1,1,5.0
2500,9,125,4,2,2,6.0
2500,9,127,2,1,1,3.0
2500,9,132,5,3,3,11.0
2500,9,133,4,1,1,8.0
2500,9,138,3,7,7,39.0
2500,9,140,2,1,1,3.0
2500,9,144,2,1,1,7.0
2500,9,145,2,1,1,5.0
2500,9,152,2,2,2,12.0
2500,9,160,2,1,1,5.0
2500,9,171,2,1,1,8.0
2500,9,176,4,3,3,13.0
2500,9,177,3,1,1,3.0
2500,9,183,5,2,2,3.0
2500,9,193,2,1,1,10.0
2500,9,195,5,2,2,9.0
2500,9,197,2,1,1,4.0
2500,9,203,4,1,1,8.0
2500,9,204,5,1,1,1.0
2500,9,216,5,2,2,7.0
2500,9,219,2,1,1,1.0
2500,9,223,2,1,1,5.0
2500,9,228,2,1,1,3.0
2500,9,229,4,1,1,3.0
2500,9,237,2,1,1,6.0
2500,9,252,2,1,1,3.0
2500,9,258,2,1,1,1.0
2500,9,261,2,1,1,1.0
2500,9,263,2,1,1,1.0
2500,9,266,2,1,1,2.0
2500,9,276,2,1,1,1.0
2500,9,300,2,1,1,4.0
2500,9,304,2,1,1,3.0
2500,9,305,2,1,1,1.0
2500,9,309,2,1,1,2.0
2500,10,5,4,4,4,21.0
2500,10,8,5,7,7,42.0
2500,10,13,5,6,6,28.0
2500,10,15,5,4,4,10.0
2500,10,25,4,7,7,21.0
2500,10,26,5,4,4,15.0
2500,10,36,5,8,8,28.0
2500,10,44,2,2,2,10.0
2500,10,54,2,1,1,5.0
2500,10,64,5,1,1,9.0
2500,10,65,4,1,1,4.0
2500,10,66,4,3,3,18.0
2500,10,67,5,3,3,11.0
2500,10,68,5,6,6,31.0
2500,10,101,5,5,5,10.0
2500,10,106,5,2,2,8.0
2500,10,107,5,3,3,15.0
2500,10,108,5,4,4,17.0
2500,10,118,4,2,2,14.0
2500,10,140,4,2,2,7.0
2500,10,141,3,3,3,28.0
2500,10,142,2,1,1,4.0
2500,10,144,2,1,1,5.0
2500,10,146,2,2,2,11.0
2500,10,153,2,1,1,8.0
2500,10,157,2,1,1,7.0
2500,10,160,2,1,1,2.0
2500,10,164,2,1,1,3.0
2500,10,165,5,2,2,3.0
2500,10,167,2,2,2,16.0
2500,10,176,5,4,4,11.0
2500,10,182,2,1,1,6.0
2500,10,192,2,1,1,4.0
2500,10,195,5,1,1,5.0
2500,10,200,2,1,1,4.0
2500,10,202,2,2,2,4.0
2500,10,205,2,1,1,2.0
2500,10,208,4,3,3,16.0
2500,10,219,2,1,1,3.0
2500,10,234,2,1,1,2.0
2500,10,253,5,2,2,8.0
2500,10,272,4,1,1,3.0
2500,10,283,5,2,2,3.0
2500,10,298,2,1,1,3.0
2500,10,308,5,1,1,2.0
2500,10,317,2,1,1,7.0
2500,11,0,5,5,5,34.0
2500,11,14,2,6,6,21.0
2500,11,22,5,9,9,52.0
2500,11,26,5,7,7,34.0
2500,11,32,4,3,3,18.0
2500,11,34,2,1,1,2.0
2500,11,49,3,6,6,34.0
2500,11,53,2,1,1,9.0
2500,11,69,2,3,3,11.0
2500,11,85,2,1,1,4.0
2500,11,97,5,4,4,15.0
2500,11,99,2,2,2,7.0
2500,11,100,2,1,1,9.0
2500,11,104,2,1,1,6.0
2500,11,108,5,3,3,9.0
2500,11,109,2,1,1,6.0
2500,11,111,2,1,1,6.0
2500,11,113,2,1,1,8.0
2500,11,114,5,7,7,30.0
2500,11,115,5,4,4,20.0
2500,11,116,3,2,2,12.0
2500,11,119,2,1,1,4.0
2500,11,121,3,5,5,21.0
2500,11,124,2,1,1,7.0
2500,11,126,2,1,1,5.0
2500,11,131,2,1,1,8.0
2500,11,133,2,1,1,8.0
2500,11,134,4,4,4,24.0
2500,11,141,5,3,3,11.0
2500,11,147,5,4,4,14.0
2500,11,160,4,1,1,2.0
2500,11,164,2,1,1,3.0
2500,11,165,5,2,2,7.0
2500,11,167,2,1,1,5.0
2500,11,172,2,1,1,1.0
2500,11,175,2,1,1,4.0
2500,11,177,3,1,1,1.0
2500,11,180,3,1,1,2.0
2500,11,184,2,1,1,3.0
2500,11,187,2,1,1,2.0
2500,11,193,5,1,1,6.0
2500,11,197,3,2,2,5.0
2500,11,199,2,2,2,6.0
2500,11,204,5,1,1,1.0
2500,11,205,5,3,3,7.0
2500,11,209,2,1,1,2.0
2500,11,214,5,3,3,10.0
2500,11,218,2,1,1,6.0
2500,11,237,5,1,1,1.0
2500,11,283,3,1,1,2.0
2500,11,284,3,1,1,2.0
2500,12,4,5,5,5,27.0
2500,12,6,2,2,2,10.0
2500,12,7,5,7,7,23.0
2500,12,13,5,5,5,25.0
2500,12,14,5,3,3,9.0
2500,12,25,5,1,1,5.0
2500,12,33,3,1,1,4.0
2500,12,49,4,1,1,5.0
2500,12,52,5,4,4,21.0
2500,12,53,5,7,7,24.0
2500,12,70,5,3,3,11.0
2500,12,72,4,6,6,33.0
2500,12,87,2,1,1,3.0
2500,12,88,5,2,2,10.0
2500,12,92,5,8,8,36.0
2500,12,93,2,1,1,5.0
2500,12,95,2,1,1,9.0
2500,12,97,2,1,1,1.0
2500,12,100,2,1,1,7.0
2500,12,104,2,1,1,6.0
2500,12,107,5,1,1,8.0
2500,12,111,5,4,4,10.0
2500,12,112,2,3,3,9.0
2500,12,115,2,1,1,7.0
2500,12,116,5,5,5,26.0
2500,12,117,5,1,1,4.0
2500,12,118,4,3,3,19.0
2500,12,120,2,1,1,4.0
2500,12,127,2,3,3,14.0
2500,12,129,2,2,2,6.0
2500,12,132,2,1,1,8.0
2500,12,140,4,1,1,5.0
2500,12,141,5,3,3,11.0
2500,12,142,3,1,1,6.0
2500,12,144,2,1,1,2.0
2500,12,147,4,1,1,3.0
2500,12,153,4,2,2,6.0
2500,12,160,2,1,1,4.0
2500,12,167,5,5,5,14.0
2500,12,169,5,1,1,3.0
2500,12,170,5,2,2,8.0
2500,12,187,5,1,1,4.0
2500,12,190,5,1,1,5.0
2500,12,192,2,1,1,7.0
2500,12,206,5,1,1,5.0
2500,12,219,2,1,1,1.0
2500,12,236,4,1,1,2.0
2500,12,266,2,1,1,3.0
2500,13,7,5,6,6,47.0
2500,13,9,5,3,3,21.0
2500,13,10,5,4,4,16.0
2500,13,18,2,1,1,6.0
2500,13,22,2,1,1,6.0
2500,13,38,4,1,1,5.0
2500,13,51,4,1,1,4.0
2500,13,66,3,5,5,27.0
2500,13,85,5,5,5,37.0
2500,13,91,4,9,9,36.0
2500,13,92,5,7,7,44.0
2500,13,94,5,8,8,34.0
2500,13,101,4,7,7,26.0
2500,13,104,5,6,6,32.0
2500,13,106,2,1,1,9.0
2500,13,121,2,1,1,10.0
2500,13,123,5,6,6,41.0
2500,13,124,2,1,1,2.0
2500,13,132,3,1,1,8.0
2500,13,138,2,1,1,5.0
2500,13,148,2,1,1,4.0
2500,13,156,2,1,1,4.0
2500,13,161,5,2,2,15.0
2500,13,163,5,2,2,8.0
2500,13,168,5,1,1,4.0
2500,13,174,4,1,1,6.0
2500,13,175,3,2,2,6.0
2500,13,182,4,1,1,4.0
2500,13,183,4,2,2,7.0
2500,13,184,2,1,1,3.0
2500,13,190,5,2,2,7.0
2500,13,191,5,1,1,1.0
2500,13,203,5,2,2,5.0
2500,13,205,5,3,3,8.0
2500,13,210,5,1,1,2.0
2500,13,223,4,2,2,5.0
2500,13,229,5,3,3,9.0
2500,13,250,2,1,1,5.0
2500,13,258,2,2,2,6.0
2500,13,271,3,2,2,5.0
2500,13,281,5,2,2,5.0
2500,13,314,4,1,1,2.0
2500,14,0,5,2,2,21.0
2500,14,1,5,3,3,15.0
2500,14,10,5,3,3,18.0
2500,14,12,4,2,2,11.0
2500,14,13,5,5,5,21.0
2500,14,23,5,5,5,31.0
2500,14,28,5,3,3,11.0
2500,14,34,7,6,6,21.0
2500,14,39,5,5,5,20.0
2500,14,45,5,6,6,33.0
2500,14,46,5,2,2,10.0
2500,14,47,5,3,3,20.0
2500,14,49,5,1,1,3.0
2500,14,50,4,3,3,5.0
2500,14,58,2,1,1,6.0
2500,14,60,2,1,1,6.0
2500,14,63,5,8,8,47.0
2500,14,64,5,1,1,4.0
2500,14,71,5,2,2,8.0
2500,14,77,3,1,1,5.0
2500,14,81,5,7,7,33.0
2500,14,85,2,1,1,2.0
2500,14,86,4,2,2,8.0
2500,14,89,2,1,1,3.0
2500,14,91,2,2,2,4.0
2500,14,100,3,1,1,5.0
2500,14,102,2,1,1,7.0
2500,14,109,2,1,1,5.0
2500,14,123,4,2,2,4.0
2500,14,124,5,1,1,1.0
2500,14,150,2,1,1,3.0
2500,14,160,2,3,3,14.0
2500,14,163,2,1,1,3.0
2500,14,190,2,1,1,4.0
2500,14,203,5,1,1,1.0
2500,14,215,2,3,3,10.0
2500,14,223,5,1,1,3.0
2500,14,230,2,1,1,6.0
2500,14,246,2,1,1,2.0
2500,14,251,2,1,1,1.0
2500,15,0,5,4,4,23.0
2500,15,1,3,3,3,9.0
2500,15,11,5,4,4,19.0
2500,15,13,4,1,1,23.0
2500,15,15,3,1,1,11.0
2500,15,30,5,3,3,16.0
2500,15,34,3,4,4,24.0
2500,15,35,5,6,6,31.0
2500,15,42,5,7,7,36.0
2500,15,65,5,5,5,27.0
2500,15,87,5,4,4,18.0
2500,15,92,5,7,7,40.0
2500,15,101,2,1,1,9.0
2500,15,103,5,5,5,30.0
2500,15,105,5,4,4,24.0
2500,15,106,3,3,3,14.0
2500,15,109,4,6,6,36.0
2500,15,114,2,1,1,6.0
2500,15,115,4,5,5,28.0
2500,15,116,5,1,1,8.0
2500,15,132,5,3,3,18.0
2500,15,133,5,5,5,25.0
2500,15,141,2,1,1,8.0
2500,15,145,5,3,3,18.0
2500,15,147,2,1,1,3.0
2500,15,148,2,3,3,8.0
2500,15,152,5,2,2,5.0
2500,15,167,2,1,1,5.0
2500,15,172,5,2,2,10.0
2500,15,173,5,2,2,4.0
2500,15,181,2,1,1,7.0
2500,15,184,4,1,1,5.0
2500,15,185,5,1,1,6.0
2500,15,186,5,1,1,6.0
2500,15,191,4,1,1,2.0
2500,15,195,2,1,1,2.0
2500,15,196,2,1,1,2.0
2500,15,205,5,1,1,2.0
2500,15,209,5,1,1,5.0
2500,15,210,5,1,1,2.0
2500,15,211,5,1,1,9.0
2500,15,218,6,1,1,4.0
2500,15,236,4,1,1,4.0
2500,15,238,2,2,2,6.0
2500,15,261,5,1,1,3.0
2500,15,262,5,1,1,6.0
2500,15,275,5,1,1,2.0
2500,15,309,5,1,1,1.0
2500,16,0,5,2,2,12.0
2500,16,1,4,3,3,11.0
2500,16,4,5,7,7,28.0
2500,16,9,5,1,1,11.0
2500,16,24,3,3,3,8.0
2500,16,25,5,6,6,26.0
2500,16,29,4,2,2,23.0
2500,16,33,5,2,2,9.0
2500,16,34,4,2,2,15.0
2500,16,38,5,7,7,43.0
2500,16,40,4,5,5,20.0
2500,16,54,5,3,3,18.0
2500,16,55,5,5,5,26.0
2500,16,61,2,2,2,6.0
2500,16,63,2,1,1,6.0
2500,16,65,2,1,1,3.0
2500,16,69,5,4,4,28.0
2500,16,70,3,1,1,5.0
2500,16,71,2,1,1,6.0
2500,16,75,5,2,2,12.0
2500,16,76,2,1,1,5.0
2500,16,77,2,1,1,8.0
2500,16,81,4,1,1,7.0
2500,16,83,2,2,2,9.0
2500,16,95,5,2,2,11.0
2500,16,100,2,1,1,9.0
2500,16,108,5,2,2,6.0
2500,16,109,5,2,2,5.0
2500,16,114,2,1,1,5.0
2500,16,116,2,1,1,5.0
2500,16,117,3,2,2,12.0
2500,16,121,2,2,2,7.0
2500,16,125,2,1,1,3.0
2500,16,127,5,3,3,10.0
2500,16,133,2,1,1,4.0
2500,16,135,5,1,1,3.0
2500,16,137,4,1,1,5.0
2500,16,140,2,1,1,3.0
2500,16,144,4,2,2,6.0
2500,16,151,5,4,4,18.0
2500,16,152,5,3,3,15.0
2500,16,157,2,1,1,3.0
2500,16,166,4,2,2,7.0
2500,16,171,5,3,3,12.0
2500,16,185,3,1,1,1.0
2500,16,188,2,1,1,1.0
2500,16,200,2,1,1,4.0
2500,16,209,5,1,1,3.0
2500,16,213,4,1,1,5.0
2500,16,232,2,1,1,5.0
2500,17,12,5,5,5,27.0
2500,17,13,5,4,4,31.0
2500,17,14,5,2,2,12.0
2500,17,15,5,7,7,40.0
2500,17,25,5,9,9,34.0
2500,17,34,2,2,2,14.0
2500,17,49,4,1,1,3.0
2500,17,72,3,1,1,3.0
2500,17,74,5,5,5,20.0
2500,17,80,5,6,6,32.0
2500,17,85,5,2,2,6.0
2500,17,88,2,1,1,3.0
2500,17,89,5,10,10,33.0
2500,17,97,2,1,1,6.0
2500,17,104,5,6,6,37.0
2500,17,105,4,1,1,4.0
2500,17,110,4,2,2,12.0
2500,17,112,4,1,1,1.0
2500,17,113,2,1,1,5.0
2500,17,115,2,1,1,7.0
2500,17,119,5,1,1,5.0
2500,17,120,3,2,2,10.0
2500,17,122,5,7,7,22.0
2500,17,123,4,4,4,11.0
2500,17,129,4,1,1,4.0
2500,17,131,2,1,1,5.0
2500,17,135,5,4,4,8.0
2500,17,139,2,1,1,7.0
2500,17,141,5,5,5,18.0
2500,17,146,2,1,1,2.0
2500,17,148,5,3,3,9.0
2500,17,149,5,1,1,3.0
2500,17,150,5,2,2,4.0
2500,17,154,5,1,1,5.0
2500,17,158,5,2,2,5.0
2500,17,165,3,1,1,7.0
2500,17,170,2,2,2,16.0
2500,17,191,5,1,1,6.0
2500,17,198,5,3,3,17.0
2500,17,216,4,1,1,2.0
2500,17,235,2,1,1,1.0
2500,17,244,5,2,2,4.0
2500,18,12,5,7,7,36.0
2500,18,24,5,5,5,19.0
2500,18,28,5,4,4,26.0
2500,18,42,5,4,4,15.0
2500,18,59,6,4,4,16.0
2500,18,60,4,1,1,7.0
2500,18,73,5,7,7,26.0
2500,18,94,5,4,4,35.0
2500,18,105,2,1,1,6.0
2500,18,110,5,7,7,42.0
2500,18,111,5,8,8,57.0
2500,18,112,2,1,1,4.0
2500,18,117,2,1,1,3.0
2500,18,118,2,1,1,9.0
2500,18,119,4,5,5,20.0
2500,18,120,5,5,5,30.0
2500,18,126,2,1,1,4.0
2500,18,130,2,1,1,6.0
2500,18,131,2,1,1,7.0
2500,18,132,2,2,2,12.0
2500,18,136,2,2,2,8.0
2500,18,137,3,4,4,15.0
2500,18,138,3,2,2,10.0
2500,18,139,3,1,1,3.0
2500,18,140,4,4,4,27.0
2500,18,141,5,6,6,32.0
2500,18,142,3,1,1,3.0
2500,18,144,2,1,1,4.0
2500,18,148,2,1,1,5.0
2500,18,152,2,1,1,6.0
2500,18,154,5,3,3,10.0
2500,18,155,5,3,3,10.0
2500,18,159,2,1,1,7.0
2500,18,163,2,1,1,6.0
2500,18,166,3,1,1,16.0
2500,18,169,2,1,1,3.0
2500,18,181,2,1,1,6.0
2500,18,183,2,1,1,3.0
2500,18,192,2,1,1,4.0
2500,18,195,5,2,2,8.0
2500,18,199,4,1,1,4.0
2500,18,206,5,3,3,4.0
2500,18,207,5,2,2,5.0
2500,18,220,2,1,1,1.0
2500,18,229,2,1,1,6.0
2500,18,252,2,1,1,1.0
2500,18,257,5,2,2,4.0
2500,18,287,2,1,1,1.0
2500,19,16,5,2,2,8.0
2500,19,22,5,8,8,29.0
2500,19,27,3,2,2,12.0
2500,19,28,5,6,6,33.0
2500,19,30,4,5,5,34.0
2500,19,43,2,3,3,10.0
2500,19,56,5,8,8,47.0
2500,19,63,2,1,1,5.0
2500,19,70,2,8,8,31.0
2500,19,72,3,3,3,19.0
2500,19,78,5,10,10,48.0
2500,19,79,5,6,6,32.0
2500,19,87,2,2,2,12.0
2500,19,96,5,10,10,49.0
2500,19,97,4,3,3,33.0
2500,19,107,2,1,1,6.0
2500,19,109,2,2,2,14.0
2500,19,113,3,3,3,24.0
2500,19,118,2,1,1,3.0
2500,19,121,4,1,1,6.0
2500,19,124,3,2,2,7.0
2500,19,138,3,2,2,2.0
2500,19,150,3,3,3,19.0
2500,19,155,2,1,1,4.0
2500,19,158,5,1,1,4.0
2500,19,162,4,1,1,2.0
2500,19,168,5,3,3,7.0
2500,19,169,5,3,3,7.0
2500,19,172,2,1,1,3.0
2500,19,188,2,1,1,1.0
2500,19,192,3,1,1,2.0
2500,19,197,2,1,1,7.0
2500,19,211,2,1,1,2.0
2500,19,227,5,1,1,1.0
2500,19,253,4,1,1,3.0
2500,19,255,5,1,1,4.0
2500,20,0,5,6,6,42.0
2500,20,1,4,1,1,2.0
2500,20,4,5,6,6,22.0
2500,20,31,5,5,5,30.0
2500,20,32,5,3,3,14.0
2500,20,34,5,4,4,21.0
2500,20,45,4,3,3,16.0
2500,20,53,5,7,7,33.0
2500,20,64,5,4,4,21.0
2500,20,65,5,3,3,12.0
2500,20,73,4,2,2,15.0
2500,20,82,2,1,1,1.0
2500,20,86,5,5,5,24.0
2500,20,90,5,1,1,10.0
2500,20,95,5,6,6,25.0
2500,20,97,5,2,2,29.0
2500,20,108,5,8,8,49.0
2500,20,110,5,5,5,19.0
2500,20,111,4,4,4,23.0
2500,20,112,5,1,1,8.0
2500,20,113,4,1,1,11.0
2500,20,114,5,2,2,13.0
2500,20,126,5,1,1,3.0
2500,20,127,2,1,1,4.0
2500,20,146,2,1,1,5.0
2500,20,151,3,4,4,11.0
2500,20,164,3,1,1,6.0
2500,20,167,3,1,1,7.0
2500,20,168,5,1,1,5.0
2500,20,170,2,1,1,6.0
2500,20,178,2,1,1,3.0
2500,20,187,5,1,1,4.0
2500,20,200,5,2,2,6.0
2500,20,205,5,3,3,9.0
2500,20,211,5,5,5,11.0
2500,20,220,5,2,2,13.0
2500,20,252,6,1,1,1.0
2500,20,253,2,1,1,2.0
2500,20,284,2,1,1,2.0
2500,20,286,2,1,1,1.0
2500,21,13,4,1,1,6.0
2500,21,15,5,7,7,42.0
2500,21,18,2,1,1,4.0
2500,21,30,5,3,3,16.0
2500,21,33,5,3,3,21.0
2500,21,38,5,9,9,35.0
2500,21,39,5,2,2,11.0
2500,21,46,5,4,4,12.0
2500,21,48,4,4,4,28.0
2500,21,52,4,2,2,17.0
2500,21,54,5,7,7,31.0
2500,21,55,5,7,7,39.0
2500,21,63,5,2,2,12.0
2500,21,64,5,4,4,22.0
2500,21,68,5,3,3,15.0
2500,21,72,5,3,3,14.0
2500,21,75,2,1,1,11.0
2500,21,77,5,1,1,5.0
2500,21,81,3,3,3,35.0
2500,21,84,2,1,1,6.0
2500,21,85,2,1,1,8.0
2500,21,92,2,1,1,6.0
2500,21,93,2,1,1,9.0
2500,21,94,4,2,2,9.0
2500,21,95,4,5,5,19.0
2500,21,102,2,1,1,6.0
2500,21,106,2,1,1,6.0
2500,21,111,2,2,2,15.0
2500,21,116,2,1,1,6.0
2500,21,124,3,2,2,8.0
2500,21,144,5,1,1,2.0
2500,21,145,6,1,1,8.0
2500,21,155,2,1,1,6.0
2500,21,156,4,3,3,12.0
2500,21,157,4,3,3,21.0
2500,21,158,5,1,1,2.0
2500,21,168,2,1,1,4.0
2500,21,202,5,1,1,12.0
2500,21,217,5,1,1,6.0
2500,22,0,5,3,3,19.0
2500,22,1,3,5,5,17.0
2500,22,3,2,1,1,7.0
2500,22,11,5,3,3,14.0
2500,22,12,5,8,8,40.0
2500,22,31,5,7,7,43.0
2500,22,32,4,3,3,8.0
2500,22,33,5,5,5,17.0
2500,22,36,5,2,2,8.0
2500,22,42,5,2,2,11.0
2500,22,48,4,3,3,12.0
2500,22,50,4,2,2,8.0
2500,22,51,4,5,5,22.0
2500,22,52,4,2,2,6.0
2500,22,58,4,2,2,15.0
2500,22,59,5,9,9,36.0
2500,22,61,5,4,4,9.0
2500,22,63,2,3,3,7.0
2500,22,64,2,1,1,6.0
2500,22,78,2,1,1,6.0
2500,22,80,3,1,1,10.0
2500,22,84,2,2,2,5.0
2500,22,85,4,8,8,28.0
2500,22,89,3,6,6,25.0
2500,22,90,4,1,1,5.0
2500,22,98,2,2,2,8.0
2500,22,100,3,4,4,21.0
2500,22,106,2,1,1,6.0
2500,22,115,2,1,1,6.0
2500,22,118,2,1,1,4.0
2500,22,122,5,6,6,23.0
2500,22,129,2,1,1,7.0
2500,22,134,2,1,1,1.0
2500,22,145,2,1,1,8.0
2500,22,146,5,1,1,5.0
2500,22,155,5,4,4,17.0
2500,22,170,2,1,1,3.0
2500,22,174,5,1,1,5.0
2500,22,175,5,1,1,3.0
2500,22,176,2,1,1,1.0
2500,22,196,3,1,1,4.0
2500,22,200,2,1,1,1.0
2500,22,205,3,1,1,7.0
2500,22,242,2,1,1,2.0
2500,22,246,2,1,1,1.0
2500,22,258,4,1,1,3.0
2500,22,283,3,1,1,5.0
2500,23,0,5,1,1,2.0
2500,23,13,5,1,1,3.0
2500,23,21,5,7,7,33.0
2500,23,24,5,3,3,9.0
2500,23,25,5,1,1,4.0
2500,23,26,3,2,2,18.0
2500,23,49,5,5,5,27.0
2500,23,51,5,6,6,25.0
2500,23,52,5,4,4,13.0
2500,23,69,4,1,1,10.0
2500,23,77,5,5,5,15.0
2500,23,90,3,1,1,10.0
2500,23,95,5,6,6,27.0
2500,23,96,4,7,7,39.0
2500,23,97,3,1,1,8.0
2500,23,98,5,3,3,20.0
2500,23,106,5,3,3,28.0
2500,23,107,5,4,4,23.0
2500,23,110,5,2,2,20.0
2500,23,111,5,3,3,17.0
2500,23,112,4,3,3,14.0
2500,23,116,3,1,1,6.0
2500,23,117,5,5,5,26.0
2500,23,118,5,5,5,34.0
2500,23,124,2,1,1,3.0
2500,23,135,2,1,1,1.0
2500,23,140,5,1,1,1.0
2500,23,141,5,2,2,7.0
2500,23,158,3,2,2,4.0
2500,23,160,2,2,2,5.0
2500,23,165,2,1,1,1.0
2500,23,182,2,1,1,7.0
2500,23,195,3,1,1,2.0
2500,23,200,5,1,1,5.0
2500,23,205,2,1,1,3.0
2500,23,215,4,1,1,7.0
2500,23,217,3,1,1,4.0
2500,23,222,8,1,1,4.0
2500,23,228,2,1,1,3.0
2500,23,233,3,1,1,4.0
2500,23,242,2,1,1,2.0
2500,23,249,4,1,1,3.0
2500,23,277,2,1,1,6.0
2500,23,284,2,1,1,1.0
5000,0,0,5,9,9,49.0
5000,0,2,5,5,5,35.0
5000,0,9,5,2,2,14.0
5000,0,10,4,9,9,32.0
5000,0,19,5,7,7,34.0
5000,0,22,5,1,1,11.0
5000,0,26,5,4,4,22.0
5000,0,41,5,12,12,48.0
5000,0,42,5,10,10,63.0
5000,0,44,4,6,6,38.0
5000,0,79,2,1,1,5.0
5000,0,82,5,1,1,6.0
5000,0,86,5,10,10,54.0
5000,0,88,2,1,1,6.0
5000,0,90,3,2,2,11.0
5000,0,91,2,1,1,5.0
5000,0,107,5,8,8,59.0
5000,0,108,2,1,1,7.0
5000,0,110,2,1,1,10.0
5000,0,119,2,1,1,3.0
5000,0,122,4,3,3,24.0
5000,0,126,4,6,6,41.0
5000,0,127,2,1,1,9.0
5000,0,128,5,6,6,26.0
5000,0,129,2,2,2,8.0
5000,0,133,2,2,2,8.0
5000,0,135,2,1,1,5.0
5000,0,136,2,1,1,6.0
5000,0,148,2,1,1,4.0
5000,0,150,2,2,2,11.0
5000,0,156,4,2,2,14.0
5000,0,158,2,1,1,4.0
5000,0,162,4,1,1,11.0
5000,0,163,2,1,1,4.0
5000,0,167,5,4,4,23.0
5000,0,171,4,3,3,14.0
5000,0,178,5,5,5,41.0
5000,0,179,3,1,1,3.0
5000,0,186,2,1,1,7.0
5000,0,188,2,1,1,6.0
5000,0,190,4,2,2,6.0
5000,0,191,4,1,1,7.0
5000,0,192,2,1,1,3.0
5000,0,200,2,3,3,9.0
5000,0,207,5,1,1,1.0
5000,0,222,3,2,2,9.0
5000,0,240,5,1,1,4.0
5000,0,250,2,1,1,6.0
5000,0,257,2,1,1,6.0
5000,0,260,2,1,1,2.0
5000,1,20,4,10,10,43.0
5000,1,24,2,3,3,15.0
5000,1,30,2,4,4,21.0
5000,1,34,2,3,3,7.0
5000,1,58,5,9,9,50.0
5000,1,59,5,1,1,2.0
5000,1,68,5,1,1,4.0
5000,1,69,4,2,2,11.0
5000,1,76,5,5,5,43.0
5000,1,88,5,10,10,53.0
5000,1,90,2,1,1,5.0
5000,1,104,2,1,1,4.0
5000,1,107,2,1,1,6.0
5000,1,108,5,4,4,23.0
5000,1,109,4,4,4,23.0
5000,1,112,2,1,1,7.0
5000,1,116,3,7,7,40.0
5000,1,119,3,1,1,5.0
5000,1,121,3,9,9,47.0
5000,1,123,2,1,1,6.0
5000,1,127,2,1,1,8.0
5000,1,128,2,1,1,7.0
5000,1,130,5,4,4,35.0
5000,1,131,2,2,2,6.0
5000,1,134,5,4,4,37.0
5000,1,137,2,1,1,5.0
5000,1,139,5,6,6,43.0
5000,1,140,2,1,1,6.0
5000,1,146,5,3,3,12.0
5000,1,147,5,7,7,39.0
5000,1,150,5,3,3,15.0
5000,1,161,4,2,2,13.0
5000,1,164,2,1,1,9.0
5000,1,167,2,1,1,3.0
5000,1,175,2,2,2,12.0
5000,1,178,5,4,4,27.0
5000,1,188,4,1,1,2.0
5000,1,193,5,2,2,16.0
5000,1,198,4,1,1,7.0
5000,1,199,5,4,4,20.0
5000,1,205,4,2,2,3.0
5000,1,211,2,1,1,2.0
5000,1,216,2,1,1,4.0
5000,1,220,5,1,1,3.0
5000,1,223,3,1,1,1.0
5000,1,231,4,1,1,3.0
5000,1,257,2,1,1,8.0
5000,1,259,5,1,1,7.0
5000,2,11,5,6,6,45.0
5000,2,21,3,6,6,34.0
5000,2,22,5,6,6,34.0
5000,2,25,5,6,6,28.0
5000,2,34,5,7,7,33.0
5000,2,35,4,5,5,28.0
5000,2,36,5,4,4,21.0
5000,2,40,5,8,8,38.0
5000,2,51,4,4,4,21.0
5000,2,67,5,7,7,30.0
5000,2,69,5,5,5,22.0
5000,2,75,2,5,5,24.0
5000,2,76,5,10,10,56.0
5000,2,77,4,2,2,7.0
5000,2,78,4,1,1,4.0
5000,2,87,2,1,1,7.0
5000,2,97,5,5,5,39.0
5000,2,98,5,8,8,41.0
5000,2,102,2,1,1,1.0
5000,2,103,5,6,6,41.0
5000,2,108,2,1,1,7.0
5000,2,110,3,7,7,28.0
5000,2,114,5,6,6,15.0
5000,2,116,4,3,3,18.0
5000,2,118,2,2,2,11.0
5000,2,126,2,1,1,7.0
5000,2,127,2,1,1,3.0
5000,2,138,4,3,3,18.0
5000,2,140,2,1,1,6.0
5000,2,144,5,2,2,11.0
5000,2,145,4,2,2,8.0
5000,2,146,2,3,3,14.0
5000,2,149,2,1,1,6.0
5000,2,153,4,1,1,8.0
5000,2,154,4,5,5,26.0
5000,2,159,2,1,1,8.0
5000,2,175,5,5,5,20.0
5000,2,190,5,2,2,8.0
5000,2,196,5,1,1,3.0
5000,2,223,2,3,3,15.0
5000,2,224,5,2,2,11.0
5000,2,229,5,3,3,12.0
5000,2,235,5,1,1,2.0
5000,2,239,2,1,1,8.0
5000,2,248,2,1,1,2.0
5000,2,263,2,1,1,3.0
5000,2,267,5,2,2,10.0
5000,2,270,3,1,1,4.0
5000,2,289,5,1,1,6.0
5000,3,2,3,6,6,28.0
5000,3,10,5,3,3,22.0
5000,3,17,5,8,8,31.0
5000,3,25,3,5,5,22.0
5000,3,39,4,3,3,15.0
5000,3,45,3,2,2,10.0
5000,3,53,5,7,7,41.0
5000,3,63,5,6,6,34.0
5000,3,68,4,8,8,46.0
5000,3,90,4,7,7,27.0
5000,3,96,5,10,10,37.0
5000,3,101,5,9,9,41.0
5000,3,102,5,9,9,50.0
5000,3,117,4,1,1,5.0
5000,3,122,5,9,9,63.0
5000,3,125,2,1,1,3.0
5000,3,126,2,1,1,5.0
5000,3,128,2,1,1,6.0
5000,3,133,5,5,5,37.0
5000,3,149,2,1,1,3.0
5000,3,151,5,4,4,24.0
5000,3,155,3,1,1,5.0
5000,3,158,4,3,3,18.0
5000,3,160,5,7,7,39.0
5000,3,165,2,2,2,7.0
5000,3,178,5,2,2,14.0
5000,3,179,4,1,1,5.0
5000,3,182,2,1,1,8.0
5000,3,184,2,1,1,4.0
5000,3,185,2,1,1,7.0
5000,3,190,3,1,1,5.0
5000,3,193,5,2,2,11.0
5000,3,203,5,4,4,22.0
5000,3,210,2,2,2,9.0
5000,3,211,4,2,2,10.0
5000,3,212,5,3,3,13.0
5000,3,231,5,1,1,2.0
5000,3,240,4,2,2,11.0
5000,3,245,2,1,1,1.0
5000,3,252,4,1,1,5.0
5000,3,255,5,1,1,3.0
5000,3,267,2,1,1,2.0
5000,3,290,4,1,1,3.0
5000,4,0,5,5,5,27.0
5000,4,1,5,5,5,43.0
5000,4,2,5,3,3,19.0
5000,4,11,5,5,5,21.0
5000,4,27,5,8,8,33.0
5000,4,36,4,3,3,13.0
5000,4,37,3,3,3,15.0
5000,4,42,5,3,3,15.0
5000,4,53,4,1,1,11.0
5000,4,57,5,3,3,16.0
5000,4,62,5,6,6,28.0
5000,4,64,5,7,7,35.0
5000,4,65,5,4,4,23.0
5000,4,67,3,2,2,10.0
5000,4,68,3,2,2,15.0
5000,4,82,4,5,5,33.0
5000,4,86,3,1,1,7.0
5000,4,89,2,1,1,3.0
5000,4,90,2,1,1,3.0
5000,4,94,2,1,1,4.0
5000,4,97,4,4,4,29.0
5000,4,99,5,2,2,16.0
5000,4,110,2,1,1,6.0
5000,4,112,2,1,1,6.0
5000,4,114,5,5,5,31.0
5000,4,115,3,9,9,46.0
5000,4,116,2,1,1,6.0
5000,4,120,2,1,1,4.0
5000,4,128,4,2,2,5.0
5000,4,130,2,1,1,4.0
5000,4,137,2,3,3,18.0
5000,4,138,5,1,1,7.0
5000,4,139,2,1,1,2.0
5000,4,140,4,2,2,11.0
5000,4,143,4,3,3,10.0
5000,4,144,5,4,4,14.0
5000,4,146,5,5,5,32.0
5000,4,148,4,2,2,7.0
5000,4,149,2,1,1,11.0
5000,4,150,2,1,1,4.0
5000,4,164,4,1,1,2.0
5000,4,173,5,2,2,7.0
5000,4,177,4,1,1,6.0
5000,4,200,5,1,1,2.0
5000,4,201,4,2,2,5.0
5000,4,206,2,1,1,3.0
5000,4,209,4,2,2,6.0
5000,4,212,4,2,2,12.0
5000,4,219,5,2,2,12.0
5000,4,220,5,1,1,4.0
5000,4,221,5,2,2,11.0
5000,4,248,5,1,1,2.0
5000,5,16,5,3,3,15.0
5000,5,17,5,6,6,29.0
5000,5,22,4,5,5,37.0
5000,5,33,5,12,12,60.0
5000,5,34,4,3,3,14.0
5000,5,40,4,8,8,42.0
5000,5,41,4,1,1,2.0
5000,5,49,5,3,3,21.0
5000,5,67,4,7,7,41.0
5000,5,71,2,1,1,11.0
5000,5,73,5,1,1,16.0
5000,5,74,5,6,6,26.0
5000,5,79,5,6,6,43.0
5000,5,81,2,1,1,4.0
5000,5,83,2,1,1,3.0
5000,5,89,2,2,2,6.0
5000,5,99,5,9,9,47.0
5000,5,100,5,4,4,31.0
5000,5,105,3,1,1,10.0
5000,5,106,4,8,8,43.0
5000,5,109,2,1,1,6.0
5000,5,111,5,4,4,27.0
5000,5,118,5,3,3,27.0
5000,5,120,2,1,1,4.0
5000,5,123,5,3,3,17.0
5000,5,126,2,1,1,8.0
5000,5,132,4,5,5,23.0
5000,5,136,2,1,1,6.0
5000,5,138,2,1,1,6.0
5000,5,142,5,2,2,7.0
5000,5,143,4,5,5,24.0
5000,5,146,3,2,2,8.0
5000,5,147,2,1,1,4.0
5000,5,158,5,4,4,24.0
5000,5,159,5,2,2,10.0
5000,5,161,2,1,1,1.0
5000,5,166,5,1,1,14.0
5000,5,167,3,1,1,4.0
5000,5,168,4,1,1,5.0
5000,5,173,3,1,1,5.0
5000,5,177,5,7,7,25.0
5000,5,180,5,4,4,17.0
5000,5,190,2,1,1,7.0
5000,5,194,5,1,1,5.0
5000,5,196,5,1,1,2.0
5000,5,199,2,1,1,4.0
5000,5,213,2,1,1,3.0
5000,5,219,3,1,1,3.0
5000,5,224,2,1,1,4.0
5000,5,227,5,2,2,7.0
5000,5,228,5,2,2,5.0
5000,5,229,5,1,1,4.0
5000,5,233,2,2,2,2.0
5000,5,252,2,1,1,8.0
5000,5,256,3,1,1,4.0
5000,5,257,5,1,1,5.0
5000,6,0,5,6,6,45.0
5000,6,6,5,7,7,49.0
5000,6,13,3,9,9,35.0
5000,6,24,5,8,8,33.0
5000,6,37,5,9,9,35.0
5000,6,38,5,5,5,24.0
5000,6,47,4,6,6,31.0
5000,6,48,5,7,7,38.0
5000,6,53,4,3,3,18.0
5000,6,76,5,6,6,42.0
5000,6,77,5,5,5,43.0
5000,6,81,2,1,1,6.0
5000,6,82,5,7,7,43.0
5000,6,83,5,1,1,5.0
5000,6,88,5,10,10,55.0
5000,6,92,5,7,7,41.0
5000,6,93,5,5,5,28.0
5000,6,95,2,1,1,5.0
5000,6,101,2,1,1,7.0
5000,6,115,2,1,1,5.0
5000,6,116,5,1,1,9.0
5000,6,120,2,1,1,2.0
5000,6,128,2,1,1,7.0
5000,6,130,5,4,4,16.0
5000,6,136,2,1,1,3.0
5000,6,137,2,1,1,2.0
5000,6,139,4,2,2,11.0
5000,6,140,5,1,1,3.0
5000,6,145,2,1,1,11.0
5000,6,150,2,1,1,12.0
5000,6,152,2,2,2,7.0
5000,6,159,5,7,7,51.0
5000,6,163,2,1,1,4.0
5000,6,165,5,2,2,12.0
5000,6,166,5,4,4,23.0
5000,6,171,4,1,1,5.0
5000,6,172,5,5,5,28.0
5000,6,175,2,1,1,7.0
5000,6,182,2,1,1,7.0
5000,6,186,5,1,1,7.0
5000,6,191,4,1,1,6.0
5000,6,199,2,1,1,8.0
5000,6,223,5,1,1,8.0
5000,6,240,5,1,1,4.0
5000,6,242,2,1,1,4.0
5000,7,9,5,7,7,32.0
5000,7,29,4,4,4,21.0
5000,7,31,5,9,9,52.0
5000,7,32,5,4,4,32.0
5000,7,33,5,8,8,51.0
5000,7,34,3,2,2,13.0
5000,7,40,5,2,2,7.0
5000,7,63,5,5,5,37.0
5000,7,71,5,2,2,13.0
5000,7,72,5,4,4,18.0
5000,7,73,5,5,5,21.0
5000,7,74,5,1,1,4.0
5000,7,83,5,6,6,43.0
5000,7,84,5,1,1,7.0
5000,7,95,5,9,9,67.0
5000,7,101,5,5,5,33.0
5000,7,102,5,5,5,23.0
5000,7,103,4,9,9,59.0
5000,7,104,4,2,2,11.0
5000,7,111,5,3,3,27.0
5000,7,115,2,1,1,5.0
5000,7,122,2,1,1,5.0
5000,7,124,5,2,2,34.0
5000,7,126,4,4,4,15.0
5000,7,131,2,1,1,3.0
5000,7,133,4,1,1,8.0
5000,7,148,2,1,1,4.0
5000,7,150,4,1,1,2.0
5000,7,152,5,4,4,16.0
5000,7,153,2,1,1,6.0
5000,7,155,5,1,1,5.0
5000,7,158,2,1,1,1.0
5000,7,163,5,1,1,10.0
5000,7,164,5,1,1,28.0
5000,7,173,5,3,3,11.0
5000,7,175,5,2,2,9.0
5000,7,176,5,1,1,3.0
5000,7,187,2,1,1,9.0
5000,7,196,2,1,1,6.0
5000,7,198,5,1,1,4.0
5000,7,202,4,1,1,9.0
5000,7,208,4,1,1,6.0
5000,7,216,3,1,1,4.0
5000,7,236,2,1,1,4.0
5000,8,12,3,1,1,9.0
5000,8,19,2,1,1,5.0
5000,8,21,5,8,8,36.0
5000,8,32,4,8,8,37.0
5000,8,42,4,4,4,26.0
5000,8,46,5,8,8,39.0
5000,8,60,4,3,3,16.0
5000,8,66,2,2,2,7.0
5000,8,78,2,1,1,6.0
5000,8,79,5,9,9,53.0
5000,8,80,3,5,5,24.0
5000,8,82,2,1,1,9.0
5000,8,84,2,1,1,8.0
5000,8,89,5,7,7,40.0
5000,8,98,2,1,1,5.0
5000,8,100,4,10,10,48.0
5000,8,107,5,8,8,47.0
5000,8,108,2,2,2,9.0
5000,8,111,2,1,1,7.0
5000,8,119,5,7,7,30.0
5000,8,120,4,2,2,15.0
5000,8,134,5,8,8,45.0
5000,8,145,5,5,5,25.0
5000,8,146,5,1,1,1.0
5000,8,147,5,1,1,10.0
5000,8,148,5,8,8,37.0
5000,8,150,2,1,1,4.0
5000,8,155,2,2,2,8.0
5000,8,156,5,3,3,12.0
5000,8,158,2,2,2,9.0
5000,8,160,4,3,3,10.0
5000,8,172,2,1,1,10.0
5000,8,176,2,1,1,1.0
5000,8,182,4,1,1,9.0
5000,8,186,2,1,1,1.0
5000,8,188,2,1,1,5.0
5000,8,193,2,2,2,3.0
5000,8,198,2,2,2,10.0
5000,8,200,2,1,1,7.0
5000,8,208,4,1,1,3.0
5000,8,209,5,2,2,14.0
5000,8,213,5,1,1,7.0
5000,8,215,2,1,1,6.0
5000,8,221,5,2,2,11.0
5000,8,230,2,1,1,5.0
5000,8,232,4,2,2,11.0
5000,8,240,5,1,1,1.0
5000,8,249,5,1,1,3.0
5000,8,254,5,1,1,3.0
5000,9,1,4,7,7,32.0
5000,9,26,5,11,11,54.0
5000,9,34,5,6,6,30.0
5000,9,35,5,10,10,47.0
5000,9,45,5,10,10,41.0
5000,9,75,5,12,12,69.0
5000,9,84,2,1,1,10.0
5000,9,86,4,5,5,41.0
5000,9,91,5,8,8,53.0
5000,9,92,3,2,2,8.0
5000,9,95,2,2,2,11.0
5000,9,101,4,1,1,5.0
5000,9,102,4,1,1,7.0
5000,9,103,2,1,1,5.0
5000,9,108,3,1,1,7.0
5000,9,109,3,6,6,31.0
5000,9,114,2,1,1,5.0
5000,9,120,2,1,1,6.0
5000,9,122,2,1,1,5.0
5000,9,124,2,1,1,5.0
5000,9,127,5,14,14,58.0
5000,9,128,2,1,1,4.0
5000,9,136,2,1,1,6.0
5000,9,140,5,7,7,35.0
5000,9,142,2,2,2,5.0
5000,9,144,5,4,4,29.0
5000,9,146,2,1,1,6.0
5000,9,150,3,1,1,7.0
5000,9,151,5,4,4,24.0
5000,9,157,2,1,1,8.0
5000,9,160,2,1,1,6.0
5000,9,164,2,2,2,10.0
5000,9,173,5,4,4,17.0
5000,9,179,2,2,2,6.0
5000,9,180,4,6,6,23.0
5000,9,181,5,1,1,5.0
5000,9,184,2,1,1,4.0
5000,9,188,5,4,4,20.0
5000,9,209,5,4,4,25.0
5000,9,217,2,1,1,4.0
5000,9,224,2,2,2,6.0
5000,9,228,2,1,1,7.0
5000,9,231,5,1,1,4.0
5000,9,242,2,1,1,1.0
5000,9,244,2,1,1,4.0
5000,9,247,2,2,2,5.0
5000,9,250,2,2,2,5.0
5000,9,251,2,2,2,2.0
5000,9,253,5,2,2,9.0
5000,9,270,4,1,1,4.0
5000,9,271,5,1,1,8.0
5000,9,272,2,1,1,7.0
5000,10,0,5,2,2,10.0
5000,10,1,4,1,1,11.0
5000,10,15,5,8,8,58.0
5000,10,23,4,2,2,9.0
5000,10,27,5,3,3,15.0
5000,10,40,5,4,4,18.0
5000,10,45,4,1,1,13.0
5000,10,51,4,5,5,30.0
5000,10,52,5,2,2,12.0
5000,10,54,5,4,4,24.0
5000,10,69,4,2,2,13.0
5000,10,70,5,2,2,8.0
5000,10,80,4,4,4,30.0
5000,10,83,4,7,7,42.0
5000,10,91,5,8,8,51.0
5000,10,92,5,4,4,22.0
5000,10,97,3,4,4,23.0
5000,10,98,2,1,1,5.0
5000,10,101,2,2,2,6.0
5000,10,104,2,1,1,5.0
5000,10,105,2,1,1,7.0
5000,10,109,4,1,1,6.0
5000,10,110,2,1,1,10.0
5000,10,117,5,3,3,16.0
5000,10,121,5,5,5,20.0
5000,10,122,2,2,2,10.0
5000,10,127,5,5,5,22.0
5000,10,128,5,3,3,13.0
5000,10,129,3,1,1,3.0
5000,10,131,5,4,4,28.0
5000,10,132,2,1,1,4.0
5000,10,133,3,1,1,6.0
5000,10,137,5,7,7,34.0
5000,10,141,2,1,1,2.0
5000,10,148,5,2,2,5.0
5000,10,149,5,2,2,11.0
5000,10,154,2,1,1,4.0
5000,10,157,4,2,2,11.0
5000,10,158,5,2,2,12.0
5000,10,160,2,1,1,7.0
5000,10,170,2,1,1,9.0
5000,10,176,5,1,1,11.0
5000,10,184,5,1,1,5.0
5000,10,221,5,1,1,7.0
5000,11,4,2,2,2,13.0
5000,11,8,5,6,6,27.0
5000,11,35,5,10,10,52.0
5000,11,36,5,8,8,37.0
5000,11,53,3,3,3,12.0
5000,11,54,5,8,8,35.0
5000,11,58,5,4,4,25.0
5000,11,70,3,1,1,3.0
5000,11,87,5,8,8,48.0
5000,11,88,4,3,3,14.0
5000,11,92,5,5,5,32.0
5000,11,93,5,10,10,54.0
5000,11,99,5,6,6,47.0
5000,11,111,2,1,1,1.0
5000,11,114,2,3,3,10.0
5000,11,117,2,1,1,10.0
5000,11,121,3,1,1,8.0
5000,11,127,4,1,1,2.0
5000,11,131,4,2,2,8.0
5000,11,132,2,2,2,12.0
5000,11,133,2,1,1,1.0
5000,11,138,3,7,7,27.0
5000,11,140,2,1,1,5.0
5000,11,142,5,3,3,15.0
5000,11,143,3,3,3,16.0
5000,11,148,2,1,1,6.0
5000,11,151,2,1,1,7.0
5000,11,153,4,3,3,8.0
5000,11,154,5,1,1,5.0
5000,11,158,2,1,1,3.0
5000,11,161,5,6,6,28.0
5000,11,164,5,6,6,35.0
5000,11,176,3,1,1,7.0
5000,11,178,2,1,1,5.0
5000,11,182,2,1,1,2.0
5000,11,183,2,1,1,6.0
5000,11,185,4,1,1,11.0
5000,11,187,5,1,1,3.0
5000,11,188,4,3,3,15.0
5000,11,191,3,1,1,7.0
5000,11,200,2,1,1,5.0
5000,11,210,5,4,4,14.0
5000,11,216,2,1,1,2.0
5000,11,217,2,1,1,4.0
5000,11,219,3,3,3,14.0
5000,11,221,5,2,2,5.0
5000,11,228,2,2,2,6.0
5000,11,230,5,1,1,6.0
5000,11,240,2,1,1,7.0
5000,11,245,5,1,1,1.0
5000,11,255,5,1,1,3.0
5000,11,269,2,1,1,2.0
5000,11,275,5,1,1,5.0
5000,11,282,5,1,1,7.0
5000,12,6,5,8,8,42.0
5000,12,7,5,9,9,52.0
5000,12,17,5,7,7,31.0
5000,12,22,5,5,5,27.0
5000,12,27,5,5,5,30.0
5000,12,58,5,1,1,3.0
5000,12,61,5,4,4,22.0
5000,12,67,5,7,7,43.0
5000,12,68,4,2,2,9.0
5000,12,75,5,7,7,44.0
5000,12,82,2,2,2,11.0
5000,12,88,2,2,2,11.0
5000,12,89,3,1,1,8.0
5000,12,90,3,4,4,22.0
5000,12,92,5,7,7,41.0
5000,12,93,3,3,3,20.0
5000,12,94,4,3,3,13.0
5000,12,107,5,8,8,47.0
5000,12,108,2,1,1,3.0
5000,12,115,4,4,4,36.0
5000,12,128,2,1,1,6.0
5000,12,129,2,1,1,2.0
5000,12,138,2,1,1,4.0
5000,12,141,3,1,1,5.0
5000,12,143,2,1,1,6.0
5000,12,145,2,1,1,9.0
5000,12,147,2,2,2,11.0
5000,12,149,4,1,1,5.0
5000,12,150,3,4,4,18.0
5000,12,153,2,2,2,9.0
5000,12,160,2,1,1,3.0
5000,12,161,5,5,5,31.0
5000,12,169,2,2,2,6.0
5000,12,172,2,1,1,6.0
5000,12,173,2,2,2,11.0
5000,12,177,5,5,5,40.0
5000,12,178,5,1,1,2.0
5000,12,179,3,1,1,1.0
5000,12,184,5,2,2,4.0
5000,12,185,5,5,5,16.0
5000,12,190,5,5,5,13.0
5000,12,191,2,2,2,5.0
5000,12,193,5,8,8,26.0
5000,12,194,5,3,3,10.0
5000,12,196,2,1,1,5.0
5000,12,199,5,3,3,8.0
5000,12,200,5,1,1,9.0
5000,12,202,2,1,1,2.0
5000,12,236,3,2,2,4.0
5000,12,242,2,1,1,5.0
5000,12,243,2,1,1,5.0
5000,12,246,8,5,5,22.0
5000,12,250,2,1,1,3.0
5000,12,254,5,1,1,5.0
5000,12,275,2,1,1,3.0
5000,12,286,2,1,1,6.0
5000,12,293,2,1,1,5.0
5000,12,295,5,1,1,9.0
5000,13,1,5,11,11,39.0
5000,13,6,4,1,1,6.0
5000,13,7,5,1,1,8.0
5000,13,8,5,8,8,43.0
5000,13,30,5,5,5,22.0
5000,13,42,5,6,6,32.0
5000,13,43,5,1,1,7.0
5000,13,46,4,7,7,29.0
5000,13,47,5,5,5,27.0
5000,13,50,5,6,6,35.0
5000,13,57,4,7,7,46.0
5000,13,63,5,3,3,23.0
5000,13,66,4,4,4,24.0
5000,13,84,5,5,5,25.0
5000,13,87,3,3,3,13.0
5000,13,95,5,7,7,33.0
5000,13,96,2,1,1,6.0
5000,13,99,2,1,1,7.0
5000,13,100,2,1,1,5.0
5000,13,102,2,1,1,6.0
5000,13,103,2,1,1,4.0
5000,13,107,5,2,2,16.0
5000,13,111,4,1,1,6.0
5000,13,112,2,1,1,5.0
5000,13,114,3,1,1,10.0
5000,13,117,2,1,1,5.0
5000,13,118,2,1,1,3.0
5000,13,122,4,2,2,8.0
5000,13,123,5,5,5,34.0
5000,13,128,2,1,1,5.0
5000,13,130,5,4,4,18.0
5000,13,131,3,2,2,8.0
5000,13,134,3,3,3,19.0
5000,13,138,5,2,2,9.0
5000,13,143,5,1,1,6.0
5000,13,144,3,1,1,5.0
5000,13,152,5,3,3,25.0
5000,13,156,2,1,1,6.0
5000,13,169,4,2,2,11.0
5000,13,173,4,1,1,1.0
5000,13,176,4,1,1,2.0
5000,13,191,5,3,3,11.0
5000,13,192,5,3,3,21.0
5000,13,195,2,1,1,3.0
5000,13,202,5,1,1,4.0
5000,13,206,5,1,1,3.0
5000,13,219,4,1,1,7.0
5000,13,220,5,2,2,8.0
5000,14,0,5,5,5,23.0
5000,14,6,5,3,3,7.0
5000,14,7,5,3,3,21.0
5000,14,14,4,3,3,11.0
5000,14,22,5,5,5,45.0
5000,14,23,4,4,4,25.0
5000,14,24,5,3,3,20.0
5000,14,29,5,1,1,4.0
5000,14,36,5,5,5,20.0
5000,14,37,5,6,6,49.0
5000,14,72,5,5,5,27.0
5000,14,75,4,4,4,21.0
5000,14,84,5,5,5,29.0
5000,14,85,5,1,1,5.0
5000,14,86,5,6,6,23.0
5000,14,89,5,4,4,15.0
5000,14,94,5,2,2,5.0
5000,14,101,4,1,1,8.0
5000,14,113,2,2,2,13.0
5000,14,114,5,10,10,42.0
5000,14,117,5,5,5,21.0
5000,14,118,4,8,8,37.0
5000,14,121,2,1,1,4.0
5000,14,124,2,1,1,9.0
5000,14,125,2,1,1,6.0
5000,14,129,2,2,2,7.0
5000,14,131,2,1,1,7.0
5000,14,135,4,2,2,12.0
5000,14,138,2,2,2,10.0
5000,14,141,2,1,1,3.0
5000,14,149,2,1,1,6.0
5000,14,150,3,2,2,16.0
5000,14,153,2,1,1,6.0
5000,14,158,5,4,4,18.0
5000,14,167,5,5,5,19.0
5000,14,168,4,3,3,14.0
5000,14,178,5,1,1,3.0
5000,14,180,5,3,3,17.0
5000,14,186,2,1,1,5.0
5000,14,196,3,1,1,4.0
5000,14,213,2,2,2,10.0
5000,14,228,2,1,1,2.0
5000,14,230,4,1,1,7.0
5000,15,0,4,7,7,36.0
5000,15,1,5,10,10,52.0
5000,15,27,5,6,6,28.0
5000,15,28,5,3,3,24.0
5000,15,29,5,8,8,47.0
5000,15,68,5,6,6,31.0
5000,15,69,5,6,6,25.0
5000,15,72,5,8,8,47.0
5000,15,84,4,9,9,36.0
5000,15,85,3,4,4,32.0
5000,15,90,2,1,1,9.0
5000,15,92,2,1,1,6.0
5000,15,104,2,1,1,4.0
5000,15,106,4,3,3,18.0
5000,15,107,5,1,1,2.0
5000,15,114,2,1,1,4.0
5000,15,122,2,1,1,8.0
5000,15,126,4,6,6,35.0
5000,15,127,2,1,1,9.0
5000,15,128,2,1,1,8.0
5000,15,130,5,9,9,48.0
5000,15,132,4,8,8,41.0
5000,15,135,3,1,1,4.0
5000,15,138,5,4,4,14.0
5000,15,140,3,2,2,5.0
5000,15,143,4,5,5,28.0
5000,15,144,2,1,1,8.0
5000,15,146,2,1,1,2.0
5000,15,152,2,1,1,5.0
5000,15,153,4,1,1,5.0
5000,15,154,2,1,1,7.0
5000,15,161,4,4,4,26.0
5000,15,162,4,3,3,13.0
5000,15,163,2,1,1,8.0
5000,15,173,2,1,1,5.0
5000,15,174,3,1,1,5.0
5000,15,181,5,3,3,14.0
5000,15,193,4,1,1,1.0
5000,15,199,5,1,1,6.0
5000,15,208,4,4,4,15.0
5000,15,210,2,1,1,6.0
5000,15,217,2,2,2,7.0
5000,15,227,2,1,1,5.0
5000,15,259,3,1,1,5.0
5000,16,6,4,8,8,47.0
5000,16,13,4,8,8,39.0
5000,16,26,4,4,4,18.0
5000,16,27,3,1,1,3.0
5000,16,28,4,9,9,35.0
5000,16,47,4,5,5,22.0
5000,16,48,5,4,4,14.0
5000,16,58,2,5,5,10.0
5000,16,106,5,6,6,51.0
5000,16,111,5,13,13,67.0
5000,16,112,4,4,4,16.0
5000,16,114,5,8,8,38.0
5000,16,118,5,4,4,20.0
5000,16,119,4,1,1,7.0
5000,16,121,2,1,1,7.0
5000,16,123,2,1,1,3.0
5000,16,133,5,7,7,41.0
5000,16,134,5,9,9,46.0
5000,16,135,3,1,1,6.0
5000,16,137,2,1,1,3.0
5000,16,138,4,5,5,29.0
5000,16,139,5,4,4,11.0
5000,16,142,2,3,3,13.0
5000,16,144,3,1,1,11.0
5000,16,145,2,1,1,4.0
5000,16,153,2,1,1,6.0
5000,16,154,3,1,1,9.0
5000,16,155,2,2,2,5.0
5000,16,156,5,1,1,1.0
5000,16,158,2,2,2,6.0
5000,16,159,2,1,1,5.0
5000,16,170,2,1,1,9.0
5000,16,176,2,2,2,10.0
5000,16,177,2,1,1,4.0
5000,16,181,5,5,5,39.0
5000,16,182,4,1,1,8.0
5000,16,184,2,1,1,4.0
5000,16,188,2,1,1,10.0
5000,16,197,5,1,1,4.0
5000,16,200,2,1,1,5.0
5000,16,206,4,3,3,18.0
5000,16,207,4,1,1,3.0
5000,16,212,2,1,1,4.0
5000,16,221,4,1,1,4.0
5000,16,228,2,1,1,1.0
5000,16,231,2,1,1,5.0
5000,16,239,4,1,1,3.0
5000,16,244,3,2,2,6.0
5000,16,271,5,2,2,12.0
5000,16,273,2,2,2,10.0
5000,16,275,2,1,1,4.0
5000,16,300,2,1,1,4.0
5000,17,15,4,1,1,6.0
5000,17,16,5,4,4,21.0
5000,17,19,3,8,8,36.0
5000,17,20,5,8,8,41.0
5000,17,24,4,6,6,29.0
5000,17,25,5,7,7,53.0
5000,17,37,5,5,5,30.0
5000,17,40,5,10,10,52.0
5000,17,44,4,1,1,6.0
5000,17,50,5,4,4,20.0
5000,17,65,4,7,7,44.0
5000,17,77,4,1,1,5.0
5000,17,78,5,9,9,68.0
5000,17,79,4,4,4,25.0
5000,17,87,5,6,6,32.0
5000,17,89,5,2,2,10.0
5000,17,91,5,7,7,39.0
5000,17,100,2,1,1,5.0
5000,17,111,2,1,1,8.0
5000,17,112,3,1,1,7.0
5000,17,116,5,2,2,13.0
5000,17,117,5,7,7,21.0
5000,17,119,5,2,2,8.0
5000,17,125,2,1,1,2.0
5000,17,129,5,9,9,45.0
5000,17,131,2,1,1,3.0
5000,17,134,5,6,6,32.0
5000,17,145,5,1,1,6.0
5000,17,161,5,2,2,6.0
5000,17,168,2,2,2,9.0
5000,17,173,2,1,1,5.0
5000,17,182,2,1,1,2.0
5000,17,185,5,7,7,43.0
5000,17,189,5,2,2,7.0
5000,17,190,5,3,3,11.0
5000,17,202,4,1,1,3.0
5000,17,203,5,1,1,1.0
5000,17,225,2,1,1,4.0
5000,17,227,2,1,1,4.0
5000,17,233,5,1,1,3.0
5000,17,236,2,1,1,1.0
5000,17,247,4,1,1,5.0
5000,17,252,5,1,1,2.0
5000,18,0,5,4,4,35.0
5000,18,12,5,4,4,14.0
5000,18,23,5,2,2,20.0
5000,18,24,5,7,7,37.0
5000,18,28,5,4,4,28.0
5000,18,29,5,3,3,13.0
5000,18,30,5,7,7,50.0
5000,18,35,5,5,5,37.0
5000,18,47,4,3,3,17.0
5000,18,59,4,1,1,8.0
5000,18,78,4,1,1,5.0
5000,18,85,5,7,7,45.0
5000,18,91,5,5,5,30.0
5000,18,92,4,1,1,5.0
5000,18,104,2,2,2,5.0
5000,18,105,5,7,7,55.0
5000,18,113,5,6,6,37.0
5000,18,116,2,1,1,4.0
5000,18,117,2,1,1,6.0
5000,18,118,2,1,1,7.0
5000,18,122,5,6,6,29.0
5000,18,124,2,1,1,9.0
5000,18,125,5,3,3,12.0
5000,18,132,5,6,6,31.0
5000,18,135,5,2,2,14.0
5000,18,138,4,3,3,21.0
5000,18,139,4,2,2,9.0
5000,18,142,2,1,1,7.0
5000,18,149,3,1,1,4.0
5000,18,152,5,1,1,6.0
5000,18,158,6,1,1,9.0
5000,18,161,2,1,1,1.0
5000,18,166,5,3,3,23.0
5000,18,168,5,1,1,3.0
5000,18,178,5,1,1,1.0
5000,18,180,2,1,1,2.0
5000,18,184,5,2,2,9.0
5000,18,191,4,1,1,4.0
5000,18,197,3,1,1,13.0
5000,18,210,4,1,1,1.0
5000,18,230,5,1,1,7.0
5000,19,0,5,7,7,41.0
5000,19,6,5,5,5,25.0
5000,19,32,5,8,8,43.0
5000,19,34,2,1,1,5.0
5000,19,50,5,6,6,31.0
5000,19,61,2,1,1,6.0
5000,19,63,4,6,6,27.0
5000,19,68,5,6,6,28.0
5000,19,69,5,2,2,6.0
5000,19,70,4,8,8,45.0
5000,19,82,2,1,1,9.0
5000,19,97,5,9,9,49.0
5000,19,98,3,4,4,21.0
5000,19,99,2,1,1,4.0
5000,19,100,2,1,1,9.0
5000,19,106,4,5,5,30.0
5000,19,108,2,1,1,10.0
5000,19,110,2,2,2,4.0
5000,19,111,2,3,3,10.0
5000,19,112,2,1,1,5.0
5000,19,113,5,9,9,55.0
5000,19,114,5,2,2,17.0
5000,19,115,3,1,1,5.0
5000,19,116,3,6,6,29.0
5000,19,118,2,1,1,6.0
5000,19,120,2,1,1,6.0
5000,19,127,2,2,2,9.0
5000,19,128,5,8,8,54.0
5000,19,131,7,10,10,57.0
5000,19,137,2,1,1,8.0
5000,19,140,2,1,1,4.0
5000,19,143,2,2,2,7.0
5000,19,148,2,1,1,5.0
5000,19,151,5,6,6,31.0
5000,19,152,5,1,1,8.0
5000,19,163,5,5,5,24.0
5000,19,168,2,1,1,3.0
5000,19,176,2,1,1,5.0
5000,19,190,2,2,2,7.0
5000,19,196,5,3,3,12.0
5000,19,202,5,2,2,13.0
5000,19,204,2,1,1,5.0
5000,19,207,5,2,2,8.0
5000,19,216,2,1,1,4.0
5000,19,220,2,2,2,9.0
5000,19,237,5,3,3,11.0
5000,19,258,2,2,2,9.0
5000,20,47,5,6,6,21.0
5000,20,51,2,4,4,14.0
5000,20,56,2,1,1,4.0
5000,20,70,4,4,4,15.0
5000,20,72,2,3,3,7.0
5000,20,74,4,5,5,16.0
5000,20,75,5,4,4,23.0
5000,20,76,4,9,9,44.0
5000,20,82,5,7,7,63.0
5000,20,86,2,1,1,1.0
5000,20,91,2,1,1,3.0
5000,20,100,5,5,5,20.0
5000,20,101,4,7,7,47.0
5000,20,103,2,1,1,6.0
5000,20,105,2,1,1,6.0
5000,20,111,5,6,6,28.0
5000,20,112,2,1,1,6.0
5000,20,122,5,6,6,32.0
5000,20,126,4,7,7,33.0
5000,20,129,2,1,1,1.0
5000,20,134,2,1,1,6.0
5000,20,137,3,9,9,48.0
5000,20,140,2,2,2,10.0
5000,20,141,5,4,4,26.0
5000,20,147,2,1,1,5.0
5000,20,148,2,1,1,6.0
5000,20,151,2,1,1,5.0
5000,20,152,5,7,7,44.0
5000,20,153,3,2,2,12.0
5000,20,155,2,3,3,12.0
5000,20,157,2,1,1,5.0
5000,20,159,5,7,7,31.0
5000,20,160,5,5,5,46.0
5000,20,162,2,1,1,4.0
5000,20,163,4,3,3,11.0
5000,20,164,2,1,1,3.0
5000,20,169,2,1,1,6.0
5000,20,182,2,1,1,1.0
5000,20,185,2,1,1,2.0
5000,20,187,3,2,2,6.0
5000,20,189,5,2,2,10.0
5000,20,193,2,1,1,4.0
5000,20,195,2,1,1,5.0
5000,20,204,5,4,4,11.0
5000,20,205,5,3,3,8.0
5000,20,211,5,2,2,11.0
5000,20,220,5,3,3,10.0
5000,20,224,5,7,7,32.0
5000,20,233,4,2,2,7.0
5000,20,244,5,3,3,13.0
5000,20,263,3,1,1,4.0
5000,20,269,4,1,1,5.0
5000,20,273,5,1,1,5.0
5000,20,274,3,1,1,11.0
5000,20,279,3,1,1,2.0
5000,20,287,2,1,1,3.0
5000,21,9,3,8,8,37.0
5000,21,24,5,5,5,27.0
5000,21,27,5,6,6,36.0
5000,21,28,5,8,8,48.0
5000,21,36,4,6,6,26.0
5000,21,44,5,5,5,23.0
5000,21,49,2,4,4,18.0
5000,21,55,5,6,6,36.0
5000,21,71,3,3,3,16.0
5000,21,72,3,2,2,9.0
5000,21,79,5,5,5,23.0
5000,21,80,3,3,3,15.0
5000,21,86,2,1,1,3.0
5000,21,96,5,8,8,46.0
5000,21,100,5,5,5,24.0
5000,21,103,2,1,1,5.0
5000,21,105,5,9,9,40.0
5000,21,106,5,2,2,15.0
5000,21,110,2,1,1,5.0
5000,21,117,4,3,3,11.0
5000,21,118,5,8,8,42.0
5000,21,122,2,1,1,4.0
5000,21,126,5,1,1,6.0
5000,21,138,5,4,4,26.0
5000,21,139,5,5,5,32.0
5000,21,142,2,1,1,1.0
5000,21,143,2,1,1,7.0
5000,21,148,2,1,1,4.0
5000,21,154,5,4,4,17.0
5000,21,156,5,1,1,5.0
5000,21,160,5,2,2,7.0
5000,21,174,5,2,2,9.0
5000,21,186,3,1,1,4.0
5000,21,187,2,1,1,4.0
5000,21,189,2,1,1,4.0
5000,21,195,5,1,1,5.0
5000,21,197,5,1,1,1.0
5000,21,201,2,1,1,3.0
5000,21,224,5,1,1,8.0
5000,21,253,5,1,1,6.0
5000,22,5,4,4,4,23.0
5000,22,22,2,2,2,4.0
5000,22,29,5,2,2,9.0
5000,22,30,4,8,8,53.0
5000,22,31,4,3,3,23.0
5000,22,32,5,7,7,27.0
5000,22,36,5,9,9,39.0
5000,22,43,5,4,4,19.0
5000,22,49,5,6,6,34.0
5000,22,65,5,7,7,29.0
5000,22,73,4,3,3,16.0
5000,22,87,4,7,7,34.0
5000,22,102,5,4,4,26.0
5000,22,106,2,2,2,6.0
5000,22,108,5,4,4,18.0
5000,22,110,2,2,2,11.0
5000,22,112,5,6,6,21.0
5000,22,113,4,1,1,6.0
5000,22,118,4,8,8,54.0
5000,22,126,2,3,3,16.0
5000,22,130,2,2,2,16.0
5000,22,135,2,1,1,5.0
5000,22,140,2,1,1,7.0
5000,22,142,2,2,2,13.0
5000,22,143,2,3,3,11.0
5000,22,147,4,2,2,8.0
5000,22,148,5,4,4,18.0
5000,22,151,2,1,1,3.0
5000,22,152,5,3,3,16.0
5000,22,159,5,5,5,17.0
5000,22,160,2,1,1,1.0
5000,22,162,2,2,2,8.0
5000,22,164,2,1,1,3.0
5000,22,181,2,1,1,3.0
5000,22,182,5,3,3,7.0
5000,22,190,3,2,2,14.0
5000,22,196,2,1,1,4.0
5000,22,198,4,2,2,11.0
5000,22,199,4,3,3,18.0
5000,22,202,5,3,3,17.0
5000,22,203,5,4,4,18.0
5000,22,205,5,1,1,2.0
5000,22,211,2,1,1,11.0
5000,22,214,2,1,1,3.0
5000,22,228,5,3,3,16.0
5000,22,229,4,1,1,4.0
5000,22,230,5,4,4,16.0
5000,22,239,4,1,1,1.0
5000,22,264,2,1,1,4.0
5000,22,270,5,2,2,13.0
5000,22,275,5,1,1,6.0
5000,22,283,2,1,1,5.0
5000,23,1,4,4,4,21.0
5000,23,12,5,5,5,19.0
5000,23,28,3,4,4,23.0
5000,23,29,5,6,6,34.0
5000,23,52,5,15,15,64.0
5000,23,53,5,1,1,7.0
5000,23,71,3,4,4,22.0
5000,23,80,5,9,9,53.0
5000,23,92,4,9,9,44.0
5000,23,94,5,6,6,24.0
5000,23,96,5,7,7,54.0
5000,23,103,2,1,1,7.0
5000,23,106,3,1,1,7.0
5000,23,112,2,2,2,10.0
5000,23,114,3,5,5,28.0
5000,23,122,2,1,1,3.0
5000,23,124,2,3,3,19.0
5000,23,133,2,1,1,5.0
5000,23,139,2,1,1,7.0
5000,23,140,5,6,6,40.0
5000,23,142,2,2,2,8.0
5000,23,144,2,1,1,3.0
5000,23,147,2,1,1,9.0
5000,23,148,4,13,13,51.0
5000,23,157,2,5,5,23.0
5000,23,166,2,1,1,6.0
5000,23,167,5,5,5,25.0
5000,23,173,2,3,3,19.0
5000,23,178,2,2,2,12.0
5000,23,180,2,1,1,6.0
5000,23,182,2,3,3,17.0
5000,23,187,5,3,3,17.0
5000,23,198,2,1,1,6.0
5000,23,200,2,1,1,3.0
5000,23,202,4,6,6,37.0
5000,23,203,5,2,2,14.0
5000,23,206,2,1,1,4.0
5000,23,209,5,6,6,27.0
5000,23,214,2,1,1,3.0
5000,23,215,2,2,2,5.0
5000,23,220,2,1,1,3.0
5000,23,238,5,6,6,31.0
5000,23,239,4,1,1,7.0
5000,23,240,5,1,1,1.0
5000,23,241,3,1,1,5.0
5000,23,245,4,3,3,20.0
5000,23,271,2,1,1,2.0
5000,23,273,4,1,1,6.0
5000,23,275,2,2,2,5.0
5000,23,299,2,1,1,2.0
10000,0,0,5,3,3,28.0
10000,0,9,5,3,3,22.0
10000,0,26,5,5,5,26.0
10000,0,27,5,4,4,23.0
10000,0,28,5,5,5,27.0
10000,0,64,5,6,6,27.0
10000,0,67,4,3,3,28.0
10000,0,69,4,2,2,3.0
10000,0,95,5,8,8,45.0
10000,0,96,3,1,1,9.0
10000,0,101,2,1,1,5.0
10000,0,106,2,1,1,6.0
10000,0,110,5,6,6,25.0
10000,0,111,5,4,4,46.0
10000,0,112,4,6,6,42.0
10000,0,119,5,2,2,23.0
10000,0,120,5,8,8,53.0
10000,0,121,5,3,3,23.0
10000,0,122,2,1,1,6.0
10000,0,127,5,11,11,70.0
10000,0,133,2,1,1,9.0
10000,0,135,4,2,2,7.0
10000,0,142,5,12,12,59.0
10000,0,153,5,7,7,47.0
10000,0,157,2,1,1,4.0
10000,0,159,4,2,2,13.0
10000,0,160,5,3,3,26.0
10000,0,168,5,2,2,15.0
10000,0,172,2,1,1,8.0
10000,0,177,5,1,1,5.0
10000,0,181,3,1,1,7.0
10000,0,190,5,2,2,13.0
10000,0,191,5,4,4,46.0
10000,0,193,2,1,1,5.0
10000,0,195,2,1,1,6.0
10000,0,198,2,1,1,5.0
10000,0,202,2,1,1,8.0
10000,0,206,5,1,1,5.0
10000,0,207,5,3,3,12.0
10000,0,209,4,3,3,24.0
10000,0,215,2,1,1,6.0
10000,0,217,3,1,1,4.0
10000,0,222,5,1,1,2.0
10000,0,228,5,2,2,32.0
10000,0,238,2,1,1,3.0
10000,0,245,2,1,1,3.0
10000,0,247,2,1,1,5.0
10000,0,249,5,1,1,3.0
10000,1,0,3,1,1,4.0
10000,1,15,5,2,2,16.0
10000,1,16,5,9,9,63.0
10000,1,31,3,1,1,6.0
10000,1,44,5,7,7,48.0
10000,1,51,2,3,3,14.0
10000,1,54,4,4,4,23.0
10000,1,64,3,2,2,9.0
10000,1,70,4,4,4,22.0
10000,1,76,5,7,7,42.0
10000,1,77,5,6,6,34.0
10000,1,78,3,5,5,31.0
10000,1,83,2,3,3,15.0
10000,1,85,5,4,4,29.0
10000,1,89,5,5,5,18.0
10000,1,93,2,1,1,4.0
10000,1,98,5,5,5,28.0
10000,1,99,5,5,5,31.0
10000,1,101,2,1,1,6.0
10000,1,102,2,1,1,6.0
10000,1,109,5,8,8,43.0
10000,1,117,2,1,1,5.0
10000,1,119,5,4,4,32.0
10000,1,122,2,1,1,6.0
10000,1,123,2,1,1,4.0
10000,1,125,5,1,1,6.0
10000,1,126,3,1,1,6.0
10000,1,127,5,5,5,40.0
10000,1,128,5,3,3,19.0
10000,1,131,5,1,1,4.0
10000,1,132,4,4,4,20.0
10000,1,136,5,4,4,44.0
10000,1,155,5,2,2,13.0
10000,1,156,5,3,3,11.0
10000,1,162,4,1,1,6.0
10000,1,163,4,4,4,36.0
10000,1,164,5,3,3,21.0
10000,1,165,2,1,1,7.0
10000,1,166,5,1,1,6.0
10000,1,171,5,4,4,19.0
10000,1,178,5,3,3,16.0
10000,1,185,2,1,1,6.0
10000,1,190,5,2,2,9.0
10000,1,197,2,1,1,7.0
10000,1,204,4,1,1,16.0
10000,1,205,4,1,1,14.0
10000,1,206,3,2,2,11.0
10000,1,208,2,1,1,7.0
10000,1,209,2,1,1,3.0
10000,1,214,5,4,4,21.0
10000,1,226,5,5,5,26.0
10000,1,229,4,2,2,5.0
10000,1,230,2,1,1,6.0
10000,1,237,4,1,1,5.0
10000,1,266,5,2,2,7.0
10000,1,271,3,1,1,2.0
10000,1,283,5,1,1,7.0
10000,2,0,4,3,3,23.0
10000,2,13,5,9,9,46.0
10000,2,14,4,4,4,19.0
10000,2,16,4,13,13,50.0
10000,2,49,4,4,4,26.0
10000,2,58,5,2,2,17.0
10000,2,67,5,7,7,41.0
10000,2,74,4,1,1,7.0
10000,2,98,5,7,7,31.0
10000,2,110,5,7,7,56.0
10000,2,113,5,10,10,61.0
10000,2,115,2,1,1,6.0
10000,2,117,5,8,8,57.0
10000,2,118,5,11,11,64.0
10000,2,119,4,4,4,29.0
10000,2,129,2,2,2,11.0
10000,2,140,5,1,1,6.0
10000,2,143,2,1,1,5.0
10000,2,150,4,9,9,54.0
10000,2,152,3,1,1,5.0
10000,2,155,2,3,3,7.0
10000,2,161,2,2,2,7.0
10000,2,163,4,1,1,2.0
10000,2,168,5,9,9,68.0
10000,2,169,2,2,2,9.0
10000,2,177,2,1,1,5.0
10000,2,182,2,2,2,9.0
10000,2,186,2,2,2,8.0
10000,2,188,4,2,2,11.0
10000,2,189,2,1,1,4.0
10000,2,193,5,4,4,29.0
10000,2,194,2,1,1,5.0
10000,2,206,2,1,1,2.0
10000,2,209,5,8,8,41.0
10000,2,210,2,3,3,20.0
10000,2,217,2,1,1,7.0
10000,2,220,4,3,3,10.0
10000,2,221,4,2,2,15.0
10000,2,228,2,1,1,3.0
10000,2,230,2,1,1,4.0
10000,2,232,2,1,1,3.0
10000,2,255,5,1,1,7.0
10000,2,261,4,1,1,1.0
10000,2,263,2,2,2,11.0
10000,2,268,5,3,3,23.0
10000,2,269,3,1,1,4.0
10000,2,272,2,2,2,8.0
10000,2,281,5,3,3,14.0
10000,2,284,5,1,1,1.0
10000,3,6,4,10,10,48.0
10000,3,7,4,2,2,5.0
10000,3,15,4,8,8,37.0
10000,3,25,4,6,6,36.0
10000,3,26,5,5,5,22.0
10000,3,32,5,1,1,5.0
10000,3,33,5,9,9,48.0
10000,3,48,5,1,1,5.0
10000,3,51,4,4,4,26.0
10000,3,62,2,1,1,5.0
10000,3,78,4,4,4,30.0
10000,3,79,5,7,7,51.0
10000,3,82,2,4,4,17.0
10000,3,85,2,2,2,5.0
10000,3,89,2,2,2,9.0
10000,3,92,3,5,5,20.0
10000,3,93,5,8,8,47.0
10000,3,94,4,5,5,28.0
10000,3,95,4,1,1,7.0
10000,3,105,4,1,1,10.0
10000,3,111,5,7,7,48.0
10000,3,112,4,5,5,38.0
10000,3,114,5,4,4,36.0
10000,3,121,2,1,1,8.0
10000,3,124,4,7,7,50.0
10000,3,126,5,6,6,36.0
10000,3,130,2,1,1,4.0
10000,3,132,5,5,5,31.0
10000,3,133,2,1,1,5.0
10000,3,136,3,2,2,15.0
10000,3,143,2,1,1,5.0
10000,3,144,5,7,7,48.0
10000,3,146,5,1,1,6.0
10000,3,153,2,1,1,4.0
10000,3,154,2,1,1,6.0
10000,3,155,5,3,3,18.0
10000,3,156,5,1,1,3.0
10000,3,157,3,3,3,24.0
10000,3,160,4,1,1,4.0
10000,3,161,3,5,5,26.0
10000,3,167,4,1,1,3.0
10000,3,168,5,6,6,30.0
10000,3,169,5,1,1,4.0
10000,3,178,3,4,4,27.0
10000,3,181,2,1,1,6.0
10000,3,187,5,4,4,31.0
10000,3,197,5,1,1,4.0
10000,3,207,4,1,1,5.0
10000,3,209,2,1,1,2.0
10000,3,212,2,1,1,8.0
10000,3,219,5,1,1,8.0
10000,3,235,5,1,1,3.0
10000,3,240,4,1,1,4.0
10000,3,241,5,1,1,5.0
10000,4,0,4,1,1,6.0
10000,4,11,5,3,3,20.0
10000,4,12,5,8,8,37.0
10000,4,23,5,3,3,14.0
10000,4,25,4,3,3,25.0
10000,4,48,5,7,7,37.0
10000,4,55,5,2,2,13.0
10000,4,61,5,7,7,46.0
10000,4,76,3,4,4,32.0
10000,4,90,4,5,5,24.0
10000,4,91,2,2,2,11.0
10000,4,93,5,3,3,19.0
10000,4,94,5,3,3,17.0
10000,4,96,5,7,7,39.0
10000,4,110,5,2,2,14.0
10000,4,111,5,3,3,15.0
10000,4,113,3,5,5,19.0
10000,4,124,2,2,2,10.0
10000,4,130,2,1,1,5.0
10000,4,132,5,5,5,33.0
10000,4,133,3,1,1,15.0
10000,4,136,2,1,1,1.0
10000,4,137,2,1,1,6.0
10000,4,138,2,1,1,6.0
10000,4,141,2,3,3,13.0
10000,4,151,4,3,3,33.0
10000,4,157,5,4,4,31.0
10000,4,166,4,4,4,28.0
10000,4,170,5,2,2,16.0
10000,4,171,5,3,3,17.0
10000,4,176,2,1,1,4.0
10000,4,178,5,6,6,55.0
10000,4,187,5,3,3,30.0
10000,4,189,2,1,1,4.0
10000,4,192,5,2,2,16.0
10000,4,195,3,2,2,10.0
10000,4,196,5,3,3,14.0
10000,4,199,5,3,3,11.0
10000,4,201,5,5,5,30.0
10000,4,207,5,3,3,16.0
10000,4,213,5,1,1,11.0
10000,4,217,5,1,1,5.0
10000,4,230,5,3,3,21.0
10000,4,237,5,1,1,7.0
10000,4,238,5,2,2,12.0
10000,4,239,5,1,1,8.0
10000,4,247,4,1,1,9.0
10000,5,11,5,10,10,49.0
10000,5,26,5,5,5,33.0
10000,5,27,5,2,2,9.0
10000,5,45,5,3,3,17.0
10000,5,48,2,3,3,10.0
10000,5,59,5,5,5,23.0
10000,5,68,5,4,4,29.0
10000,5,70,4,3,3,12.0
10000,5,80,3,2,2,12.0
10000,5,82,5,3,3,22.0
10000,5,86,2,1,1,5.0
10000,5,89,5,5,5,31.0
10000,5,94,4,6,6,38.0
10000,5,95,5,6,6,34.0
10000,5,96,5,4,4,30.0
10000,5,106,2,1,1,5.0
10000,5,108,5,8,8,44.0
10000,5,114,2,1,1,7.0
10000,5,117,2,1,1,5.0
10000,5,118,5,6,6,46.0
10000,5,124,5,1,1,6.0
10000,5,133,5,5,5,29.0
10000,5,134,5,3,3,22.0
10000,5,135,4,3,3,19.0
10000,5,139,5,5,5,29.0
10000,5,143,5,1,1,10.0
10000,5,144,5,6,6,31.0
10000,5,146,2,1,1,5.0
10000,5,148,5,3,3,13.0
10000,5,151,5,2,2,11.0
10000,5,153,5,5,5,27.0
10000,5,154,3,3,3,20.0
10000,5,155,2,1,1,2.0
10000,5,156,4,3,3,5.0
10000,5,163,2,1,1,5.0
10000,5,170,2,1,1,3.0
10000,5,177,4,2,2,8.0
10000,5,178,4,2,2,15.0
10000,5,186,5,1,1,4.0
10000,5,192,3,1,1,12.0
10000,5,198,5,3,3,18.0
10000,5,200,2,1,1,9.0
10000,5,202,4,2,2,16.0
10000,5,203,4,3,3,12.0
10000,5,204,4,2,2,9.0
10000,5,209,2,1,1,4.0
10000,5,222,2,1,1,7.0
10000,5,234,3,1,1,7.0
10000,6,27,5,7,7,49.0
10000,6,39,5,6,6,40.0
10000,6,40,5,3,3,20.0
10000,6,47,5,4,4,23.0
10000,6,57,2,1,1,6.0
10000,6,66,5,5,5,26.0
10000,6,67,4,3,3,9.0
10000,6,68,5,3,3,8.0
10000,6,78,5,7,7,51.0
10000,6,80,4,6,6,42.0
10000,6,88,5,8,8,58.0
10000,6,89,4,8,8,46.0
10000,6,97,5,1,1,22.0
10000,6,99,4,6,6,36.0
10000,6,111,5,8,8,45.0
10000,6,116,4,3,3,31.0
10000,6,117,2,1,1,6.0
10000,6,125,2,1,1,4.0
10000,6,128,2,1,1,7.0
10000,6,136,2,1,1,8.0
10000,6,137,3,1,1,5.0
10000,6,138,5,4,4,33.0
10000,6,148,5,5,5,34.0
10000,6,149,2,1,1,6.0
10000,6,152,2,1,1,8.0
10000,6,154,2,1,1,3.0
10000,6,155,3,1,1,6.0
10000,6,156,5,8,8,50.0
10000,6,158,2,1,1,8.0
10000,6,167,5,7,7,47.0
10000,6,168,5,6,6,46.0
10000,6,172,2,1,1,4.0
10000,6,185,2,1,1,4.0
10000,6,196,5,3,3,8.0
10000,6,203,2,1,1,7.0
10000,6,212,4,1,1,5.0
10000,6,213,5,2,2,14.0
10000,6,215,2,1,1,8.0
10000,6,222,2,1,1,5.0
10000,6,232,2,1,1,5.0
10000,7,0,4,1,1,4.0
10000,7,4,4,8,8,27.0
10000,7,16,4,4,4,48.0
10000,7,17,3,2,2,13.0
10000,7,18,5,6,6,32.0
10000,7,20,3,5,5,17.0
10000,7,39,5,7,7,37.0
10000,7,50,5,3,3,27.0
10000,7,93,5,8,8,49.0
10000,7,94,5,6,6,34.0
10000,7,95,5,2,2,20.0
10000,7,96,5,7,7,49.0
10000,7,101,3,1,1,11.0
10000,7,102,5,4,4,28.0
10000,7,112,5,5,5,35.0
10000,7,115,4,2,2,18.0
10000,7,116,5,4,4,31.0
10000,7,117,3,2,2,14.0
10000,7,120,5,1,1,6.0
10000,7,121,4,6,6,37.0
10000,7,127,4,4,4,25.0
10000,7,128,3,6,6,38.0
10000,7,130,2,1,1,9.0
10000,7,140,2,2,2,14.0
10000,7,141,2,1,1,3.0
10000,7,144,2,1,1,7.0
10000,7,153,4,1,1,6.0
10000,7,157,2,1,1,7.0
10000,7,158,5,3,3,15.0
10000,7,162,3,6,6,39.0
10000,7,169,2,1,1,6.0
10000,7,176,2,1,1,4.0
10000,7,183,5,3,3,15.0
10000,7,185,2,1,1,1.0
10000,7,187,5,7,7,32.0
10000,7,188,5,6,6,54.0
10000,7,194,2,2,2,7.0
10000,7,195,4,1,1,1.0
10000,7,198,5,4,4,10.0
10000,7,199,2,1,1,5.0
10000,7,206,2,1,1,8.0
10000,7,211,5,6,6,27.0
10000,7,212,5,1,1,17.0
10000,7,214,4,1,1,3.0
10000,7,215,5,5,5,21.0
10000,7,221,2,1,1,2.0
10000,7,225,3,2,2,7.0
10000,7,226,5,2,2,6.0
10000,7,228,5,1,1,5.0
10000,7,235,4,2,2,5.0
10000,7,242,2,1,1,3.0
10000,7,250,5,2,2,6.0
10000,7,251,5,2,2,9.0
10000,7,252,5,1,1,1.0
10000,7,257,2,1,1,1.0
10000,7,259,5,1,1,2.0
10000,7,260,5,1,1,12.0
10000,7,266,5,1,1,2.0
10000,7,267,5,1,1,6.0
10000,7,268,5,1,1,1.0
10000,7,278,2,1,1,5.0
10000,7,285,2,1,1,2.0
10000,8,36,2,2,2,11.0
10000,8,40,5,5,5,20.0
10000,8,41,5,7,7,29.0
10000,8,49,4,6,6,37.0
10000,8,53,4,6,6,31.0
10000,8,63,4,4,4,27.0
10000,8,64,5,6,6,29.0
10000,8,65,3,7,7,32.0
10000,8,66,5,4,4,21.0
10000,8,83,5,8,8,33.0
10000,8,101,5,8,8,41.0
10000,8,107,5,6,6,33.0
10000,8,108,3,2,2,5.0
10000,8,119,5,6,6,29.0
10000,8,124,4,1,1,3.0
10000,8,125,4,7,7,32.0
10000,8,143,4,9,9,41.0
10000,8,147,2,1,1,5.0
10000,8,149,2,1,1,6.0
10000,8,152,2,1,1,4.0
10000,8,155,5,6,6,41.0
10000,8,167,2,1,1,6.0
10000,8,174,3,1,1,4.0
10000,8,175,4,4,4,14.0
10000,8,180,2,1,1,6.0
10000,8,184,3,4,4,15.0
10000,8,190,4,2,2,11.0
10000,8,191,5,3,3,24.0
10000,8,196,5,3,3,27.0
10000,8,197,5,6,6,37.0
10000,8,198,5,3,3,13.0
10000,8,199,3,4,4,26.0
10000,8,208,2,1,1,5.0
10000,8,231,2,2,2,7.0
10000,8,236,5,1,1,2.0
10000,8,237,4,3,3,16.0
10000,8,239,2,1,1,5.0
10000,8,243,2,2,2,5.0
10000,8,244,3,1,1,4.0
10000,8,246,5,3,3,29.0
10000,8,254,5,2,2,8.0
10000,8,255,5,1,1,11.0
10000,8,257,2,1,1,3.0
10000,8,259,5,2,2,12.0
10000,8,268,5,1,1,16.0
10000,8,269,3,2,2,10.0
10000,8,290,2,1,1,6.0
10000,9,10,4,1,1,8.0
10000,9,36,5,5,5,31.0
10000,9,38,4,4,4,16.0
10000,9,47,4,5,5,18.0
10000,9,62,5,2,2,12.0
10000,9,65,3,9,9,25.0
10000,9,66,5,4,4,21.0
10000,9,72,5,7,7,29.0
10000,9,77,5,7,7,51.0
10000,9,78,4,7,7,40.0
10000,9,79,5,6,6,28.0
10000,9,80,2,2,2,6.0
10000,9,98,5,11,11,59.0
10000,9,115,2,1,1,1.0
10000,9,117,5,9,9,66.0
10000,9,118,5,7,7,35.0
10000,9,124,2,2,2,7.0
10000,9,126,2,1,1,5.0
10000,9,132,5,9,9,53.0
10000,9,149,5,2,2,14.0
10000,9,151,2,1,1,6.0
10000,9,156,2,1,1,6.0
10000,9,161,2,1,1,4.0
10000,9,162,2,1,1,5.0
10000,9,167,4,4,4,17.0
10000,9,168,2,1,1,6.0
10000,9,172,2,2,2,11.0
10000,9,177,2,1,1,6.0
10000,9,182,2,1,1,5.0
10000,9,183,2,1,1,4.0
10000,9,191,4,4,4,25.0
10000,9,197,3,1,1,5.0
10000,9,198,5,7,7,51.0
10000,9,201,5,5,5,44.0
10000,9,203,2,2,2,9.0
10000,9,209,2,1,1,5.0
10000,9,211,2,1,1,1.0
10000,9,213,5,4,4,27.0
10000,9,215,5,2,2,10.0
10000,9,216,2,2,2,8.0
10000,9,221,2,1,1,2.0
10000,9,222,2,1,1,7.0
10000,9,224,2,1,1,9.0
10000,9,226,5,3,3,13.0
10000,9,230,5,1,1,10.0
10000,9,232,5,1,1,7.0
10000,9,233,5,5,5,28.0
10000,9,234,5,3,3,16.0
10000,9,235,5,1,1,9.0
10000,9,238,5,2,2,11.0
10000,9,239,4,2,2,9.0
10000,9,243,2,1,1,2.0
10000,9,249,4,1,1,7.0
10000,9,250,5,2,2,13.0
10000,9,251,5,2,2,7.0
10000,9,252,5,5,5,27.0
10000,9,260,5,2,2,9.0
10000,9,261,3,1,1,3.0
10000,9,268,2,1,1,12.0
10000,9,275,2,1,1,3.0
10000,9,284,5,2,2,10.0
10000,9,286,5,1,1,3.0
10000,9,289,5,1,1,7.0
10000,10,0,4,7,7,34.0
10000,10,1,5,4,4,20.0
10000,10,7,5,6,6,41.0
10000,10,28,5,1,1,5.0
10000,10,36,5,10,10,47.0
10000,10,49,5,2,2,14.0
10000,10,62,5,9,9,62.0
10000,10,63,5,8,8,53.0
10000,10,71,4,1,1,7.0
10000,10,72,3,4,4,28.0
10000,10,73,3,2,2,12.0
10000,10,74,4,5,5,28.0
10000,10,77,2,1,1,4.0
10000,10,82,2,1,1,5.0
10000,10,87,5,2,2,12.0
10000,10,94,2,1,1,5.0
10000,10,95,5,11,11,64.0
10000,10,96,4,8,8,34.0
10000,10,97,4,5,5,37.0
10000,10,113,5,1,1,21.0
10000,10,114,5,3,3,17.0
10000,10,115,5,6,6,38.0
10000,10,116,2,1,1,5.0
10000,10,118,5,4,4,33.0
10000,10,128,5,1,1,3.0
10000,10,129,3,1,1,6.0
10000,10,130,4,6,6,45.0
10000,10,132,5,4,4,29.0
10000,10,136,2,2,2,5.0
10000,10,137,4,2,2,15.0
10000,10,138,5,3,3,18.0
10000,10,142,5,4,4,34.0
10000,10,146,4,2,2,10.0
10000,10,152,2,1,1,4.0
10000,10,155,2,1,1,5.0
10000,10,157,4,5,5,29.0
10000,10,161,2,3,3,13.0
10000,10,168,4,1,1,8.0
10000,10,170,4,6,6,34.0
10000,10,188,5,2,2,12.0
10000,10,189,4,1,1,8.0
10000,10,190,2,1,1,4.0
10000,10,204,2,1,1,11.0
10000,10,206,2,1,1,3.0
10000,10,219,5,2,2,10.0
10000,10,220,3,1,1,6.0
10000,10,224,5,1,1,7.0
10000,10,225,2,1,1,8.0
10000,10,229,4,1,1,1.0
10000,10,235,5,1,1,9.0
10000,10,239,2,1,1,5.0
10000,10,244,2,1,1,7.0
10000,10,252,2,1,1,4.0
10000,10,291,2,1,1,6.0
10000,11,0,4,6,6,20.0
10000,11,9,2,3,3,10.0
10000,11,11,4,6,6,30.0
10000,11,12,5,5,5,23.0
10000,11,13,3,2,2,12.0
10000,11,35,5,10,10,50.0
10000,11,48,4,6,6,26.0
10000,11,49,5,3,3,17.0
10000,11,61,5,4,4,29.0
10000,11,66,4,4,4,20.0
10000,11,68,5,8,8,40.0
10000,11,82,5,3,3,22.0
10000,11,83,5,8,8,40.0
10000,11,84,3,6,6,14.0
10000,11,94,5,1,1,9.0
10000,11,104,5,7,7,43.0
10000,11,112,2,1,1,3.0
10000,11,126,2,1,1,4.0
10000,11,127,4,7,7,55.0
10000,11,140,2,1,1,7.0
10000,11,144,4,2,2,21.0
10000,11,145,3,7,7,28.0
10000,11,153,5,8,8,57.0
10000,11,154,5,8,8,50.0
10000,11,166,4,6,6,42.0
10000,11,167,5,2,2,18.0
10000,11,171,5,3,3,22.0
10000,11,175,3,2,2,10.0
10000,11,195,5,3,3,12.0
10000,11,196,2,1,1,7.0
10000,11,202,2,1,1,5.0
10000,11,209,5,3,3,15.0
10000,11,211,5,3,3,23.0
10000,11,214,3,1,1,4.0
10000,11,220,4,2,2,18.0
10000,11,234,5,2,2,9.0
10000,11,235,5,2,2,14.0
10000,11,240,5,2,2,10.0
10000,11,241,3,1,1,2.0
10000,11,242,3,1,1,8.0
10000,11,244,5,2,2,13.0
10000,11,245,2,1,1,3.0
10000,11,251,4,2,2,10.0
10000,11,252,4,1,1,5.0
10000,11,253,5,1,1,3.0
10000,11,269,4,1,1,5.0
10000,11,271,3,1,1,2.0
10000,11,279,2,1,1,9.0
10000,11,283,2,1,1,7.0
10000,12,18,4,7,7,34.0
10000,12,22,4,6,6,33.0
10000,12,33,5,8,8,42.0
10000,12,36,5,8,8,37.0
10000,12,37,5,9,9,50.0
10000,12,52,5,6,6,26.0
10000,12,57,5,7,7,38.0
10000,12,59,3,6,6,26.0
10000,12,72,3,1,1,8.0
10000,12,86,4,7,7,37.0
10000,12,121,5,6,6,43.0
10000,12,127,2,1,1,6.0
10000,12,133,5,2,2,22.0
10000,12,144,4,4,4,22.0
10000,12,145,5,4,4,24.0
10000,12,146,4,1,1,9.0
10000,12,154,2,1,1,4.0
10000,12,162,2,1,1,6.0
10000,12,163,5,8,8,44.0
10000,12,165,2,1,1,5.0
10000,12,166,3,5,5,24.0
10000,12,183,5,10,10,51.0
10000,12,188,2,1,1,4.0
10000,12,190,5,9,9,58.0
10000,12,192,4,5,5,34.0
10000,12,195,5,2,2,16.0
10000,12,208,3,2,2,14.0
10000,12,209,2,1,1,5.0
10000,12,212,5,4,4,30.0
10000,12,214,3,1,1,13.0
10000,12,216,2,1,1,7.0
10000,12,217,5,8,8,43.0
10000,12,218,5,3,3,28.0
10000,12,220,2,1,1,5.0
10000,12,226,2,1,1,8.0
10000,12,233,2,1,1,6.0
10000,12,236,2,1,1,6.0
10000,12,237,2,1,1,6.0
10000,12,243,2,1,1,4.0
10000,12,245,4,1,1,3.0
10000,12,247,2,1,1,3.0
10000,12,252,4,3,3,20.0
10000,12,253,5,6,6,31.0
10000,12,262,4,5,5,39.0
10000,12,264,2,3,3,11.0
10000,12,270,5,3,3,20.0
10000,12,271,4,3,3,14.0
10000,12,281,5,1,1,4.0
10000,12,283,2,1,1,7.0
10000,12,287,3,1,1,9.0
10000,12,289,5,2,2,7.0
10000,12,297,5,1,1,3.0
10000,12,307,5,1,1,6.0
10000,12,324,4,1,1,5.0
10000,13,6,5,1,1,4.0
10000,13,9,4,3,3,19.0
10000,13,26,4,3,3,19.0
10000,13,35,5,6,6,36.0
10000,13,41,5,10,10,53.0
10000,13,42,4,5,5,22.0
10000,13,43,5,5,5,25.0
10000,13,48,5,5,5,37.0
10000,13,49,4,6,6,39.0
10000,13,50,3,2,2,9.0
10000,13,58,5,7,7,48.0
10000,13,59,4,4,4,23.0
10000,13,67,5,3,3,16.0
10000,13,74,4,1,1,6.0
10000,13,75,5,4,4,34.0
10000,13,92,5,5,5,27.0
10000,13,97,2,1,1,9.0
10000,13,107,5,9,9,52.0
10000,13,115,2,1,1,4.0
10000,13,117,4,2,2,13.0
10000,13,121,5,6,6,48.0
10000,13,129,5,3,3,15.0
10000,13,134,2,2,2,4.0
10000,13,135,5,4,4,22.0
10000,13,137,5,7,7,42.0
10000,13,140,2,1,1,6.0
10000,13,143,2,1,1,3.0
10000,13,144,2,1,1,5.0
10000,13,148,3,1,1,9.0
10000,13,149,4,4,4,21.0
10000,13,150,3,2,2,12.0
10000,13,162,5,2,2,14.0
10000,13,163,3,3,3,13.0
10000,13,169,2,1,1,7.0
10000,13,171,3,1,1,6.0
10000,13,178,5,3,3,15.0
10000,13,180,2,1,1,9.0
10000,13,185,5,4,4,42.0
10000,13,192,3,2,2,12.0
10000,13,197,2,1,1,3.0
10000,13,210,5,3,3,14.0
10000,13,216,3,1,1,7.0
10000,13,217,5,4,4,22.0
10000,13,219,2,1,1,2.0
10000,13,222,5,1,1,7.0
10000,13,226,5,1,1,2.0
10000,13,227,5,2,2,8.0
10000,13,230,5,1,1,8.0
10000,13,240,5,1,1,6.0
10000,13,243,3,1,1,6.0
10000,13,249,2,1,1,4.0
10000,14,7,5,3,3,32.0
10000,14,8,5,2,2,12.0
10000,14,24,3,6,6,28.0
10000,14,38,4,7,7,43.0
10000,14,44,5,3,3,14.0
10000,14,70,5,4,4,28.0
10000,14,71,5,1,1,7.0
10000,14,72,5,7,7,30.0
10000,14,74,5,5,5,39.0
10000,14,86,3,1,1,5.0
10000,14,87,4,3,3,26.0
10000,14,88,4,5,5,28.0
10000,14,94,5,7,7,55.0
10000,14,102,5,6,6,30.0
10000,14,103,4,6,6,40.0
10000,14,104,5,10,10,69.0
10000,14,113,2,1,1,5.0
10000,14,115,5,6,6,27.0
10000,14,118,2,1,1,6.0
10000,14,119,4,5,5,35.0
10000,14,120,3,3,3,19.0
10000,14,124,3,2,2,6.0
10000,14,125,5,5,5,29.0
10000,14,130,5,4,4,25.0
10000,14,135,2,2,2,10.0
10000,14,140,5,8,8,61.0
10000,14,141,3,4,4,30.0
10000,14,147,4,1,1,3.0
10000,14,149,2,1,1,5.0
10000,14,164,2,1,1,3.0
10000,14,169,5,3,3,16.0
10000,14,171,5,5,5,19.0
10000,14,182,5,3,3,12.0
10000,14,185,3,2,2,14.0
10000,14,186,2,1,1,7.0
10000,14,190,2,1,1,4.0
10000,14,192,5,4,4,28.0
10000,14,196,5,1,1,6.0
10000,14,201,2,1,1,5.0
10000,14,205,2,2,2,8.0
10000,14,209,2,2,2,20.0
10000,14,211,2,1,1,5.0
10000,14,216,2,1,1,4.0
10000,14,222,5,2,2,11.0
10000,14,240,2,1,1,1.0
10000,14,243,5,1,1,5.0
10000,14,245,3,1,1,4.0
10000,14,258,5,1,1,10.0
10000,14,261,5,1,1,3.0
10000,15,13,4,4,4,24.0
10000,15,14,5,7,7,48.0
10000,15,32,4,2,2,15.0
10000,15,33,4,4,4,12.0
10000,15,34,5,4,4,30.0
10000,15,61,5,7,7,36.0
10000,15,73,5,8,8,60.0
10000,15,83,2,1,1,5.0
10000,15,88,3,1,1,6.0
10000,15,90,2,1,1,6.0
10000,15,98,2,1,1,8.0
10000,15,108,2,1,1,7.0
10000,15,111,2,1,1,6.0
10000,15,112,2,2,2,8.0
10000,15,114,4,8,8,42.0
10000,15,117,2,1,1,5.0
10000,15,119,2,1,1,2.0
10000,15,120,5,8,8,57.0
10000,15,125,5,7,7,41.0
10000,15,126,4,10,10,59.0
10000,15,130,4,6,6,29.0
10000,15,131,2,1,1,6.0
10000,15,132,3,1,1,6.0
10000,15,135,5,5,5,29.0
10000,15,136,4,7,7,31.0
10000,15,139,4,7,7,22.0
10000,15,140,5,2,2,17.0
10000,15,143,2,1,1,3.0
10000,15,145,4,2,2,15.0
10000,15,146,5,1,1,6.0
10000,15,155,2,1,1,5.0
10000,15,160,2,1,1,6.0
10000,15,162,5,6,6,32.0
10000,15,164,5,6,6,38.0
10000,15,165,5,3,3,28.0
10000,15,169,2,1,1,1.0
10000,15,172,2,1,1,5.0
10000,15,177,2,1,1,5.0
10000,15,179,2,1,1,8.0
10000,15,182,2,1,1,5.0
10000,15,187,2,1,1,3.0
10000,15,192,5,6,6,31.0
10000,15,193,4,3,3,14.0
10000,15,197,5,4,4,22.0
10000,15,198,2,1,1,5.0
10000,15,201,5,5,5,51.0
10000,15,207,5,4,4,17.0
10000,15,209,5,4,4,21.0
10000,15,215,2,1,1,5.0
10000,16,0,5,8,8,56.0
10000,16,13,5,4,4,23.0
10000,16,14,4,1,1,4.0
10000,16,26,5,7,7,34.0
10000,16,31,5,8,8,59.0
10000,16,33,5,2,2,14.0
10000,16,48,5,5,5,25.0
10000,16,50,4,1,1,5.0
10000,16,59,5,4,4,22.0
10000,16,67,5,7,7,30.0
10000,16,81,5,10,10,44.0
10000,16,83,5,2,2,13.0
10000,16,84,4,4,4,36.0
10000,16,85,4,4,4,15.0
10000,16,88,5,4,4,24.0
10000,16,97,4,3,3,14.0
10000,16,109,2,2,2,9.0
10000,16,114,5,5,5,53.0
10000,16,115,2,1,1,4.0
10000,16,118,5,9,9,40.0
10000,16,121,5,2,2,15.0
10000,16,130,2,1,1,3.0
10000,16,141,5,4,4,23.0
10000,16,142,2,1,1,5.0
10000,16,145,3,5,5,29.0
10000,16,152,2,2,2,11.0
10000,16,153,2,1,1,5.0
10000,16,155,2,2,2,5.0
10000,16,157,2,1,1,5.0
10000,16,163,3,1,1,8.0
10000,16,164,2,1,1,2.0
10000,16,172,2,1,1,7.0
10000,16,176,2,1,1,4.0
10000,16,186,5,10,10,52.0
10000,16,188,4,2,2,5.0
10000,16,190,5,4,4,24.0
10000,16,193,3,2,2,14.0
10000,16,194,5,3,3,20.0
10000,16,198,4,2,2,14.0
10000,16,202,3,1,1,4.0
10000,16,204,3,1,1,9.0
10000,16,207,2,1,1,4.0
10000,16,209,5,4,4,22.0
10000,16,210,3,1,1,4.0
10000,16,214,5,7,7,56.0
10000,16,221,2,1,1,6.0
10000,16,222,2,1,1,6.0
10000,16,225,5,3,3,29.0
10000,16,228,2,1,1,6.0
10000,16,232,2,1,1,5.0
10000,16,234,2,1,1,8.0
10000,16,254,2,1,1,7.0
10000,16,260,2,1,1,4.0
10000,16,267,4,1,1,1.0
10000,16,270,2,1,1,3.0
10000,16,274,2,1,1,1.0
10000,16,283,3,1,1,2.0
10000,16,284,2,1,1,2.0
10000,16,293,5,1,1,4.0
10000,16,300,2,1,1,3.0
10000,17,7,3,3,3,22.0
10000,17,8,5,2,2,12.0
10000,17,44,5,2,2,12.0
10000,17,45,4,7,7,34.0
10000,17,47,5,6,6,43.0
10000,17,48,5,3,3,18.0
10000,17,50,3,3,3,11.0
10000,17,51,5,8,8,37.0
10000,17,53,5,8,8,32.0
10000,17,68,3,3,3,26.0
10000,17,69,5,2,2,11.0
10000,17,70,5,11,11,34.0
10000,17,71,5,4,4,28.0
10000,17,81,5,7,7,48.0
10000,17,97,5,2,2,12.0
10000,17,98,5,5,5,35.0
10000,17,102,5,2,2,11.0
10000,17,114,4,8,8,52.0
10000,17,115,2,1,1,3.0
10000,17,121,2,1,1,6.0
10000,17,123,5,5,5,33.0
10000,17,124,5,8,8,47.0
10000,17,127,2,1,1,7.0
10000,17,141,5,5,5,22.0
10000,17,157,2,1,1,4.0
10000,17,159,5,7,7,43.0
10000,17,160,4,3,3,21.0
10000,17,161,2,1,1,7.0
10000,17,163,2,1,1,5.0
10000,17,168,2,1,1,5.0
10000,17,170,2,1,1,8.0
10000,17,180,2,1,1,7.0
10000,17,184,2,1,1,5.0
10000,17,186,4,4,4,17.0
10000,17,193,5,4,4,25.0
10000,17,194,5,5,5,22.0
10000,17,196,2,1,1,6.0
10000,17,199,4,4,4,24.0
10000,17,200,5,7,7,41.0
10000,17,204,2,1,1,6.0
10000,17,205,5,2,2,20.0
10000,17,213,2,1,1,2.0
10000,17,222,2,1,1,4.0
10000,17,234,4,1,1,5.0
10000,17,238,2,1,1,6.0
10000,17,242,2,1,1,8.0
10000,17,246,2,1,1,6.0
10000,17,253,2,1,1,2.0
10000,17,257,2,1,1,1.0
10000,17,260,5,1,1,4.0
10000,17,261,5,1,1,5.0
10000,17,267,5,1,1,3.0
10000,17,272,2,1,1,4.0
10000,17,274,5,1,1,10.0
10000,17,279,4,1,1,7.0
10000,17,287,2,1,1,6.0
10000,17,304,2,1,1,8.0
10000,18,28,5,3,3,31.0
10000,18,29,4,2,2,20.0
10000,18,30,5,9,9,35.0
10000,18,31,4,3,3,17.0
10000,18,44,5,5,5,28.0
10000,18,45,5,4,4,31.0
10000,18,47,2,1,1,5.0
10000,18,68,5,5,5,21.0
10000,18,73,5,5,5,28.0
10000,18,87,5,7,7,37.0
10000,18,88,4,4,4,22.0
10000,18,98,5,2,2,17.0
10000,18,99,5,8,8,47.0
10000,18,100,5,10,10,57.0
10000,18,102,5,5,5,28.0
10000,18,110,5,4,4,38.0
10000,18,115,2,1,1,5.0
10000,18,125,5,5,5,30.0
10000,18,128,2,3,3,11.0
10000,18,130,2,1,1,2.0
10000,18,131,4,3,3,22.0
10000,18,139,4,4,4,22.0
10000,18,157,5,2,2,9.0
10000,18,158,2,1,1,7.0
10000,18,159,2,1,1,4.0
10000,18,165,4,5,5,19.0
10000,18,168,5,5,5,24.0
10000,18,169,5,4,4,33.0
10000,18,170,4,3,3,16.0
10000,18,173,4,6,6,43.0
10000,18,176,5,1,1,10.0
10000,18,177,5,1,1,3.0
10000,18,184,2,1,1,7.0
10000,18,193,2,1,1,5.0
10000,18,200,2,1,1,6.0
10000,18,208,5,3,3,15.0
10000,18,209,3,2,2,14.0
10000,18,210,2,1,1,4.0
10000,18,225,3,1,1,3.0
10000,18,237,2,1,1,7.0
10000,19,6,5,10,10,44.0
10000,19,7,5,7,7,31.0
10000,19,8,5,7,7,37.0
10000,19,9,5,5,5,27.0
10000,19,23,4,9,9,40.0
10000,19,27,5,1,1,9.0
10000,19,68,5,7,7,42.0
10000,19,74,3,1,1,2.0
10000,19,82,5,11,11,68.0
10000,19,83,5,11,11,60.0
10000,19,89,5,9,9,59.0
10000,19,90,5,7,7,35.0
10000,19,91,3,3,3,18.0
10000,19,93,5,5,5,30.0
10000,19,94,4,1,1,7.0
10000,19,104,5,1,1,5.0
10000,19,113,5,5,5,35.0
10000,19,119,2,1,1,6.0
10000,19,136,2,1,1,3.0
10000,19,143,2,1,1,6.0
10000,19,146,3,2,2,12.0
10000,19,149,3,3,3,16.0
10000,19,156,4,1,1,6.0
10000,19,158,2,2,2,13.0
10000,19,159,2,2,2,7.0
10000,19,164,2,1,1,5.0
10000,19,166,2,1,1,5.0
10000,19,168,2,1,1,5.0
10000,19,176,5,8,8,43.0
10000,19,177,4,4,4,28.0
10000,19,178,5,2,2,15.0
10000,19,179,2,2,2,8.0
10000,19,182,5,8,8,60.0
10000,19,183,3,1,1,4.0
10000,19,193,2,1,1,7.0
10000,19,195,5,4,4,27.0
10000,19,196,4,2,2,16.0
10000,19,197,4,1,1,5.0
10000,19,200,2,1,1,7.0
10000,19,206,2,2,2,10.0
10000,19,207,2,1,1,6.0
10000,19,208,2,1,1,5.0
10000,19,212,5,4,4,24.0
10000,19,214,2,1,1,2.0
10000,19,217,5,2,2,14.0
10000,19,226,5,6,6,61.0
10000,19,235,5,1,1,6.0
10000,19,242,2,1,1,4.0
10000,19,252,2,1,1,5.0
10000,19,254,5,3,3,11.0
10000,19,266,5,1,1,1.0
10000,19,269,4,1,1,4.0
10000,19,288,2,1,1,5.0
10000,20,0,3,1,1,2.0
10000,20,14,5,7,7,46.0
10000,20,23,5,3,3,21.0
10000,20,46,5,9,9,51.0
10000,20,48,3,3,3,20.0
10000,20,54,5,7,7,35.0
10000,20,55,5,7,7,43.0
10000,20,69,5,8,8,41.0
10000,20,72,5,4,4,20.0
10000,20,73,5,7,7,54.0
10000,20,83,2,1,1,8.0
10000,20,95,2,1,1,5.0
10000,20,96,4,6,6,26.0
10000,20,104,5,4,4,19.0
10000,20,107,2,4,4,14.0
10000,20,114,5,6,6,35.0
10000,20,115,2,1,1,6.0
10000,20,117,5,5,5,31.0
10000,20,124,5,6,6,46.0
10000,20,126,2,1,1,6.0
10000,20,127,2,1,1,7.0
10000,20,128,5,7,7,40.0
10000,20,132,5,5,5,32.0
10000,20,133,4,5,5,31.0
10000,20,134,2,1,1,6.0
10000,20,138,2,1,1,5.0
10000,20,146,2,1,1,4.0
10000,20,151,2,2,2,4.0
10000,20,152,5,4,4,27.0
10000,20,158,2,2,2,10.0
10000,20,164,5,4,4,32.0
10000,20,168,2,1,1,7.0
10000,20,174,4,1,1,11.0
10000,20,175,5,4,4,22.0
10000,20,182,3,2,2,17.0
10000,20,187,2,1,1,5.0
10000,20,193,5,2,2,6.0
10000,20,199,5,2,2,12.0
10000,20,200,5,2,2,9.0
10000,20,202,4,1,1,9.0
10000,20,206,5,4,4,22.0
10000,20,208,2,1,1,2.0
10000,20,217,2,1,1,6.0
10000,20,222,5,2,2,11.0
10000,20,239,3,1,1,12.0
10000,20,242,2,1,1,3.0
10000,21,13,5,1,1,8.0
10000,21,14,5,2,2,15.0
10000,21,25,5,4,4,21.0
10000,21,27,5,7,7,40.0
10000,21,28,5,3,3,15.0
10000,21,40,5,7,7,35.0
10000,21,63,2,3,3,10.0
10000,21,67,2,5,5,25.0
10000,21,75,2,3,3,6.0
10000,21,82,2,1,1,2.0
10000,21,87,4,9,9,48.0
10000,21,92,4,1,1,11.0
10000,21,114,2,2,2,8.0
10000,21,117,2,1,1,3.0
10000,21,123,5,9,9,51.0
10000,21,130,2,1,1,6.0
10000,21,131,5,11,11,77.0
10000,21,134,4,9,9,41.0
10000,21,135,2,1,1,4.0
10000,21,136,2,1,1,10.0
10000,21,142,2,3,3,13.0
10000,21,145,2,2,2,7.0
10000,21,153,3,1,1,7.0
10000,21,154,5,9,9,59.0
10000,21,155,2,1,1,5.0
10000,21,159,5,5,5,28.0
10000,21,163,5,6,6,34.0
10000,21,164,4,3,3,19.0
10000,21,165,5,6,6,39.0
10000,21,166,5,5,5,33.0
10000,21,167,2,1,1,6.0
10000,21,168,2,1,1,8.0
10000,21,169,2,1,1,7.0
10000,21,171,2,1,1,10.0
10000,21,175,2,1,1,9.0
10000,21,177,2,1,1,7.0
10000,21,178,2,1,1,8.0
10000,21,180,2,1,1,4.0
10000,21,185,5,5,5,36.0
10000,21,190,5,8,8,40.0
10000,21,191,5,5,5,50.0
10000,21,192,5,5,5,28.0
10000,21,195,2,1,1,5.0
10000,21,198,2,1,1,2.0
10000,21,207,5,2,2,14.0
10000,21,208,3,2,2,14.0
10000,21,218,2,1,1,7.0
10000,21,225,5,2,2,16.0
10000,21,227,2,1,1,3.0
10000,21,230,2,1,1,4.0
10000,21,236,4,4,4,31.0
10000,21,252,4,1,1,6.0
10000,21,253,5,1,1,4.0
10000,21,255,2,1,1,4.0
10000,21,264,4,1,1,3.0
10000,21,269,2,1,1,3.0
10000,21,275,2,1,1,6.0
10000,21,279,2,1,1,3.0
10000,21,280,2,1,1,7.0
10000,22,3,5,12,12,48.0
10000,22,17,5,6,6,32.0
10000,22,18,5,7,7,38.0
10000,22,19,5,5,5,31.0
10000,22,22,4,3,3,16.0
10000,22,25,5,7,7,33.0
10000,22,35,2,2,2,9.0
10000,22,44,5,6,6,25.0
10000,22,47,4,2,2,3.0
10000,22,54,5,8,8,46.0
10000,22,61,5,4,4,19.0
10000,22,84,4,7,7,44.0
10000,22,85,5,3,3,19.0
10000,22,96,4,2,2,20.0
10000,22,97,2,1,1,6.0
10000,22,99,5,6,6,37.0
10000,22,100,3,2,2,12.0
10000,22,101,5,10,10,52.0
10000,22,108,2,1,1,7.0
10000,22,119,2,1,1,6.0
10000,22,120,2,1,1,5.0
10000,22,135,4,5,5,37.0
10000,22,136,5,8,8,49.0
10000,22,138,5,2,2,9.0
10000,22,139,2,1,1,4.0
10000,22,140,2,2,2,6.0
10000,22,143,2,1,1,8.0
10000,22,145,2,1,1,7.0
10000,22,149,2,1,1,5.0
10000,22,151,2,1,1,3.0
10000,22,155,5,8,8,53.0
10000,22,161,5,7,7,30.0
10000,22,162,4,4,4,31.0
10000,22,163,5,7,7,41.0
10000,22,164,4,7,7,42.0
10000,22,165,5,2,2,10.0
10000,22,167,5,6,6,38.0
10000,22,173,3,1,1,9.0
10000,22,179,4,2,2,16.0
10000,22,190,5,2,2,7.0
10000,22,191,5,1,1,5.0
10000,22,203,5,8,8,38.0
10000,22,205,4,1,1,5.0
10000,22,227,5,2,2,10.0
10000,22,234,2,2,2,3.0
10000,22,243,5,1,1,6.0
10000,22,251,4,3,3,20.0
10000,22,260,4,1,1,4.0
10000,22,262,2,1,1,5.0
10000,22,275,2,1,1,1.0
10000,22,276,3,1,1,3.0
10000,22,281,5,1,1,9.0
10000,22,285,2,1,1,1.0
10000,22,288,2,1,1,5.0
10000,22,292,2,1,1,4.0
10000,22,301,5,1,1,7.0
10000,22,304,2,1,1,5.0
10000,23,3,5,2,2,13.0
10000,23,8,5,10,10,54.0
10000,23,23,4,2,2,9.0
10000,23,32,3,2,2,7.0
10000,23,37,5,3,3,19.0
10000,23,38,5,4,4,20.0
10000,23,44,5,9,9,47.0
10000,23,49,5,7,7,45.0
10000,23,56,5,9,9,50.0
10000,23,63,4,3,3,34.0
10000,23,68,5,11,11,72.0
10000,23,71,2,1,1,2.0
10000,23,72,2,1,1,6.0
10000,23,76,2,1,1,6.0
10000,23,86,4,3,3,15.0
10000,23,93,3,1,1,6.0
10000,23,94,3,3,3,13.0
10000,23,99,5,7,7,46.0
10000,23,107,2,1,1,3.0
10000,23,114,5,6,6,36.0
10000,23,118,3,1,1,8.0
10000,23,121,5,1,1,9.0
10000,23,127,4,7,7,33.0
10000,23,131,5,3,3,22.0
10000,23,132,5,9,9,59.0
10000,23,133,5,9,9,62.0
10000,23,137,5,1,1,4.0
10000,23,147,4,1,1,7.0
10000,23,154,5,6,6,38.0
10000,23,155,4,6,6,23.0
10000,23,156,2,1,1,3.0
10000,23,157,5,5,5,39.0
10000,23,158,3,1,1,6.0
10000,23,163,5,5,5,46.0
10000,23,172,2,1,1,1.0
10000,23,174,5,6,6,34.0
10000,23,175,3,2,2,9.0
10000,23,179,2,2,2,11.0
10000,23,181,2,2,2,13.0
10000,23,182,2,1,1,4.0
10000,23,184,2,1,1,7.0
10000,23,186,4,1,1,10.0
10000,23,191,2,1,1,3.0
10000,23,192,2,1,1,4.0
10000,23,194,5,2,2,15.0
10000,23,198,2,1,1,7.0
10000,23,201,5,2,2,10.0
10000,23,212,2,1,1,3.0
10000,23,213,5,1,1,2.0
10000,23,218,5,2,2,3.0
10000,23,220,5,2,2,9.0
10000,23,235,3,1,1,6.0
10000,23,236,4,1,1,5.0
10000,23,237,4,2,2,8.0
10000,23,238,4,1,1,2.0
10000,23,246,2,1,1,1.0
10000,23,249,5,1,1,4.0
10000,23,251,5,1,1,4.0
10000,23,254,2,1,1,5.0
10000,23,266,2,2,2,7.0
