seed,cid_a,cid_b,n_core_a,n_core_b,n_shared_ghost,same_phase_bin,same_birth_window,generation_distance,phase_bin_a,phase_bin_b
0,192,194,2,2,0,0,1,0,-1,-1
0,136,143,2,2,0,0,1,0,-1,-1
0,193,195,2,2,0,0,1,0,-1,-1
0,162,165,4,2,0,0,1,0,-1,-1
0,211,216,2,2,0,0,1,0,-1,-1
0,269,270,2,2,0,0,1,0,-1,1
0,164,165,2,2,0,0,1,0,-1,-1
0,268,271,3,2,0,0,1,0,-2,-2
0,141,142,2,2,0,0,1,0,-1,-1
0,207,215,5,2,0,0,1,0,0,-1
0,217,220,4,2,0,0,1,0,-2,-1
0,234,236,2,2,0,0,1,0,-1,-1
0,41,137,5,2,0,0,0,28,-3,-1
0,218,221,2,2,0,0,1,0,-1,-1
0,68,72,3,2,0,0,1,0,-1,-1
0,107,201,5,2,0,0,0,22,-2,-1
0,230,232,2,2,0,0,1,0,3,-1
0,252,262,2,2,0,0,1,0,-1,-1
0,151,152,2,2,0,0,1,0,-1,-1
0,215,216,2,2,0,0,1,0,-1,-1
0,111,113,2,2,0,0,1,0,-1,-1
0,119,120,2,2,0,0,1,0,-1,-1
0,201,202,2,2,0,0,1,0,-1,-1
0,96,97,2,2,0,0,1,0,-1,-1
0,200,203,2,2,0,0,1,0,-1,-1
0,162,164,4,2,0,0,1,0,-1,-1
0,250,259,2,2,0,0,1,0,-1,-1
0,147,148,2,2,0,0,1,0,-1,-1
0,183,185,2,2,0,0,1,0,-1,-1
0,249,257,2,2,0,0,1,0,-1,2
0,211,215,2,2,0,0,1,0,-1,-1
0,70,72,2,2,0,0,1,0,-1,-1
0,207,211,5,2,0,0,1,0,0,-1
0,133,140,2,2,0,0,1,0,-1,-1
0,135,137,2,2,0,0,1,0,-1,-1
0,153,155,2,2,0,0,1,0,-1,-1
0,234,235,2,2,0,0,1,0,-1,-1
0,113,116,2,2,0,0,1,0,-1,-1
0,248,258,2,2,0,0,1,0,2,-1
0,83,84,2,2,0,0,1,0,-1,-1
0,212,213,2,2,0,0,1,0,-1,-1
0,138,142,2,2,0,0,1,0,-1,-1
0,91,94,2,2,0,0,1,0,-1,-1
0,235,236,2,2,0,0,1,0,-1,-1
0,244,245,2,2,0,0,1,0,0,-1
0,132,135,4,2,0,0,1,0,-1,-1
0,253,260,2,2,0,0,1,0,-1,-1
0,72,77,2,2,0,0,1,0,-1,-1
0,139,140,2,2,0,0,1,0,-1,-1
0,146,149,2,2,0,0,1,0,-1,-1
0,219,221,2,2,0,0,1,0,-1,-1
0,222,223,3,2,0,0,1,0,-1,-1
0,240,259,5,2,0,0,0,1,-3,-1
0,70,77,2,2,0,0,1,0,-1,-1
0,277,278,2,2,0,0,1,0,3,-2
0,95,97,2,2,0,0,1,0,-1,-1
0,159,161,2,2,0,0,1,0,-1,-1
0,207,210,5,2,0,0,1,0,0,-1
0,41,132,5,4,0,0,0,28,-3,-1
0,186,187,2,2,0,0,1,0,-1,-1
0,207,216,5,2,0,0,1,0,0,-1
0,138,141,2,2,0,0,1,0,-1,-1
0,41,135,5,2,0,0,0,28,-3,-1
0,218,219,2,2,0,0,1,0,-1,-1
0,107,202,5,2,0,0,0,22,-2,-1
0,210,215,2,2,0,0,1,0,-1,-1
0,213,214,2,2,0,0,1,0,-1,-1
0,242,247,2,2,0,0,1,0,3,-2
0,276,279,2,2,0,0,1,0,-1,-1
0,132,137,4,2,0,0,1,0,-1,-1
0,110,112,2,2,0,0,1,0,-1,-1
0,0,143,5,2,0,0,0,38,0,-1
0,19,217,5,4,0,0,0,55,1,-2
0,224,226,2,2,0,0,1,0,-1,-1
1,90,91,2,2,0,0,1,0,-1,-1
1,136,137,2,2,0,0,1,0,-1,-1
1,194,197,2,2,0,0,1,0,-1,-1
1,98,101,2,2,0,0,1,0,-1,-1
1,84,87,2,2,0,0,1,0,-1,-1
1,165,167,2,2,0,0,1,0,-1,-1
1,20,81,4,2,0,0,0,15,-1,-1
1,246,247,2,2,0,0,1,0,-1,-1
1,141,142,2,2,0,0,1,0,-1,-1
1,159,160,2,2,0,0,1,0,-1,-1
1,58,135,5,5,0,0,0,20,0,-1
1,127,128,2,2,0,0,1,0,-1,-1
1,182,186,2,2,0,0,1,0,-1,-1
1,112,115,2,2,0,0,1,0,-1,-1
1,20,93,4,2,0,0,0,15,-1,-1
1,210,211,2,2,0,0,1,0,-1,-1
1,216,218,2,2,0,0,1,0,-1,-1
1,83,91,2,2,0,0,1,0,-1,-1
1,195,198,2,4,0,0,1,0,-1,0
1,213,219,2,2,0,0,1,0,-1,-1
1,224,225,2,2,0,0,1,0,-1,-1
1,79,84,2,2,0,0,1,0,-1,-1
1,137,138,2,2,0,0,1,0,-1,-1
1,79,87,2,2,0,0,1,0,-1,-1
1,209,212,2,2,0,0,1,0,-1,-1
1,81,93,2,2,0,0,1,0,-1,-1
1,165,166,2,2,0,0,1,0,-1,-1
1,107,109,2,4,0,0,1,0,-1,0
1,190,192,2,2,0,0,1,0,-1,-1
1,20,92,4,2,0,0,0,15,-1,-1
1,143,144,2,2,0,0,1,0,-1,-1
1,264,266,2,2,0,0,1,0,-3,-1
1,123,126,2,2,0,0,1,0,-1,-1
1,252,255,2,2,0,0,1,0,-1,-1
1,236,238,2,2,0,0,1,0,-1,-1
1,140,145,2,2,0,0,1,0,-1,-1
1,92,93,2,2,0,0,1,0,-1,-1
1,83,90,2,2,0,0,1,0,-1,-1
1,158,160,2,2,0,0,1,0,-1,-1
1,166,167,2,2,0,0,1,0,-1,-1
1,197,200,2,2,0,0,1,0,-1,-1
1,213,215,2,2,0,0,1,0,-1,-1
1,109,176,4,2,0,0,0,17,0,-1
1,136,138,2,2,0,0,1,0,-1,-1
1,52,99,3,2,0,0,0,9,-1,-1
1,168,173,2,2,0,0,1,0,-1,-1
1,168,170,2,2,0,0,1,0,-1,-1
1,226,227,2,2,0,0,1,0,-1,-1
1,52,102,3,2,0,0,0,9,-1,-1
1,241,243,2,2,0,0,1,0,0,-1
1,267,268,2,2,0,0,1,0,-3,-2
1,81,92,2,2,0,0,1,0,-1,-1
1,180,184,2,2,0,0,1,0,-1,-1
1,188,191,4,2,0,0,1,0,0,-1
1,260,262,4,3,0,0,0,1,-3,3
1,121,174,3,5,0,0,0,11,-1,0
1,144,145,2,2,0,0,1,0,-1,-1
1,265,267,2,2,0,0,1,0,2,-3
1,150,161,5,4,0,0,0,1,2,-1
1,122,126,2,2,0,0,1,0,-1,-1
1,170,173,2,2,0,0,1,0,-1,-1
1,85,86,2,2,0,0,1,0,-1,-1
1,122,123,2,2,0,0,1,0,-1,-1
1,131,132,2,2,0,0,1,0,-1,-1
1,100,102,2,2,0,0,1,0,-1,-1
1,140,144,2,2,0,0,1,0,-1,-1
1,196,201,2,2,0,0,1,0,-1,-1
1,206,208,2,2,0,0,1,0,-1,-1
1,158,159,2,2,0,0,1,0,-1,-1
1,160,162,2,3,0,0,1,0,-1,-1
1,232,233,2,2,0,0,1,0,-1,-1
1,184,187,2,2,0,0,1,0,-1,-1
2,82,84,2,2,0,0,1,0,-1,-1
2,292,293,2,2,0,0,1,0,1,-1
2,258,264,2,2,0,0,1,0,-1,-1
2,246,247,2,2,0,0,1,0,-1,-1
2,302,303,2,2,0,0,1,0,2,-1
2,150,151,2,2,0,0,1,0,-1,-1
2,159,160,2,2,0,0,1,0,-1,-1
2,121,124,2,2,0,0,1,0,-1,-1
2,169,173,2,2,0,0,1,0,-1,-1
2,89,92,2,2,0,0,1,0,-1,-1
2,187,188,2,2,0,0,1,0,-1,-1
2,242,243,2,3,0,0,1,0,-1,-1
2,270,275,3,2,0,0,1,0,-1,-1
2,290,298,2,2,0,0,1,0,-1,-1
2,100,101,2,2,0,0,1,0,-1,-1
2,291,294,2,2,0,0,1,0,3,-1
2,205,206,2,2,0,0,1,0,-1,-1
2,189,191,2,2,0,0,1,0,-1,-1
2,270,271,3,2,0,0,1,0,-1,-1
2,51,92,4,2,0,0,0,7,0,-1
2,93,95,2,2,0,0,1,0,-1,-1
2,111,113,2,2,0,0,1,0,-1,-1
2,223,226,2,2,0,0,1,0,-1,-1
2,241,244,2,2,0,0,1,0,-1,-1
2,171,173,2,2,0,0,1,0,-1,-1
2,211,212,2,2,0,0,1,0,-1,-1
2,277,279,2,2,0,0,1,0,-1,-1
2,21,140,3,2,0,0,0,26,-1,-1
2,124,125,2,2,0,0,1,0,-1,-1
2,254,256,2,2,0,0,1,0,-1,-1
2,51,122,4,2,0,0,0,14,0,-1
2,87,91,2,2,0,0,1,0,-1,-1
2,239,240,2,2,0,0,1,0,-1,-1
2,272,277,2,2,0,0,1,0,-1,-1
2,271,275,2,2,0,0,1,0,-1,-1
2,78,91,4,2,0,0,0,1,-1,-1
2,286,288,2,2,0,0,1,0,-1,-1
2,282,287,2,2,0,0,1,0,-1,-1
2,103,181,5,3,0,0,0,18,0,-1
2,103,120,5,2,0,0,0,4,0,-1
2,252,255,2,2,0,0,1,0,-1,-1
2,122,133,2,2,0,0,1,0,-1,-1
2,111,112,2,2,0,0,1,0,-1,-1
2,201,204,2,2,0,0,1,0,-1,-1
2,184,185,2,2,0,0,1,0,-1,-1
2,209,214,2,2,0,0,1,0,-1,-1
2,249,250,2,2,0,0,1,0,-1,-1
2,82,85,2,2,0,0,1,0,-1,-1
2,283,285,2,2,0,0,1,0,-1,-1
2,84,85,2,2,0,0,1,0,-1,-1
2,67,78,5,4,0,0,0,2,0,-1
2,112,113,2,2,0,0,1,0,-1,-1
2,169,171,2,2,0,0,1,0,-1,-1
2,86,97,2,5,0,0,0,1,-1,0
2,210,212,2,2,0,0,1,0,-1,-1
2,251,256,2,2,0,0,1,0,-1,-1
2,272,279,2,2,0,0,1,0,-1,-1
2,300,301,2,2,0,0,1,0,-1,-1
2,132,134,2,2,0,0,1,0,-1,-1
2,213,214,2,2,0,0,1,0,-1,-1
2,253,256,2,2,0,0,1,0,-1,-1
2,251,253,2,2,0,0,1,0,-1,-1
2,214,215,2,2,0,0,1,0,-1,-1
2,287,288,2,2,0,0,1,0,-1,-1
2,174,176,2,2,0,0,1,0,-1,-1
2,98,144,5,5,0,0,0,10,2,-1
2,168,169,2,2,0,0,1,0,-1,-1
2,209,213,2,2,0,0,1,0,-1,-1
3,192,194,3,2,0,0,1,0,-1,-1
3,185,188,2,2,0,0,1,0,-1,-1
3,220,222,2,2,0,0,1,0,-1,-1
3,182,183,2,2,0,0,1,0,-1,-1
3,191,192,2,3,0,0,1,0,-1,-1
3,134,137,2,2,0,0,1,0,-1,-1
3,245,251,2,2,0,0,1,0,-1,-1
3,173,177,2,2,0,0,1,0,-1,-1
3,248,250,2,2,0,0,1,0,-1,-1
3,104,105,2,2,0,0,1,0,-1,-1
3,153,156,2,2,0,0,1,0,-1,-1
3,290,295,4,2,0,0,1,0,0,-1
3,196,197,2,2,0,0,1,0,-1,-1
3,204,207,2,2,0,0,1,0,-1,-1
3,205,206,2,2,0,0,1,0,-1,-1
3,278,281,2,2,0,0,1,0,-1,-1
3,279,280,2,2,0,0,1,0,-1,-1
3,184,186,2,2,0,0,1,0,-1,-1
3,258,260,2,2,0,0,1,0,-1,-1
3,298,299,2,2,0,0,1,0,-1,-1
3,133,186,5,2,0,0,0,14,3,-1
3,266,273,2,2,0,0,1,0,-1,-1
3,163,166,2,2,0,0,1,0,-1,-1
3,125,127,2,2,0,0,1,0,-1,-1
3,220,224,2,2,0,0,1,0,-1,-1
3,124,128,2,2,0,0,1,0,-1,-1
3,222,224,2,2,0,0,1,0,-1,-1
3,103,105,2,2,0,0,1,0,-1,-1
3,239,240,2,4,0,0,1,0,-1,-1
3,118,121,2,2,0,0,1,0,-1,-1
3,135,137,2,2,0,0,1,0,-1,-1
3,181,189,2,2,0,0,1,0,-1,-1
3,256,262,2,2,0,0,1,0,-1,-1
3,265,268,2,2,0,0,1,0,-1,-1
3,272,274,2,2,0,0,1,0,-1,-1
3,138,145,2,2,0,0,1,0,-1,-1
3,227,229,2,2,0,0,1,0,-1,-1
3,195,200,2,2,0,0,1,0,-1,-1
3,236,238,2,2,0,0,1,0,-1,-1
3,244,251,2,2,0,0,1,0,-1,-1
3,253,254,2,2,0,0,1,0,-1,-1
3,223,225,2,2,0,0,1,0,-1,-1
3,232,234,2,2,0,0,1,0,-1,-1
3,200,202,2,2,0,0,1,0,-1,-1
3,63,133,5,5,0,0,0,14,-2,3
3,267,271,2,2,0,0,1,0,-1,-1
3,164,166,2,2,0,0,1,0,-1,-1
3,237,239,2,2,0,0,1,0,-1,-1
3,245,246,2,2,0,0,1,0,-1,-1
3,292,294,2,2,0,0,1,0,2,-1
3,246,251,2,2,0,0,1,0,-1,-1
3,134,135,2,2,0,0,1,0,-1,-1
3,203,277,5,2,0,0,0,15,3,-1
3,113,115,2,2,0,0,1,0,-1,-1
3,103,104,2,2,0,0,1,0,-1,-1
3,264,265,2,2,0,0,1,0,-1,-1
3,264,268,2,2,0,0,1,0,-1,-1
3,133,151,5,5,0,0,0,3,3,1
3,290,293,4,2,0,0,1,0,0,-1
3,293,295,2,2,0,0,1,0,-1,-1
3,131,132,2,2,0,0,1,0,-1,-1
3,195,202,2,2,0,0,1,0,-1,-1
3,117,118,4,2,0,0,1,0,-1,-1
3,247,249,2,2,0,0,1,0,-1,-1
3,117,121,4,2,0,0,1,0,-1,-1
4,154,155,2,2,0,0,1,0,-1,-1
4,144,239,5,3,0,0,0,30,-1,-1
4,202,204,2,2,0,0,1,0,-1,-1
4,249,252,2,2,0,0,1,0,-1,-1
4,108,109,2,2,0,0,1,0,-1,-1
4,144,251,5,2,0,0,0,32,-1,-1
4,87,89,2,2,0,0,1,0,-1,-1
4,181,184,3,2,0,0,1,0,-1,-1
4,265,266,2,2,0,1,1,0,0,0
4,169,170,2,2,0,0,1,0,-1,-1
4,187,188,2,2,0,0,1,0,-1,-1
4,242,243,2,2,0,0,1,0,-1,-1
4,252,253,2,2,0,0,1,0,-1,-1
4,132,136,2,2,0,0,1,0,-1,-1
4,149,152,2,2,0,0,1,0,-1,-1
4,1,67,5,3,0,0,0,17,-1,-2
4,205,206,2,2,0,0,1,0,-1,-1
4,212,214,4,2,0,0,1,0,-1,-1
4,223,224,2,2,0,0,1,0,-1,-1
4,146,190,5,2,0,0,0,13,-1,-1
4,197,198,2,2,0,0,1,0,-1,-1
4,220,252,5,2,0,0,0,8,-1,-1
4,183,184,2,2,0,0,1,0,-1,-1
4,107,109,2,2,0,0,1,0,-1,-1
4,101,105,2,2,0,0,1,0,-1,-1
4,181,183,3,2,0,0,1,0,-1,-1
4,95,98,2,2,0,0,1,0,-1,-1
4,263,268,2,2,0,1,1,0,0,0
4,135,137,2,2,0,0,1,0,-1,-1
4,225,226,2,2,0,0,1,0,-1,-1
4,36,146,4,5,0,0,0,25,-1,-1
4,251,252,2,2,0,0,1,0,-1,-1
4,186,188,2,2,0,0,1,0,-1,-1
4,220,249,5,2,0,0,0,8,-1,-1
4,205,208,2,2,0,0,1,0,-1,-1
4,140,142,4,2,0,0,1,0,-1,-1
4,99,144,5,5,0,0,0,9,-1,-1
4,224,227,2,2,0,0,1,0,-1,-1
4,145,147,2,2,0,0,1,0,-1,-1
4,163,165,2,2,0,0,1,0,-1,-1
4,127,129,2,2,0,0,1,0,-1,-1
4,263,264,2,2,0,0,1,0,0,1
4,87,90,2,2,0,0,1,0,-1,-1
4,89,90,2,2,0,0,1,0,-1,-1
4,121,125,2,2,0,0,1,0,-1,-1
4,186,187,2,2,0,0,1,0,-1,-1
4,259,260,2,2,0,0,1,0,-2,-1
4,122,126,2,2,0,0,1,0,-1,-1
4,264,268,2,2,0,0,1,0,1,0
4,251,253,2,2,0,0,1,0,-1,-1
4,140,141,4,2,0,0,1,0,-1,-1
4,206,208,2,2,0,0,1,0,-1,-1
4,223,227,2,2,0,0,1,0,-1,-1
4,119,124,2,2,0,0,1,0,-1,-1
5,119,121,2,2,0,0,1,0,-1,-1
5,136,137,2,2,0,0,1,0,-1,-1
5,105,107,3,2,0,0,1,0,-1,-1
5,243,251,2,2,0,0,1,0,1,-1
5,255,256,2,3,0,0,1,0,-1,-3
5,165,170,3,2,0,0,1,0,-1,-1
5,95,96,2,2,0,0,1,0,-1,-1
5,181,184,2,2,0,0,1,0,-1,-1
5,152,154,2,2,0,0,1,0,-1,-1
5,112,115,2,2,0,0,1,0,-1,-1
5,207,212,2,2,0,0,1,0,-1,-1
5,104,105,2,3,0,0,1,0,-1,-1
5,144,147,2,2,0,0,1,0,-1,-1
5,103,109,2,2,0,0,1,0,-1,-1
5,169,170,2,2,0,0,1,0,-1,-1
5,234,236,2,2,0,0,1,0,-1,-1
5,138,140,2,2,0,0,1,0,-1,-1
5,204,213,2,2,0,0,1,0,-1,-1
5,205,206,2,2,0,0,1,0,-1,-1
5,279,280,2,2,0,0,1,0,2,1
5,262,267,2,2,0,0,1,0,-1,-1
5,136,139,2,2,0,0,1,0,-1,-1
5,145,148,2,2,0,0,1,0,-1,-1
5,238,248,2,2,0,0,1,0,-1,-1
5,241,250,2,2,0,0,1,0,-1,-1
5,202,203,2,2,0,0,1,0,-1,-1
5,69,70,2,2,0,0,1,0,-1,-1
5,237,240,2,2,0,0,1,0,-1,-1
5,190,192,2,2,0,0,1,0,-1,-1
5,158,191,5,2,0,0,0,11,-1,-1
5,22,199,4,2,0,0,0,45,-3,-1
5,135,137,2,2,0,0,1,0,-1,-1
5,199,201,2,2,0,0,1,0,-1,-1
5,129,133,2,2,0,0,1,0,-1,-1
5,265,268,2,2,0,0,1,0,-1,-1
5,269,271,2,2,0,0,1,0,-1,-1
5,106,110,4,2,0,0,1,0,0,-1
5,129,130,2,2,0,0,1,0,-1,-1
5,152,156,2,2,0,0,1,0,-1,-1
5,115,116,2,2,0,0,1,0,-1,-1
5,273,275,2,3,0,0,1,0,-1,3
5,206,209,2,2,0,0,1,0,-1,-1
5,105,108,3,2,0,0,1,0,-1,-1
5,258,259,4,2,0,0,1,0,-1,-1
5,154,156,2,2,0,0,1,0,-1,-1
5,107,108,2,2,0,0,1,0,-1,-1
5,260,265,3,2,0,0,1,0,-1,-1
5,211,217,2,2,0,0,1,0,-1,-1
5,222,223,2,2,0,0,1,0,-1,-1
5,70,71,2,2,0,0,1,0,-1,-1
5,158,193,5,2,0,0,0,11,-1,-1
5,101,110,2,2,0,0,1,0,-1,-1
5,135,136,2,2,0,0,1,0,-1,-1
5,144,145,2,2,0,0,1,0,-1,-1
5,191,193,2,2,0,0,1,0,-1,-1
5,22,201,4,2,0,0,0,45,-3,-1
5,245,249,2,2,0,0,1,0,-1,-1
5,208,218,2,2,0,0,1,0,-1,-1
5,242,244,2,2,0,0,1,0,-1,-1
5,186,187,2,2,0,0,1,0,-1,-1
5,264,268,2,2,0,0,1,0,-1,-1
5,210,212,2,2,0,0,1,0,-1,-1
5,264,265,2,2,0,0,1,0,-1,-1
5,204,211,2,2,0,0,1,0,-1,-1
5,253,256,2,3,0,0,1,0,-1,-3
5,252,254,2,2,0,0,1,0,-1,-1
5,278,279,2,2,0,0,1,0,-1,2
5,204,217,2,2,0,0,1,0,-1,-1
6,119,121,2,2,0,0,1,0,-1,-1
6,136,137,2,2,0,0,1,0,-1,-1
6,241,245,2,2,0,0,1,0,-1,-1
6,128,133,2,2,0,0,1,0,-1,-1
6,99,100,2,2,0,0,1,0,-1,-1
6,228,229,2,3,0,0,1,0,-1,-1
6,134,137,2,2,0,0,1,0,-1,-1
6,84,90,2,2,0,0,1,0,-1,-1
6,127,128,2,2,0,0,1,0,-1,-1
6,129,131,2,2,0,0,1,0,-1,-1
6,234,236,2,2,0,0,1,0,-1,-1
6,242,243,2,2,0,0,1,0,-1,-1
6,100,101,2,2,0,0,1,0,-1,-1
6,178,182,2,2,0,0,1,0,-1,-1
6,238,239,2,2,0,0,1,0,-1,-1
6,206,207,2,3,0,0,1,0,-1,-1
6,192,193,2,2,0,0,1,0,-1,-1
6,79,81,2,2,0,0,1,0,-1,-1
6,160,161,2,2,0,0,1,0,-1,-1
6,154,157,2,2,0,0,1,0,-1,-1
6,240,248,5,2,0,0,0,1,-1,-1
6,203,205,2,2,0,0,1,0,-1,-1
6,156,157,2,2,0,0,1,0,-1,-1
6,108,111,2,2,0,0,1,0,-1,-1
6,134,136,2,2,0,0,1,0,-1,-1
6,180,182,2,2,0,0,1,0,-1,-1
6,86,89,2,2,0,0,1,0,-1,-1
6,167,169,2,2,0,0,1,0,-1,-1
6,127,133,2,2,0,0,1,0,-1,-1
6,13,245,3,2,0,0,0,59,3,-1
6,79,80,2,2,0,0,1,0,-1,-1
6,102,109,2,2,0,0,1,0,-1,-1
6,203,204,2,2,0,0,1,0,-1,-1
6,258,259,2,2,0,1,1,0,3,3
6,154,156,2,2,0,0,1,0,-1,-1
6,219,221,2,2,0,0,1,0,-1,-1
6,237,239,2,2,0,0,1,0,-1,-1
6,84,85,2,2,0,0,1,0,-1,-1
6,150,152,2,2,0,0,1,0,-1,-1
6,134,135,2,2,0,0,1,0,-1,-1
6,118,120,2,2,0,0,1,0,-1,-1
6,150,155,2,2,0,0,1,0,-1,-1
6,199,200,2,2,0,0,1,0,-1,-1
6,173,184,2,2,0,0,1,0,-1,-1
6,152,155,2,2,0,0,1,0,-1,-1
6,80,81,2,2,0,0,1,0,-1,-1
6,204,205,2,2,0,0,1,0,-1,-1
6,206,208,2,2,0,0,1,0,-1,-1
6,214,215,2,2,0,0,1,0,-1,-1
6,94,95,2,2,0,0,1,0,-1,-1
6,175,181,2,2,0,0,1,0,-1,-1
6,177,178,2,2,0,0,1,0,-1,-1
7,168,172,4,2,0,0,1,0,-1,-1
7,211,213,2,2,0,0,1,0,-1,-1
7,105,107,3,2,0,0,1,0,-1,-1
7,99,100,2,2,0,0,1,0,-1,-1
7,182,183,2,2,0,0,1,0,-1,-1
7,220,228,2,2,0,0,1,0,-1,-1
7,173,183,5,2,0,0,0,2,0,-1
7,207,209,4,2,0,0,1,0,-3,-1
7,127,128,2,2,0,0,1,0,-1,-1
7,169,170,2,2,0,0,1,0,-1,-1
7,196,197,2,2,0,0,1,0,-1,-1
7,92,94,2,2,0,0,1,0,-1,-1
7,189,191,2,2,0,0,1,0,-1,-1
7,168,171,4,2,0,0,1,0,-1,-1
7,160,161,2,2,0,0,1,0,-1,-1
7,193,194,2,2,0,0,1,0,-1,-1
7,136,139,2,2,0,0,1,0,-1,-1
7,219,225,2,2,0,0,1,0,-1,-3
7,142,143,2,2,0,0,1,0,-1,-1
7,229,233,2,2,0,0,1,0,-1,0
7,190,192,2,2,0,0,1,0,-1,-1
7,173,182,5,2,0,0,0,2,0,-1
7,217,228,2,2,0,0,1,0,-1,-1
7,32,124,5,5,0,0,0,29,-2,1
7,92,93,2,2,0,0,1,0,-1,-1
7,149,151,2,2,0,0,1,0,-1,-1
7,93,94,2,2,0,0,1,0,-1,-1
7,148,149,2,2,0,0,1,0,-1,-1
7,214,216,2,3,0,0,1,0,-1,2
7,231,232,2,2,0,0,1,0,-1,-1
7,175,185,5,2,0,0,0,2,1,-1
7,105,108,3,2,0,0,1,0,-1,-1
7,137,140,2,2,0,0,1,0,-1,-1
7,107,108,2,2,0,0,1,0,-1,-1
7,134,135,2,2,0,0,1,0,-1,-1
7,118,120,3,2,0,0,1,0,-1,-1
7,112,113,2,2,0,0,1,0,-1,-1
7,207,210,4,2,0,0,1,0,-3,-1
7,114,116,2,2,0,0,1,0,-1,-1
7,131,132,2,5,0,0,0,1,-1,-1
7,214,215,2,2,0,0,1,0,-1,-1
7,158,159,2,2,0,0,1,0,-1,-1
8,163,164,2,2,0,0,1,0,-1,-1
8,164,165,2,2,0,0,1,0,-1,-1
8,255,256,2,2,0,0,1,0,-1,0
8,173,177,2,2,0,0,1,0,-1,-1
8,251,252,2,2,0,0,1,0,-1,-1
8,261,262,2,2,0,0,1,0,-1,-1
8,100,165,4,2,0,0,0,17,0,-1
8,168,171,2,2,0,0,1,0,-1,-1
8,267,269,2,2,0,0,1,0,-1,-3
8,280,281,2,2,0,0,1,0,2,1
8,171,175,2,2,0,0,1,0,-1,-1
8,188,191,2,2,0,0,1,0,-1,-1
8,199,200,2,2,0,0,1,0,-1,-1
8,103,104,2,2,0,0,1,0,-1,-1
8,177,178,2,2,0,0,1,0,-1,-1
8,257,262,2,2,0,0,1,0,-1,-1
8,203,206,2,2,0,0,1,0,-1,-1
8,128,133,2,2,0,0,1,0,-1,-1
8,216,218,2,2,0,0,1,0,-1,-1
8,264,267,2,2,0,0,1,0,-1,-1
8,266,267,2,2,0,0,1,0,-1,-1
8,105,106,2,2,0,0,1,0,-1,-1
8,228,231,2,2,0,0,1,0,-1,-1
8,235,236,2,2,0,0,1,0,-1,-1
8,173,178,2,2,0,0,1,0,-1,-1
8,246,248,2,2,0,0,1,0,-1,-1
8,156,171,5,2,0,0,0,3,2,-1
8,80,87,3,2,0,0,1,0,-1,-1
8,169,174,2,2,0,0,1,0,-1,-1
8,214,215,2,2,0,0,1,0,-1,-1
8,168,175,2,2,0,0,1,0,-1,-1
8,185,191,2,2,0,0,1,0,-1,-1
8,180,186,2,2,0,0,1,0,-1,-1
8,220,222,2,2,0,0,1,0,-1,-1
8,167,170,2,2,0,0,1,0,-1,-1
8,274,275,2,2,0,0,1,0,-1,0
8,149,152,2,2,0,0,1,0,-1,-1
8,204,207,2,2,0,0,1,0,-1,-1
8,205,206,2,2,0,0,1,0,-1,-1
8,259,262,2,2,0,0,1,0,-1,-1
8,270,271,2,2,0,0,1,0,-1,-1
8,102,104,2,2,0,0,1,0,-1,-1
8,241,244,2,2,0,0,1,0,-1,-1
8,258,260,2,2,0,0,1,0,-1,-1
8,167,172,2,2,0,0,1,0,-1,-1
8,113,116,2,2,0,0,1,0,-1,-1
8,244,245,2,2,0,0,1,0,-1,-1
8,100,164,4,2,0,0,0,17,0,-1
8,163,165,2,2,0,0,1,0,-1,-1
8,180,181,2,2,0,0,1,0,-1,-1
8,222,223,2,2,0,0,1,0,-1,-1
8,159,161,2,2,0,0,1,0,-1,-1
8,80,84,3,2,0,0,1,0,-1,-1
8,278,279,2,2,0,1,1,0,0,0
8,154,155,2,2,0,0,1,0,-1,-1
8,185,188,2,2,0,0,1,0,-1,-1
8,84,87,2,2,0,0,1,0,-1,-1
8,191,192,2,2,0,0,1,0,-1,-1
8,246,247,2,2,0,0,1,0,-1,-1
8,150,151,2,2,0,0,1,0,-1,-1
8,170,172,2,2,0,0,1,0,-1,-1
8,242,243,2,2,0,0,1,0,-1,-1
8,224,225,2,2,0,0,1,0,-1,-1
8,203,205,2,2,0,0,1,0,-1,-1
8,263,265,2,2,0,0,1,0,-1,-1
8,181,186,2,2,0,0,1,0,-1,-1
8,127,130,2,2,0,0,1,0,-1,-1
8,264,266,2,2,0,0,1,0,-1,-1
8,156,175,5,2,0,0,0,3,2,-1
8,187,190,2,2,0,0,1,0,-1,-1
8,259,261,2,2,0,0,1,0,-1,-1
8,196,202,2,2,0,0,1,0,-1,-1
8,102,103,2,2,0,0,1,0,-1,-1
8,157,158,2,2,0,0,1,0,-1,-1
8,166,170,2,2,0,0,1,0,-1,-1
8,194,195,2,2,0,0,1,0,-1,-1
8,220,223,2,2,0,0,1,0,-1,-1
8,156,168,5,2,0,0,0,3,2,-1
8,131,132,2,2,0,0,1,0,-1,-1
8,100,163,4,2,0,0,0,17,0,-1
8,184,187,2,2,0,0,1,0,-1,-1
9,146,148,2,2,0,0,1,0,-1,-1
9,266,268,2,2,0,0,1,0,-1,-1
9,99,100,2,2,0,0,1,0,-1,-1
9,255,256,2,2,0,0,1,0,-1,-1
9,135,138,2,2,0,0,1,0,-1,-1
9,261,262,2,2,0,0,1,0,-1,-1
9,175,177,2,2,0,0,1,0,-1,-1
9,238,245,2,2,0,0,1,0,-1,-1
9,75,99,5,2,0,0,0,4,0,-1
9,257,258,2,2,0,0,1,0,-1,-1
9,267,269,2,2,0,0,1,0,-1,-1
9,129,130,2,2,0,0,1,0,-1,-1
9,65,72,2,2,0,0,1,0,-1,-1
9,221,222,2,2,0,0,1,0,-1,-1
9,240,244,5,2,0,0,1,0,3,-1
9,140,221,5,2,0,0,0,18,-1,-1
9,224,227,2,2,0,0,1,0,-1,-1
9,257,260,2,2,0,0,1,0,-1,-1
9,107,108,2,3,0,0,1,0,-1,-1
9,225,228,2,2,0,0,1,0,-1,-1
9,132,137,2,2,0,0,1,0,-1,-1
9,71,72,3,2,0,0,1,0,-1,-1
9,136,137,2,2,0,0,1,0,-1,-1
9,203,206,2,2,0,0,1,0,-1,-1
9,124,126,2,2,0,0,1,0,-1,-1
9,116,122,2,2,0,0,1,0,-1,-1
9,77,78,2,2,0,0,1,0,-1,-1
9,26,233,5,2,0,0,0,47,2,-1
9,171,172,2,2,0,0,1,0,-1,-1
9,246,248,2,2,0,0,1,0,-1,-1
9,95,97,2,2,0,0,1,0,-1,-1
9,114,119,2,2,0,0,1,0,-1,-1
9,155,157,2,2,0,0,1,0,-1,-1
9,238,246,2,2,0,0,1,0,-1,-1
9,224,226,2,2,0,0,1,0,-1,-1
9,279,281,3,2,0,0,1,0,-1,-1
9,128,130,2,2,0,0,1,0,-1,-1
9,220,222,2,2,0,0,1,0,-1,-1
9,217,223,2,2,0,0,1,0,-1,-1
9,115,120,2,2,0,0,1,0,-1,-1
9,132,136,2,2,0,0,1,0,-1,-1
9,259,262,2,2,0,0,1,0,-1,-1
9,258,260,2,2,0,0,1,0,-1,-1
9,103,105,2,2,0,0,1,0,-1,-1
9,97,98,2,2,0,0,1,0,-1,-1
9,26,120,5,2,0,0,0,20,2,-1
9,195,197,2,2,0,0,1,0,-1,-1
9,188,213,5,2,0,0,0,6,-2,-1
9,212,213,2,2,0,0,1,0,-1,-1
9,232,234,2,2,0,0,1,0,-1,-1
9,281,282,2,2,0,0,1,0,-1,-3
9,111,118,2,2,0,0,1,0,-1,-1
9,185,186,2,2,0,0,1,0,-1,-1
9,84,85,2,2,0,0,1,0,-1,-1
9,153,154,2,2,0,0,1,0,-1,-1
9,186,187,2,2,0,0,1,0,-1,-1
9,65,71,2,3,0,0,1,0,-1,-1
9,117,118,2,2,0,0,1,0,-1,-1
9,75,100,5,2,0,0,0,4,0,-1
9,140,220,5,2,0,0,0,18,-1,-1
9,26,115,5,2,0,0,0,20,2,-1
9,26,234,5,2,0,0,0,47,2,-1
9,170,172,2,2,0,0,1,0,-1,-1
9,242,243,2,2,0,0,1,0,-1,-1
9,218,221,2,2,0,0,1,0,-1,-1
9,235,237,2,2,0,0,1,0,-1,-1
9,196,200,2,2,0,0,1,0,-1,-1
9,166,168,2,2,0,0,1,0,-1,-1
9,128,129,2,2,0,0,1,0,-1,-1
9,214,217,2,2,0,0,1,0,-1,-1
9,160,161,2,2,0,0,1,0,-1,-1
9,238,248,2,2,0,0,1,0,-1,-1
9,140,222,5,2,0,0,0,18,-1,-1
9,96,100,2,2,0,0,1,0,-1,-1
9,220,221,2,2,0,0,1,0,-1,-1
9,124,125,2,2,0,0,1,0,-1,-1
9,95,98,2,2,0,0,1,0,-1,-1
9,279,282,3,2,0,0,1,0,-1,-3
9,188,212,5,2,0,0,0,6,-2,-1
9,270,272,4,2,0,0,1,0,-2,-1
9,287,288,2,2,0,0,1,0,-1,-3
9,111,117,2,2,0,0,1,0,-1,-1
10,192,194,2,2,0,0,1,0,-1,-1
10,192,200,2,2,0,0,1,0,-1,-1
10,122,150,2,2,0,0,0,11,-1,-1
10,185,188,3,2,0,0,1,0,-1,-1
10,201,203,2,2,0,0,1,0,-1,-1
10,194,200,2,2,0,0,1,0,-1,-1
10,193,198,2,2,0,0,1,0,-1,-1
10,158,180,5,3,0,0,0,8,2,-1
10,228,229,2,2,0,0,1,0,-1,-1
10,150,154,2,2,0,0,1,0,-1,-1
10,113,114,2,2,0,0,1,0,-1,-1
10,106,108,2,2,0,0,1,0,-1,-1
10,155,156,2,2,0,0,1,0,-1,-1
10,109,113,4,2,0,0,1,0,-1,-1
10,206,207,2,2,0,0,1,0,-1,-1
10,110,114,2,2,0,0,1,0,-1,-1
10,85,88,2,2,0,0,1,0,-1,-1
10,202,203,2,2,0,0,1,0,-1,-1
10,180,182,3,2,0,0,1,0,-1,-1
10,153,155,2,2,0,0,1,0,-1,-1
10,161,162,2,2,0,0,1,0,-1,-1
10,80,207,4,2,0,0,0,36,-1,-1
10,112,114,2,2,0,0,1,0,-1,-1
10,152,156,2,2,0,0,1,0,-1,-1
10,195,200,2,2,0,0,1,0,-1,-1
10,127,212,5,4,0,0,0,29,2,-1
10,157,164,4,2,0,0,0,3,2,-1
10,240,241,2,2,0,0,1,0,-2,-1
10,110,113,2,2,0,0,1,0,-1,-1
10,97,180,3,3,0,0,0,25,2,-1
10,201,204,2,2,0,0,1,0,-1,-1
10,209,211,2,2,0,0,1,0,-1,-1
10,168,170,2,2,0,0,1,0,-1,-1
10,185,186,3,2,0,0,1,0,-1,-1
10,122,154,2,2,0,0,0,11,-1,-1
10,163,165,2,2,0,0,1,0,-1,-1
10,135,136,2,2,0,0,1,0,-1,-1
10,217,218,2,2,0,0,1,0,-1,-1
10,112,113,2,2,0,0,1,0,-1,-1
10,152,155,2,2,0,0,1,0,-1,-1
10,80,206,4,2,0,0,0,36,-1,-1
10,218,219,2,2,0,0,1,0,-1,-1
10,93,96,2,2,0,0,1,0,-1,-1
10,110,112,2,2,0,0,1,0,-1,-1
10,109,114,4,2,0,0,1,0,-1,-1
10,97,182,3,2,0,0,0,25,2,-1
11,207,209,2,2,0,0,1,0,-1,-1
11,234,236,2,2,0,0,1,0,-1,-1
11,299,301,2,2,0,0,1,0,-1,-1
11,132,133,2,2,0,0,1,0,-1,-1
11,111,119,2,2,0,0,1,0,-1,-1
11,257,258,2,2,0,0,1,0,-1,-1
11,289,290,2,2,0,0,1,0,-1,-1
11,284,285,2,2,0,0,1,0,-1,-1
11,93,244,5,2,0,0,0,32,0,-1
11,170,171,2,2,0,0,1,0,-1,-1
11,239,243,2,2,0,0,1,0,-1,-1
11,280,281,2,2,0,0,1,0,-1,-1
11,117,119,2,2,0,0,1,0,-1,-1
11,253,260,2,2,0,0,1,0,-1,-1
11,166,167,2,2,0,0,1,0,-1,-1
11,174,180,2,2,0,0,1,0,-1,-1
11,240,244,2,2,0,0,1,0,-1,-1
11,226,227,2,2,0,0,1,0,-1,-1
11,306,308,2,2,0,0,1,0,-1,0
11,107,108,2,2,0,0,1,0,-1,-1
11,150,152,2,2,0,0,1,0,-1,-1
11,165,168,2,2,0,0,1,0,-1,-1
11,264,274,2,2,0,0,0,1,-1,3
11,140,141,2,2,0,0,1,0,-1,-1
11,119,121,2,3,0,0,1,0,-1,-1
11,108,109,2,2,0,0,1,0,-1,-1
11,248,250,3,2,0,0,1,0,-1,-1
11,114,115,2,2,0,0,1,0,-1,-1
11,109,110,2,2,0,0,1,0,-1,-1
11,115,123,2,2,0,0,1,0,-1,-1
11,201,202,2,2,0,0,1,0,-1,-1
11,269,272,2,2,0,0,1,0,-1,-1
11,211,215,3,2,0,0,1,0,-1,-1
11,222,224,2,2,0,0,1,0,-1,-1
11,254,259,2,2,0,0,1,0,-1,-1
11,115,116,2,2,0,0,1,0,-1,-1
11,305,307,2,2,0,0,1,0,3,0
11,296,304,2,2,0,0,1,0,-1,3
11,111,121,2,3,0,0,1,0,-1,-1
11,171,172,2,2,0,0,1,0,-1,-1
11,173,178,2,2,0,0,1,0,-1,-1
11,256,258,2,2,0,0,1,0,-1,-1
11,167,168,2,2,0,0,1,0,-1,-1
11,176,180,3,2,0,0,1,0,-1,-1
11,204,205,2,2,0,0,1,0,-1,-1
11,117,121,2,3,0,0,1,0,-1,-1
11,279,281,2,2,0,0,1,0,-1,-1
11,241,242,2,2,0,0,1,0,-1,-1
11,298,303,2,2,0,1,1,0,0,0
11,263,266,2,2,0,0,1,0,-1,-1
11,99,206,5,2,0,0,0,22,-3,-1
11,296,299,2,2,0,0,1,0,-1,-1
11,307,308,2,2,0,1,1,0,0,0
11,271,272,2,2,0,0,1,0,-1,-1
11,227,229,2,2,0,0,1,0,-1,-1
11,36,161,5,5,0,1,0,28,1,1
11,99,208,5,2,0,0,0,22,-3,-1
11,296,301,2,2,0,0,1,0,-1,-1
11,142,188,5,4,0,0,0,8,-3,3
11,177,182,2,2,0,0,1,0,-1,-1
11,93,240,5,2,0,0,0,32,0,-1
11,277,278,2,2,0,0,1,0,-1,-1
11,135,139,2,2,0,0,1,0,-1,-1
11,122,123,2,2,0,0,1,0,-1,-1
11,246,247,2,2,0,0,1,0,-1,-1
11,95,96,2,2,0,0,1,0,-1,-1
11,279,280,2,2,0,0,1,0,-1,-1
11,166,168,2,2,0,0,1,0,-1,-1
11,305,308,2,2,0,0,1,0,3,0
11,193,194,2,2,0,0,1,0,-1,-1
11,107,109,2,2,0,0,1,0,-1,-1
11,124,125,2,2,0,0,1,0,-1,-1
11,114,123,2,2,0,0,1,0,-1,-1
11,102,103,2,2,0,0,1,0,-1,-1
11,183,186,2,2,0,0,1,0,-1,-1
11,200,202,2,2,0,0,1,0,-1,-1
11,120,127,3,4,0,0,0,2,-1,-1
11,160,163,2,2,0,0,1,0,-1,-1
11,211,220,3,2,0,0,0,1,-1,-1
11,269,271,2,2,0,0,1,0,-1,-1
11,116,123,2,2,0,0,1,0,-1,-1
11,134,138,2,3,0,0,1,0,-1,0
11,114,116,2,2,0,0,1,0,-1,-1
11,205,207,2,2,0,0,1,0,-1,-1
11,174,176,2,3,0,0,1,0,-1,-1
11,93,221,5,5,0,0,0,28,0,-1
12,7,200,5,5,0,0,0,42,3,0
12,99,100,2,2,0,0,1,0,-1,-1
12,67,132,5,2,0,0,0,13,-3,-1
12,269,273,2,2,0,0,1,0,-1,-1
12,70,73,3,2,0,0,1,0,-1,-1
12,89,141,3,3,0,0,0,12,-1,-1
12,138,140,2,2,0,0,1,0,-1,-1
12,137,138,2,2,0,0,1,0,-1,-1
12,168,171,2,2,0,0,1,0,-1,-1
12,257,258,2,2,0,0,1,0,-1,-1
12,105,109,2,2,0,0,1,0,-1,-1
12,255,258,4,2,0,0,1,0,-1,-1
12,170,171,2,2,0,0,1,0,-1,-1
12,221,222,2,2,0,0,1,0,-1,-1
12,214,216,2,2,0,0,1,0,-1,-1
12,161,180,5,2,0,0,0,3,3,-1
12,168,173,2,2,0,0,1,0,-1,-1
12,226,227,2,2,0,0,1,0,-1,-1
12,145,147,2,2,0,0,1,0,-1,-1
12,267,271,2,2,0,0,1,0,-1,-1
12,280,283,2,2,0,0,1,0,-1,-1
12,218,222,2,2,0,0,1,0,-1,-1
12,259,260,2,2,0,0,1,0,-1,-1
12,291,292,2,2,0,0,1,0,-1,-1
12,215,217,2,2,0,0,1,0,-1,-1
12,27,157,5,2,0,0,0,28,-1,-1
12,263,269,2,2,0,0,1,0,-1,-1
12,172,175,2,2,0,0,1,0,-1,-1
12,204,210,2,2,0,0,1,0,-1,-1
12,173,176,2,2,0,0,1,0,-1,-1
12,228,231,4,2,0,0,1,0,0,-1
12,207,208,2,2,0,0,1,0,-1,-1
12,213,215,2,2,0,0,1,0,-1,-1
12,250,252,2,2,0,0,1,0,-1,-1
12,137,140,2,2,0,0,1,0,-1,-1
12,125,129,2,2,0,0,1,0,-1,-1
12,239,242,2,2,0,0,1,0,-1,-1
12,263,273,2,2,0,0,1,0,-1,-1
12,150,161,3,5,0,0,0,3,-1,3
12,155,157,2,2,0,0,1,0,-1,-1
12,170,173,2,2,0,0,1,0,-1,-1
12,117,121,2,2,0,0,1,0,-1,-1
12,241,242,2,2,0,0,1,0,-1,-1
12,96,98,2,2,0,0,1,0,-1,-1
12,219,223,2,2,0,0,1,0,-1,-1
12,302,303,2,2,0,0,1,0,-1,-1
12,170,175,2,2,0,0,1,0,-1,-1
12,141,144,3,2,0,0,1,0,-1,-1
12,303,304,2,2,0,0,1,0,-1,-3
12,118,121,2,2,0,0,1,0,-1,-1
12,80,82,2,2,0,0,1,0,-1,-1
12,97,98,2,2,0,0,1,0,-1,-1
12,212,213,2,2,0,0,1,0,-1,-1
12,27,94,5,4,0,0,0,15,-1,-1
12,161,183,5,2,0,0,0,3,3,-1
12,261,270,2,2,0,0,1,0,-1,-1
12,168,170,2,2,0,0,1,0,-1,-1
12,162,166,2,2,0,0,1,0,-1,-1
12,211,214,2,2,0,0,1,0,-1,-1
12,266,269,2,2,0,0,1,0,-1,-1
12,245,246,2,8,0,0,1,0,-1,3
12,177,200,5,5,0,0,0,6,-1,0
12,255,257,4,2,0,0,1,0,-1,-1
12,167,174,2,2,0,0,1,0,-1,-1
12,117,118,2,2,0,0,1,0,-1,-1
12,240,243,2,2,0,0,1,0,-1,-1
12,180,183,2,2,0,0,1,0,-1,-1
12,77,81,2,2,0,0,1,0,-1,-1
12,95,96,2,2,0,0,1,0,-1,-1
12,143,145,2,2,0,0,1,0,-1,-1
12,104,108,2,2,0,0,1,0,-1,-1
12,170,172,2,2,0,0,1,0,-1,-1
12,218,221,2,2,0,0,1,0,-1,-1
12,252,253,2,2,0,0,1,0,-1,-1
12,293,297,2,2,0,0,1,0,-1,-1
12,275,276,2,2,0,0,1,0,-1,-1
12,285,286,2,2,0,0,1,0,-1,0
12,101,102,2,2,0,0,1,0,-1,-1
12,143,147,2,2,0,0,1,0,-1,-1
12,7,177,5,5,0,0,0,36,3,-1
12,27,155,5,2,0,0,0,28,-1,-1
12,168,176,2,2,0,0,1,0,-1,-1
12,237,239,2,2,0,0,1,0,-1,-1
12,61,178,5,5,0,0,0,23,2,-1
12,302,304,2,2,0,0,1,0,-1,-3
12,170,176,2,2,0,0,1,0,-1,-1
12,287,288,2,2,0,0,1,0,-1,-1
12,238,243,2,2,0,0,1,0,-1,-1
13,200,201,2,2,0,0,1,0,-1,-1
13,240,243,2,2,0,0,1,0,-1,-1
13,250,254,2,2,0,0,1,0,-1,-1
13,249,255,2,2,0,1,1,0,0,0
13,99,100,2,2,0,0,1,0,-1,-1
13,156,158,2,2,0,0,1,0,-1,-1
13,222,225,2,2,0,0,1,0,-1,-1
13,138,250,5,2,0,0,0,33,-3,-1
13,233,234,2,2,0,0,1,0,-1,-1
13,170,172,2,2,0,0,1,0,-1,-1
13,169,170,4,2,0,0,1,0,-3,-1
13,179,181,2,2,0,0,1,0,-1,-1
13,244,246,2,2,0,0,1,0,0,-1
13,92,94,2,2,0,0,1,0,-1,-1
13,251,252,2,2,0,0,1,0,-2,-1
13,213,216,2,2,0,0,1,0,-1,-1
13,132,133,2,2,0,0,1,0,-1,-1
13,166,171,2,2,0,0,1,0,-1,-1
13,212,217,4,2,0,0,1,0,3,-1
13,224,225,2,2,0,0,1,0,-1,-1
13,183,184,2,2,0,0,1,0,-1,-1
13,1,30,5,5,0,0,0,5,3,0
13,96,103,2,2,0,0,1,0,-1,-1
13,249,254,2,2,0,0,1,0,0,-1
13,146,147,2,2,0,0,1,0,-1,-1
13,98,103,2,2,0,0,1,0,-1,-1
13,229,230,2,2,0,0,1,0,-1,-1
13,124,125,2,2,0,0,1,0,-1,-1
13,228,231,2,2,0,0,1,0,-1,-1
13,222,224,2,2,0,0,1,0,-1,-1
13,135,137,2,2,0,0,1,0,-1,-1
13,208,210,2,2,0,0,1,0,-1,-1
13,138,249,5,2,0,0,0,33,-3,0
13,169,172,4,2,0,0,1,0,-3,-1
13,227,229,2,2,0,0,1,0,-1,-1
13,198,199,2,2,0,0,1,0,-1,-1
13,206,218,5,2,0,0,0,1,-1,-1
13,184,185,2,2,0,0,1,0,-1,-1
13,177,178,2,2,0,0,1,0,-1,-1
13,139,140,2,2,0,0,1,0,-1,-1
13,194,195,2,2,0,0,1,0,-1,-1
13,249,250,2,2,0,0,1,0,0,-1
13,162,163,2,2,0,0,1,0,-1,-1
13,98,102,2,2,0,0,1,0,-1,-1
13,46,107,4,5,0,0,0,17,1,-1
13,138,254,5,2,0,0,0,33,-3,-1
13,112,113,2,2,0,0,1,0,-1,-1
13,157,160,2,2,0,0,1,0,-1,-1
13,214,218,2,2,0,0,1,0,-1,-1
13,96,98,2,2,0,0,1,0,-1,-1
14,90,91,2,2,0,0,1,0,-1,-1
14,154,155,2,2,0,0,1,0,-1,-1
14,194,197,4,2,0,0,1,0,1,-1
14,243,248,3,2,0,0,1,0,-1,-1
14,108,112,2,2,0,0,1,0,-1,-1
14,181,187,2,2,0,0,1,0,-1,-1
14,141,142,2,2,0,0,1,0,-1,-1
14,150,151,3,2,0,0,1,0,-1,-1
14,181,184,2,2,0,0,1,0,-1,-1
14,207,209,2,2,0,0,1,0,-1,-1
14,210,211,2,2,0,0,1,0,-1,-1
14,121,127,2,2,0,0,1,0,-1,-1
14,106,108,2,2,0,0,1,0,-1,-1
14,132,136,2,2,0,0,1,0,-1,-1
14,132,133,2,2,0,0,1,0,-1,-1
14,37,155,5,2,0,0,0,27,1,-1
14,238,239,3,2,0,0,1,0,-1,-1
14,197,198,2,2,0,0,1,0,-1,-1
14,238,242,3,2,0,0,1,0,-1,-1
14,96,97,2,2,0,0,1,0,-1,-1
14,105,106,2,2,0,0,1,0,-1,-1
14,119,124,2,2,0,0,1,0,-1,-1
14,162,164,2,2,0,0,1,0,-1,-1
14,250,253,2,2,0,0,1,0,-1,-1
14,165,166,4,2,0,0,1,0,2,-1
14,90,93,2,2,0,0,1,0,-1,-1
14,188,189,2,2,0,0,1,0,-1,-1
14,22,141,5,2,0,0,0,27,1,-1
14,125,130,2,2,0,0,1,0,-1,-1
14,23,195,4,4,0,0,0,44,-1,-1
14,153,155,2,2,0,0,1,0,-1,-1
14,97,98,2,2,0,0,1,0,-1,-1
14,143,144,2,2,0,0,1,0,-1,-1
14,208,210,2,2,0,0,1,0,-1,-1
14,217,222,2,2,0,0,1,0,-1,-1
14,225,226,2,2,0,0,1,0,-1,-1
14,132,138,2,2,0,0,1,0,-1,-1
14,122,127,2,2,0,0,1,0,-1,-1
14,232,234,2,2,0,0,1,0,-1,-1
14,102,106,3,2,0,0,1,0,-1,-1
14,102,112,3,2,0,0,1,0,-1,-1
14,136,138,2,2,0,0,1,0,-1,-1
14,224,226,2,2,0,0,1,0,-1,-1
14,105,108,2,2,0,0,1,0,-1,-1
14,171,172,2,2,0,0,1,0,-1,-1
14,194,198,4,2,0,0,1,0,1,-1
14,188,191,2,2,0,0,1,0,-1,-1
14,246,248,2,2,0,0,1,0,-1,-1
14,22,140,5,2,0,0,0,27,1,-1
14,239,242,2,2,0,0,1,0,-1,-1
14,121,122,2,2,0,0,1,0,-1,-1
14,153,154,2,2,0,0,1,0,-1,-1
14,91,93,2,2,0,0,1,0,-1,-1
14,0,6,5,5,0,0,0,1,-1,-1
14,227,228,2,2,0,0,1,0,-1,-1
14,251,253,2,2,0,0,1,0,-2,-1
14,140,141,2,2,0,0,1,0,-1,-1
14,213,214,2,2,0,0,1,0,-1,-1
14,236,240,2,2,0,0,1,0,-1,-1
14,123,128,2,2,0,0,1,0,-1,-1
14,102,105,3,2,0,0,1,0,-1,-1
14,0,149,5,2,0,0,0,33,-1,-1
14,102,108,3,2,0,0,1,0,-1,-1
14,96,98,2,2,0,0,1,0,-1,-1
14,184,187,2,2,0,0,1,0,-1,-1
15,146,148,2,2,0,0,1,0,-1,-1
15,163,164,2,2,0,0,1,0,-1,-1
15,192,194,2,2,0,0,1,0,-1,-1
15,211,213,2,2,0,0,1,0,-1,-1
15,146,151,2,2,0,0,1,0,-1,-1
15,98,101,2,2,0,0,1,0,-1,-1
15,260,261,2,2,0,0,1,0,-1,-1
15,108,109,2,2,0,0,1,0,-1,-1
15,228,229,2,2,0,0,1,0,-1,-1
15,237,238,2,2,0,0,1,0,-1,-1
15,165,170,2,2,0,0,1,0,-1,-1
15,95,96,2,2,0,0,1,0,-1,-1
15,86,87,2,2,0,0,1,0,-1,-1
15,103,109,2,2,0,0,1,0,-1,-1
15,169,170,2,2,0,0,1,0,-1,-1
15,210,214,2,2,0,0,1,0,-1,-1
15,259,265,3,2,0,0,1,0,-1,-1
15,100,101,2,2,0,0,1,0,-1,-1
15,149,152,2,2,0,0,1,0,-1,-1
15,157,159,2,2,0,0,1,0,-1,-1
15,189,194,2,2,0,0,1,0,-1,-1
15,221,226,2,2,0,0,1,0,-1,-1
15,102,110,2,2,0,0,1,0,-1,-1
15,177,180,2,2,0,0,1,0,-1,-1
15,98,100,2,2,0,0,1,0,-1,-1
15,219,222,2,2,0,0,1,0,-1,-1
15,90,96,2,2,0,0,1,0,-1,-1
15,156,157,2,2,0,0,1,0,-1,-1
15,89,91,2,2,0,0,1,0,-1,-1
15,143,144,4,2,0,0,1,0,-1,-1
15,103,108,2,2,0,0,1,0,-1,-1
15,217,219,2,2,0,0,1,0,0,-1
15,217,222,2,2,0,0,1,0,0,-1
15,233,236,2,2,0,0,1,0,-1,-1
15,232,234,2,2,0,0,1,0,-1,-1
15,175,179,2,2,0,0,1,0,-1,-1
15,120,121,2,2,0,0,1,0,-1,-1
15,224,227,2,2,0,0,1,0,-1,-1
15,168,170,2,2,0,0,1,0,-1,-1
15,116,117,2,2,0,0,1,0,-1,-1
15,171,172,2,2,0,0,1,0,-1,-1
15,202,205,2,2,0,0,1,0,-1,-1
15,90,95,2,2,0,0,1,0,-1,-1
15,144,145,2,2,0,0,1,0,-1,-1
15,113,118,2,2,0,0,1,0,-1,-1
15,172,173,2,2,0,0,1,0,-1,-1
15,218,225,2,2,0,0,1,0,-1,-1
15,189,192,2,2,0,0,1,0,-1,-1
15,92,95,2,2,0,0,1,0,-1,-1
15,235,238,2,2,0,0,1,0,-1,-1
15,262,265,2,2,0,0,1,0,-1,-1
15,168,169,2,2,0,0,1,0,-1,-1
16,119,121,4,2,0,0,1,0,-1,-1
16,146,148,2,2,0,0,1,0,-1,-1
16,188,190,2,2,0,0,1,0,-1,-1
16,220,222,2,2,0,0,1,0,-1,-1
16,294,296,2,2,0,0,1,0,-1,-1
16,302,303,4,2,0,0,1,0,-1,-1
16,311,312,2,2,0,0,1,0,1,-3
16,286,292,2,2,0,0,1,0,-1,-1
16,233,234,2,2,0,0,1,0,-1,-1
16,114,167,5,2,0,0,0,10,-1,-1
16,112,115,4,2,0,0,1,0,0,-1
16,129,131,2,2,0,0,1,0,-1,-1
16,210,211,2,2,0,0,1,0,-1,-1
16,297,301,2,2,0,0,1,0,-1,-1
16,235,237,2,2,0,0,1,0,-1,-1
16,140,143,2,2,0,0,1,0,-1,-1
16,158,161,2,2,0,0,1,0,-1,-1
16,119,120,4,2,0,0,1,0,-1,-1
16,183,184,2,2,0,0,1,0,-1,-1
16,304,306,2,2,0,0,1,0,-1,-1
16,160,161,2,2,0,0,1,0,-1,-1
16,257,258,2,2,0,0,1,0,-1,-1
16,171,173,2,2,0,0,1,0,-1,-1
16,232,241,2,2,0,0,1,0,-1,-1
16,147,148,2,2,0,0,1,0,-1,-1
16,171,176,2,2,0,0,1,0,-1,-1
16,275,276,2,2,0,0,1,0,-1,-1
16,309,314,2,2,0,0,1,0,2,-1
16,173,176,2,2,0,0,1,0,-1,-1
16,303,307,2,2,0,0,1,0,-1,-1
16,305,306,2,2,0,0,1,0,-1,-1
16,135,137,3,2,0,0,1,0,-1,-1
16,144,146,3,2,0,0,1,0,-1,-1
16,170,171,2,2,0,0,1,0,-1,-1
16,256,259,2,2,0,0,1,0,-1,-1
16,295,300,2,2,0,0,1,0,-1,-1
16,234,238,2,2,0,0,1,0,-1,-1
16,169,172,2,2,0,0,1,0,-1,-1
16,169,175,2,2,0,0,1,0,-1,-1
16,253,254,2,2,0,0,1,0,-1,-1
16,212,216,2,2,0,0,1,0,-1,-1
16,213,215,2,2,0,0,1,0,-1,-1
16,287,289,2,2,0,0,1,0,-1,-1
16,240,241,3,2,0,0,1,0,-1,-1
16,313,314,2,2,0,0,1,0,-1,-1
16,120,121,2,2,0,0,1,0,-1,-1
16,184,185,2,2,0,0,1,0,-1,-1
16,179,201,4,2,0,0,0,6,-1,-1
16,232,240,2,3,0,0,1,0,-1,-1
16,249,250,2,2,0,0,1,0,-1,-1
16,116,117,2,2,0,0,1,0,-1,-1
16,194,198,2,2,0,0,1,0,-1,-1
16,228,230,2,2,0,0,1,0,-1,-1
16,309,310,2,2,0,1,1,0,2,2
16,125,132,2,2,0,0,1,0,-1,-1
16,124,130,2,2,0,0,1,0,-1,-1
16,295,299,2,2,0,0,1,0,-1,-1
16,294,297,2,2,0,0,1,0,-1,-1
16,302,307,4,2,0,0,1,0,-1,-1
16,255,260,2,2,0,0,1,0,-1,-1
16,144,148,3,2,0,0,1,0,-1,-1
16,264,265,2,2,0,0,1,0,-1,-1
16,191,199,2,2,0,0,1,0,-1,-1
16,129,132,2,2,0,0,1,0,-1,-1
16,233,238,2,2,0,0,1,0,-1,-1
16,131,132,2,2,0,0,1,0,-1,-1
16,149,150,2,2,0,0,1,0,-1,-1
16,133,224,5,2,0,0,0,19,-1,-1
16,123,128,2,2,0,0,1,0,-1,-1
16,213,217,2,2,0,0,1,0,-1,-1
16,236,240,2,3,0,0,1,0,-1,-1
16,183,185,2,2,0,0,1,0,-1,-1
16,310,314,2,2,0,0,1,0,2,-1
16,215,217,2,2,0,0,1,0,-1,-1
16,296,297,2,2,0,0,1,0,-1,-1
17,146,148,2,2,0,0,1,0,-1,-1
17,163,164,2,2,0,0,1,0,-1,-1
17,192,194,2,2,0,0,1,0,-1,-1
17,25,148,5,2,0,0,0,28,0,-1
17,24,213,4,2,0,0,0,46,-1,-1
17,226,229,2,2,0,0,1,0,-1,-1
17,147,149,2,2,0,0,1,0,-1,-1
17,191,192,2,2,0,0,1,0,-1,-1
17,108,112,2,3,0,0,1,0,-1,-1
17,229,231,2,2,0,0,1,0,-1,-1
17,165,170,3,2,0,0,1,0,-1,-1
17,150,151,2,2,0,0,1,0,-1,-1
17,167,170,2,2,0,0,1,0,-1,-1
17,178,179,2,2,0,0,1,0,-1,-1
17,187,188,2,2,0,0,1,0,-1,-1
17,227,230,2,2,0,0,1,0,-1,-1
17,74,76,2,2,0,0,1,0,-1,-1
17,100,101,2,2,0,0,1,0,-1,-1
17,210,217,2,2,0,0,1,0,-1,-1
17,224,225,2,2,0,0,1,0,-1,-1
17,224,228,2,2,0,0,1,0,-1,-1
17,19,161,3,5,0,0,0,36,-1,1
17,165,166,3,2,0,0,1,0,-1,-1
17,79,154,4,2,0,0,0,22,1,-1
17,226,231,2,2,0,0,1,0,-1,-1
17,101,105,2,2,0,0,1,0,-1,-1
17,245,247,2,4,0,0,1,0,-1,1
17,269,278,5,5,0,0,0,2,2,0
17,191,194,2,2,0,0,1,0,-1,-1
17,224,232,2,2,0,0,1,0,-1,-1
17,280,281,2,2,0,0,1,0,1,-1
17,207,214,2,2,0,0,1,0,-1,-1
17,225,232,2,2,0,0,1,0,-1,-1
17,208,213,2,2,0,0,1,0,-1,-1
17,282,284,2,2,0,0,1,0,-3,-1
17,169,172,2,2,0,0,1,0,-1,-1
17,106,113,2,2,0,0,1,0,-1,-1
17,44,80,4,2,0,0,0,7,-1,-1
17,157,158,2,2,0,0,1,0,-1,-1
17,44,83,4,2,0,0,0,7,-1,-1
17,134,172,5,2,0,0,0,12,-1,-1
17,262,266,2,2,0,0,1,0,-1,-1
17,166,170,2,2,0,0,1,0,-1,-1
17,134,169,5,2,0,0,0,12,-1,-1
17,241,246,2,2,0,0,1,0,-1,-1
17,270,273,2,2,0,0,1,0,-1,-1
17,267,268,2,2,0,0,1,0,-1,-1
17,79,153,4,2,0,0,0,22,1,-1
17,81,83,2,2,0,0,1,0,-1,-1
17,24,214,4,2,0,0,0,46,-1,-1
17,219,221,2,2,0,0,1,0,-1,-1
17,272,273,2,2,0,0,1,0,-1,-1
17,153,154,2,2,0,0,1,0,-1,-1
17,259,260,2,3,0,0,1,0,-1,-1
17,85,86,2,2,0,0,1,0,-1,-1
17,204,205,2,2,0,0,1,0,-1,-1
17,197,199,2,2,0,0,1,0,-1,-1
17,242,250,2,2,0,0,1,0,-1,-1
17,270,272,2,2,0,0,1,0,-1,-1
17,177,178,2,2,0,0,1,0,-1,-1
18,192,194,2,2,0,0,1,0,-1,-1
18,136,137,2,2,0,0,1,0,-1,-1
18,200,201,2,2,0,0,1,0,-1,-1
18,0,161,5,2,0,0,0,44,3,-1
18,219,220,2,2,0,0,1,0,-2,-1
18,229,231,2,3,0,0,1,0,0,-1
18,173,174,2,2,0,0,1,0,-1,-1
18,159,160,2,2,0,0,1,0,-1,-1
18,126,129,2,2,0,0,1,0,-1,-1
18,191,195,4,2,0,0,1,0,-1,-1
18,129,131,2,2,0,0,1,0,-1,-1
18,92,94,4,2,0,0,1,0,1,-1
18,205,206,2,2,0,0,1,0,-1,0
18,166,171,5,2,0,0,0,2,-1,-1
18,105,158,5,6,0,0,0,18,-3,-1
18,93,95,3,2,0,0,1,0,-1,0
18,128,129,2,2,0,0,1,0,-1,-1
18,30,152,5,5,0,0,0,35,-1,-1
18,174,175,2,2,0,0,1,0,-1,-1
18,160,161,2,2,0,0,1,0,-1,-1
18,201,202,2,2,0,0,1,0,-1,-1
18,162,164,2,2,0,0,1,0,-1,-1
18,96,100,2,2,0,0,1,0,-1,-1
18,220,221,2,2,0,0,1,0,-1,-1
18,0,160,5,2,0,0,0,44,3,-1
18,24,163,5,4,0,0,0,39,-2,-1
18,126,131,2,2,0,0,1,0,-1,-1
18,170,171,2,2,0,0,1,0,-1,-1
18,115,116,2,2,0,0,1,0,-1,-1
18,105,148,5,2,0,0,0,15,-3,-1
18,92,99,4,2,0,0,1,0,1,-1
18,94,99,2,2,0,0,1,0,-1,-1
18,93,97,3,2,0,0,1,0,-1,-1
18,166,170,5,2,0,0,0,2,-1,-1
18,185,186,2,2,0,0,1,0,-1,-1
18,0,159,5,2,0,0,0,44,3,-1
18,154,156,2,2,0,0,1,0,-1,-1
18,171,172,2,2,0,0,1,0,-1,-1
18,173,175,2,2,0,0,1,0,-1,-1
18,159,161,2,2,0,0,1,0,-1,-1
18,187,189,2,2,0,0,1,0,-1,-1
18,195,196,2,2,0,0,1,0,-1,-1
18,213,214,2,2,0,0,1,0,-1,-1
18,224,226,2,2,0,0,1,0,1,-1
19,102,111,2,2,0,0,1,0,-1,-1
19,185,188,2,2,0,0,1,0,-1,-1
19,147,149,2,2,0,0,1,0,-1,-1
19,118,119,2,2,0,0,1,0,-1,-1
19,165,167,2,2,0,0,1,0,-1,-1
19,159,160,2,2,0,0,1,0,-1,-1
19,87,92,2,2,0,0,1,0,-1,-1
19,265,266,2,2,0,0,1,0,-1,-1
19,271,276,2,2,0,0,1,0,-1,-1
19,123,124,2,2,0,0,1,0,-1,-1
19,187,188,2,2,0,0,1,0,-1,-1
19,242,249,2,2,0,0,1,0,-1,-1
19,244,246,2,2,0,0,1,0,-1,-1
19,230,232,2,2,0,0,1,0,-1,-1
19,158,161,2,2,0,0,1,0,-1,-1
19,223,226,2,2,0,0,1,0,-1,-1
19,184,189,2,2,0,0,1,0,-1,-1
19,145,148,2,2,0,0,1,0,-1,-1
19,229,230,2,2,0,0,1,0,-1,-1
19,226,231,2,2,0,0,1,0,-1,-1
19,125,127,2,2,0,0,1,0,-1,-1
19,124,125,2,2,0,0,1,0,-1,-1
19,279,281,2,2,0,1,1,0,0,0
19,131,237,7,5,0,0,0,29,1,0
19,86,89,2,2,0,0,1,0,-1,-1
19,176,178,2,2,0,0,1,0,-1,-1
19,78,79,2,2,0,0,1,0,-1,-1
19,182,188,2,2,0,0,1,0,-1,-1
19,272,277,2,2,0,0,1,0,1,-1
19,89,94,2,2,0,0,1,0,-1,-1
19,138,139,2,2,0,0,1,0,-1,-1
19,92,93,2,2,0,0,1,0,-1,-1
19,238,241,2,2,0,0,1,0,-1,-1
19,209,211,2,2,0,0,1,0,-1,-1
19,120,121,2,2,0,0,1,0,-1,-1
19,203,204,2,2,0,0,1,0,-1,-1
19,229,232,2,2,0,0,1,0,-1,-1
19,164,166,3,2,0,0,1,0,-1,-1
19,267,274,2,2,0,0,1,0,-1,0
19,165,168,2,2,0,0,1,0,-1,-1
19,144,145,2,2,0,0,1,0,-1,-1
19,182,187,2,2,0,0,1,0,-1,-1
19,86,94,2,2,0,0,1,0,-1,-1
19,144,148,2,2,0,0,1,0,-1,-1
19,87,93,2,2,0,0,1,0,-1,-1
19,167,168,2,2,0,0,1,0,-1,-1
19,259,260,2,2,0,0,1,0,-1,-1
19,242,247,2,2,0,0,1,0,-1,-1
19,186,190,2,2,0,0,1,0,-1,-1
19,123,125,2,2,0,0,1,0,-1,-1
19,140,141,2,2,0,0,1,0,-1,-1
19,213,214,2,2,0,0,1,0,-1,-1
19,247,249,2,2,0,0,1,0,-1,-1
19,88,91,2,2,0,0,1,0,-1,-1
20,192,194,2,2,0,0,1,0,-1,-1
20,201,203,2,2,0,0,1,0,-1,-1
20,200,201,2,2,0,0,1,0,-1,-1
20,193,195,2,2,0,0,1,0,-1,-1
20,209,210,2,2,0,0,1,0,-1,-1
20,249,252,2,2,0,0,1,0,-1,-1
20,292,293,2,2,0,0,1,0,-1,-1
20,260,261,2,2,0,0,1,0,-1,-1
20,301,302,2,2,0,0,1,0,-2,-1
20,164,171,2,2,0,0,1,0,-1,-1
20,311,312,2,2,0,0,1,0,-1,0
20,246,250,2,2,0,0,1,0,-1,-1
20,320,321,2,2,0,0,1,0,2,1
20,101,176,4,2,0,0,0,13,0,-1
20,274,275,3,2,0,0,1,0,-3,-1
20,153,156,3,2,0,0,1,0,-1,-1
20,310,311,2,2,0,0,1,0,-1,-1
20,170,175,2,2,0,0,1,0,-1,-1
20,155,156,2,2,0,0,1,0,-1,-1
20,314,323,2,2,0,0,1,0,-1,-1
20,276,278,2,2,0,0,1,0,-1,-1
20,316,317,3,2,0,0,1,0,-1,2
20,106,120,2,2,0,0,1,0,-1,-1
20,114,121,2,2,0,0,1,0,-1,-1
20,206,207,2,2,0,0,1,0,-1,-1
20,154,157,2,2,0,0,1,0,-1,-1
20,168,174,2,2,0,0,1,0,-1,-1
20,200,203,2,2,0,0,1,0,-1,-1
20,226,228,2,2,0,0,1,0,-1,-1
20,283,286,2,2,0,0,1,0,-1,-1
20,284,285,2,2,0,0,1,0,-1,-1
20,105,121,2,2,0,0,1,0,-1,-1
20,286,288,2,2,0,0,1,0,-1,-1
20,176,178,2,2,0,0,1,0,-1,-1
20,153,155,3,2,0,0,1,0,-1,-1
20,239,243,2,2,0,0,1,0,-1,-1
20,274,277,3,2,0,0,1,0,-3,-1
20,290,291,2,2,0,0,1,0,-1,-1
20,129,136,2,2,0,0,1,0,-1,-1
20,131,133,2,2,0,0,1,0,-1,-1
20,101,178,4,2,0,0,0,13,0,-1
20,186,188,2,2,0,0,1,0,-1,-1
20,198,199,2,2,0,0,1,0,-1,-1
20,308,309,2,2,0,0,1,0,1,-1
20,196,199,2,2,0,0,1,0,-1,-1
20,221,222,2,2,0,0,1,0,-1,-1
20,166,170,2,2,0,0,1,0,-1,-1
20,321,324,2,2,0,0,1,0,1,0
20,185,186,2,2,0,0,1,0,-1,-1
20,108,110,2,2,0,0,1,0,-1,-1
20,116,117,2,2,0,0,1,0,-1,-1
20,171,172,2,2,0,0,1,0,-1,-1
20,229,232,2,2,0,0,1,0,-1,-1
20,105,114,2,2,0,0,1,0,-1,-1
20,283,288,2,2,0,0,1,0,-1,-1
20,222,223,2,2,0,0,1,0,-1,-1
20,104,115,2,2,0,0,1,0,-1,-1
20,130,134,2,2,0,0,1,0,-1,-1
20,300,301,2,2,0,0,1,0,-1,-2
20,106,109,2,2,0,0,1,0,-1,-1
20,111,160,5,5,0,0,0,8,-2,-1
20,196,198,2,2,0,0,1,0,-1,-1
20,213,214,2,2,0,0,1,0,-1,-1
20,235,238,2,2,0,0,1,0,-1,-1
20,179,191,3,2,0,0,0,4,-1,-1
20,251,253,2,2,0,0,1,0,-1,-1
20,148,151,2,2,0,0,1,0,-1,-1
20,287,288,2,2,0,0,1,0,1,-1
20,299,305,2,2,0,0,1,0,-1,-3
20,109,120,2,2,0,0,1,0,-1,-1
21,118,220,5,2,0,0,0,26,3,-1
21,133,135,2,2,0,0,1,0,-1,-1
21,264,267,2,2,0,1,1,0,3,3
21,114,115,2,2,0,0,1,0,-1,-1
21,251,252,2,2,0,0,1,0,-1,-1
21,27,83,5,5,0,0,0,11,-3,-1
21,196,200,4,2,0,0,1,0,-1,-1
21,149,152,2,2,0,0,1,0,-1,-1
21,44,139,5,5,0,0,0,23,1,-3
21,148,150,2,2,0,0,1,0,-1,-1
21,212,214,2,2,0,0,0,1,-1,-1
21,189,191,2,2,0,0,1,0,-1,-1
21,212,217,2,2,0,0,0,1,-1,-1
21,110,111,2,2,0,0,1,0,-1,-1
21,214,217,2,2,0,0,1,0,-1,-1
21,215,219,2,2,0,0,1,0,-1,-1
21,193,194,2,2,0,0,1,0,-1,-1
21,119,123,2,2,0,0,1,0,-1,-1
21,247,248,2,2,0,0,1,0,-1,-1
21,171,173,2,2,0,0,1,0,-1,-1
21,266,270,2,2,0,0,1,0,1,3
21,203,205,2,2,0,0,1,0,-1,-1
21,202,203,2,2,0,0,1,0,-1,-1
21,71,156,3,5,0,0,0,22,-1,-1
21,208,210,2,2,0,0,1,0,-1,-1
21,170,171,2,2,0,0,1,0,-1,-1
21,216,217,2,2,0,0,1,0,-1,-1
21,234,235,2,2,0,0,1,0,-1,-1
21,265,268,2,2,0,0,1,0,-1,3
21,233,236,2,2,0,0,1,0,-1,-1
21,115,116,2,2,0,0,1,0,-1,-1
21,189,190,2,2,0,0,1,0,-1,-1
21,221,222,2,2,0,0,1,0,-1,-1
21,118,206,5,5,0,1,0,23,3,3
21,202,205,2,2,0,0,1,0,-1,-1
21,190,191,2,2,0,0,1,0,-1,-1
21,217,218,2,2,0,0,1,0,-1,-1
21,167,168,2,2,0,0,1,0,-1,-1
21,170,173,2,2,0,0,1,0,-1,-1
21,114,116,2,2,0,0,1,0,-1,-1
21,204,205,2,2,0,0,1,0,-1,-1
21,212,218,2,2,0,0,0,1,-1,-1
21,214,218,2,2,0,0,1,0,-1,-1
21,198,201,2,2,0,0,1,0,-1,-1
22,192,194,2,2,0,0,1,0,-1,-1
22,209,210,2,2,0,0,1,0,-1,-1
22,194,197,2,2,0,0,1,0,-1,-1
22,229,231,4,2,0,0,1,0,-3,-1
22,255,256,2,2,0,0,1,0,-1,-1
22,286,289,2,2,0,0,1,0,-1,-1
22,95,96,2,2,0,0,1,0,-1,-1
22,141,142,2,2,0,0,1,0,-1,-1
22,207,209,2,2,0,0,1,0,-1,-1
22,153,156,3,2,0,0,1,0,-1,-1
22,115,117,2,2,0,0,1,0,-1,-1
22,261,262,2,2,0,0,1,0,-1,-1
22,91,92,2,2,0,0,1,0,-1,-1
22,155,156,2,2,0,0,1,0,-1,-1
22,221,223,2,2,0,0,1,0,-1,-1
22,190,220,3,3,0,0,0,5,-1,-1
22,215,216,2,2,0,0,1,0,-1,-1
22,92,100,2,2,0,0,1,0,-1,-1
22,224,225,2,2,0,0,1,0,-1,-1
22,215,219,2,2,0,0,1,0,-1,-1
22,214,217,2,2,0,0,1,0,-1,-1
22,247,248,3,2,0,0,1,0,-1,-1
22,120,125,2,2,0,0,1,0,-1,-1
22,96,97,2,2,0,0,1,0,-1,-1
22,175,180,3,2,0,0,1,0,-1,-1
22,267,269,2,2,0,0,1,0,-1,-1
22,211,212,2,2,0,0,1,0,-1,-1
22,90,99,2,2,0,0,1,0,-1,-1
22,124,125,2,2,0,0,1,0,-1,-1
22,142,143,2,2,0,0,1,0,-1,-1
22,222,227,2,2,0,0,1,0,-1,-1
22,124,128,2,2,0,0,1,0,-1,-1
22,153,155,3,2,0,0,1,0,-1,-1
22,225,226,2,2,0,0,1,0,-1,-1
22,280,281,2,2,0,0,1,0,-1,-1
22,31,101,4,2,0,0,0,15,-2,-1
22,97,101,2,2,0,0,1,0,-1,-1
22,234,238,2,2,0,0,1,0,-1,-1
22,106,107,2,2,0,0,1,0,-1,-1
22,31,49,4,5,0,0,0,4,-2,0
22,161,168,2,2,0,0,1,0,-1,-1
22,31,107,4,2,0,0,0,17,-2,-1
22,293,296,2,4,0,0,1,0,-1,-2
22,299,303,2,2,0,0,1,0,-1,-1
22,221,222,2,2,0,0,1,0,-1,-1
22,287,289,2,2,0,0,1,0,-1,-1
22,91,100,2,2,0,0,1,0,-1,-1
22,120,124,2,2,0,0,1,0,-1,-1
22,240,241,2,2,0,0,1,0,-1,-1
22,168,173,2,2,0,0,1,0,-1,-1
22,249,253,2,2,0,0,1,0,-1,-1
22,193,196,2,2,0,0,1,0,-1,-1
22,305,307,2,2,0,0,1,0,-1,-1
22,194,195,2,2,0,0,1,0,-1,-1
22,163,165,2,2,0,0,1,0,-1,-1
22,250,251,2,2,0,0,1,0,-1,-1
22,301,303,2,2,0,0,1,0,0,-1
22,142,145,2,2,0,0,1,0,-1,-1
22,141,143,2,2,0,0,1,0,-1,-1
22,222,223,2,2,0,0,1,0,-1,-1
22,286,287,2,2,0,0,1,0,-1,-1
22,216,219,2,2,0,0,1,0,-1,-1
22,264,268,2,2,0,0,1,0,-1,-1
22,172,173,2,2,0,0,1,0,-1,-1
22,169,174,2,2,0,0,1,0,-1,-1
22,218,219,2,2,0,0,1,0,-1,-1
22,114,116,2,2,0,0,1,0,-1,-1
22,300,301,2,2,0,0,1,0,-1,0
22,140,144,2,2,0,0,1,0,-1,-1
22,183,185,2,2,0,0,1,0,-1,-1
22,224,226,2,2,0,0,1,0,-1,-1
22,192,197,2,2,0,0,1,0,-1,-1
23,164,165,2,2,0,0,1,0,-1,-1
23,303,305,2,2,0,0,1,0,-1,-1
23,142,144,2,2,0,0,1,0,-1,-1
23,251,252,2,2,0,0,1,0,-1,-1
23,212,217,3,2,0,0,1,0,-1,-1
23,288,289,2,2,0,0,1,0,-1,-1
23,114,200,3,2,0,0,0,20,-1,-1
23,289,290,2,2,0,0,1,0,-1,-3
23,267,269,2,2,0,0,1,0,-1,-1
23,229,230,2,2,0,0,1,0,-1,-1
23,303,307,2,2,0,0,1,0,-1,-1
23,159,162,2,2,0,0,1,0,-1,-1
23,208,210,2,2,0,0,1,0,-1,-1
23,170,171,2,2,0,0,1,0,-1,-1
23,106,107,3,2,0,0,1,0,-1,-1
23,300,302,2,2,0,0,1,0,-1,-1
23,114,193,3,2,0,0,0,20,-1,-1
23,306,308,3,2,0,1,1,0,1,1
23,133,136,2,2,0,0,1,0,-1,-1
23,134,135,2,2,0,0,1,0,-1,-1
23,182,184,2,2,0,0,1,0,-1,-1
23,254,255,2,2,0,0,1,0,-1,-1
23,274,276,2,2,0,0,1,0,-1,-1
23,236,237,2,2,0,0,1,0,-1,-1
23,291,292,2,2,0,0,1,0,-1,-1
23,195,196,2,2,0,0,1,0,-1,-1
23,262,265,2,2,0,0,1,0,-1,-1
23,292,293,2,2,0,0,1,0,-1,-1
23,199,202,2,4,0,0,1,0,-1,-3
23,246,253,2,2,0,0,1,0,-1,-1
23,210,211,2,2,0,0,1,0,-1,-1
23,109,110,2,2,0,0,1,0,-1,-1
23,151,152,2,2,0,0,1,0,-1,-1
23,266,267,2,2,0,0,1,0,-1,-1
23,258,263,2,2,0,0,1,0,-1,-1
23,193,200,2,2,0,0,1,0,-1,-1
23,216,220,2,2,0,0,1,0,-1,-1
23,143,144,2,2,0,0,1,0,-1,-1
23,282,284,2,2,0,0,1,0,-1,-1
23,299,300,2,2,0,0,1,0,-1,-1
23,138,139,2,2,0,0,1,0,-1,-1
23,152,156,2,2,0,0,1,0,-1,-1
23,52,197,5,2,0,0,0,35,-3,-1
23,214,222,2,2,0,0,1,0,-1,-1
23,305,307,2,2,0,0,1,0,-1,-1
23,147,150,2,2,0,0,1,0,-1,-1
23,239,242,4,2,0,0,1,0,-2,-1
23,1,53,4,5,0,0,0,9,-1,-1
23,299,302,2,2,0,0,1,0,-1,-1
23,158,162,2,2,0,0,1,0,-1,-1
23,224,226,2,2,0,0,1,0,-1,-1
23,145,146,2,2,0,0,1,0,-1,-1
23,182,183,2,2,0,0,1,0,-1,-1
23,208,211,2,2,0,0,1,0,-1,-1
23,248,256,2,2,0,0,1,0,-1,-1
23,92,265,4,2,0,0,0,38,1,-1
23,106,108,3,2,0,0,1,0,-1,-1
23,213,219,2,2,0,0,1,0,-1,-1
23,270,271,2,2,0,0,1,0,-1,-1
23,246,252,2,2,0,0,1,0,-1,-1
23,291,293,2,2,0,0,1,0,-1,-1
23,189,190,2,2,0,0,1,0,-1,-1
23,266,269,2,2,0,0,1,0,-1,-1
23,159,161,2,2,0,0,1,0,-1,-1
23,218,219,2,2,0,0,1,0,-1,-1
23,288,290,2,2,0,0,1,0,-1,-3
23,157,163,2,2,0,0,1,0,-1,-1
23,151,156,2,2,0,0,1,0,-1,-1
23,202,204,4,2,0,0,1,0,-3,-1
23,194,200,2,2,0,0,1,0,-1,-1
23,283,287,2,5,0,0,0,1,-1,-2
23,260,264,2,2,0,0,1,0,-2,-1
23,29,96,5,5,0,0,0,15,2,-1
23,92,262,4,2,0,0,0,38,1,-1
23,235,237,2,2,0,0,1,0,-1,-1
23,252,253,2,2,0,0,1,0,-1,-1
23,111,113,2,2,0,0,1,0,-1,-1
23,183,184,2,2,0,0,1,0,-1,-1
23,220,221,2,2,0,0,1,0,-1,-1
23,124,125,2,2,0,0,1,0,-1,-1
23,276,277,2,2,0,0,1,0,-1,-1
23,213,218,2,2,0,0,1,0,-1,-1
23,313,314,2,2,0,0,1,0,-1,-3
23,249,250,2,2,0,0,1,0,-1,-1
23,275,278,2,2,0,0,1,0,-1,-1
23,12,139,5,2,0,0,0,29,0,-1
23,227,228,2,2,0,0,1,0,-1,-1
23,158,159,2,2,0,0,1,0,-1,-1
