atom,category,finding_direction,observed_rank1_sim_mean,observed_n_strong_seeds,observed_n_weak_seeds,uniform_baseline_mean,uniform_baseline_std,shuffled_baseline_mean,shuffled_baseline_std,delta_uniform,delta_shuffled,z_score_uniform,z_score_shuffled,direction_consistency_24,true_finding_uniform,true_finding_shuffled,true_finding_both
EMO.desire,EMO,above_baseline,0.4292718581855297,0,0,0.41275473435719806,0.0397412177217168,0.519029845794042,0.02844211286604781,0.016517123828331648,-0.08975798760851228,0.4156169532597331,-3.1558129324372044,True,False,True,False
EMO.doubt,EMO,above_baseline,0.42472343395153683,0,0,0.40036507447560626,0.03999386658192658,0.5084252692759037,0.02727892111632042,0.02435835947593057,-0.08370183532436687,0.6090523762195633,-3.068370444983976,True,False,True,False
COG.confusion,COG,above_baseline,0.41713139538963634,0,0,0.3897267480691274,0.039811931714736716,0.49129752193888027,0.023265806901686406,0.027404647320508957,-0.07416612654924393,0.6883526154136576,-3.1877736655618873,True,False,True,False
REL.alone,REL,above_baseline,0.44986403236786526,0,0,0.4245183827976386,0.02989072446199198,0.5621520653367043,0.050293406663911765,0.02534564957022667,-0.11228803296883899,0.8479436355734813,-2.2326591181068616,True,False,True,False
COG.forget,COG,above_baseline,0.41163524736960727,0,0,0.3779948055744171,0.038421442857600914,0.4730519726872444,0.01670044474727901,0.03364044179519016,-0.061416725317637144,0.875564249886963,-3.6775502836619793,True,False,True,False
ACT.fall,ACT,above_baseline,0.49402151505152386,4,0,0.46686191484332085,0.02979224563496003,0.4281274378299713,0.024276604859316573,0.027159600208203016,0.06589407722155255,0.9116331994904168,2.714303651742494,True,False,True,False
PER.salty,PER,above_baseline,0.5095684640109539,23,0,0.47951564689477283,0.029051264352091374,0.4331229751308759,0.02437840387118787,0.030052817116181074,0.07644548888007802,1.0344753588673878,3.1357872846805495,True,False,True,False
FND.unconscious,FND,above_baseline,0.45909254377086955,0,0,0.4237960974375407,0.03407608809363272,0.5221619121730328,0.01760095012188843,0.035296446333328846,-0.0630693684021632,1.035812744595063,-3.5832933998108736,True,False,True,False
PER.numb,PER,above_baseline,0.39206987743576366,0,0,0.3526748903095722,0.037691832208598654,0.46120795607566833,0.016944275894793345,0.03939498712619144,-0.06913807863990468,1.045186312731283,-4.080320638614571,True,False,True,False
COM.muteness,COM,above_baseline,0.3793065622448921,0,0,0.3360975608229637,0.03795850649306417,0.4428624187906583,0.010236593306419052,0.043209001421928406,-0.06355585654576618,1.1383219576835462,-6.2086921540501425,True,False,True,False
COG.unlearned,COG,above_baseline,0.39444124574462575,0,0,0.34689447035392124,0.03676496585067136,0.4432238886753718,0.011445881484816293,0.04754677539070451,-0.04878264293074608,1.2932631457846508,-4.26202586453996,True,False,True,False
ECO.withdraw,ECO,above_baseline,0.592260055243969,24,0,0.541771532346805,0.03600556974879244,0.5366449827949206,0.02716360967516912,0.05048852289716399,0.0556150724490484,1.4022420211488886,2.0474109705635852,True,False,True,False
ACT.sit,ACT,above_baseline,0.5651942392190298,24,0,0.5175351426005363,0.025665902549955565,0.48184123386939365,0.03655285325847301,0.047659096618493435,0.08335300534963613,1.8569032016595086,2.2803419683883304,True,False,True,False
ACT.emit,ACT,above_baseline,0.5495688219865164,24,0,0.49390384058157605,0.02993152048639156,0.4479528491695722,0.03586781848657826,0.055664981404940306,0.10161597281694418,1.8597445268525041,2.8330681124353543,True,False,True,False
SOC.awake,SOC,above_baseline,0.4881632352868716,0,0,0.41142751028140384,0.03694211115711977,0.5051259932418665,0.017891727268690694,0.07673572500546777,-0.016962757954994856,2.0771884064530153,-0.9480782766389765,True,True,False,False
SOC.public,SOC,above_baseline,0.47078223650654155,2,0,0.40298748513062793,0.03213637543485746,0.4715018458664417,0.01299216890178104,0.06779475137591362,-0.0007196093599001752,2.109595449347984,-0.05538793140239479,True,True,False,False
ELM.light,ELM,above_baseline,0.5697042172153791,24,0,0.5113622757295767,0.02655558674112789,0.4737812578678131,0.03771221408105982,0.05834194148580241,0.095922959347566,2.19697429601303,2.5435515173250285,True,True,True,True
SOC.sleep,SOC,above_baseline,0.49858613808949787,9,0,0.41478599856297177,0.03780524299810601,0.5094973047574362,0.01870433889354202,0.0838001395265261,-0.010911166667938288,2.2166274537826505,-0.5833494960736382,True,True,False,False
PER.feel,PER,above_baseline,0.530106820166111,23,0,0.49113375693559647,0.017262762451798867,0.52849480509758,0.030601047437879638,0.038973063230514526,0.0016120150685310364,2.2576376949711974,0.05267842781536937,True,True,False,False
PER.touch,PER,above_baseline,0.5237359503904978,24,0,0.45535575971007347,0.028881088429838945,0.44770470758279163,0.04176026619475248,0.06838019068042434,0.07603124280770618,2.367645902492244,1.820659917566812,True,True,False,False
SOC.rest,SOC,above_baseline,0.541149211426576,24,0,0.457158421476682,0.03538844378425843,0.541469314446052,0.02690721008783856,0.083990789949894,-0.0003201030194759369,2.3733959724800044,-0.011896551832425618,True,True,False,False
PER.soundless,PER,above_baseline,0.5889750147859255,24,0,0.528349240620931,0.025413939198444473,0.5589240503807863,0.033405951051386065,0.060625774164994484,0.030050964405139213,2.385532352603773,0.8995691922949265,True,True,False,False
PRP.single,PRP,above_baseline,0.4805949106812477,0,0,0.3974924373130004,0.03482629968607813,0.5319101251661777,0.03133551258044592,0.08310247336824733,-0.05131521448493004,2.386198766947029,-1.6376057150235324,True,True,False,False
SOC.individual,SOC,above_baseline,0.44978248700499535,0,0,0.3629600654045741,0.035868724025578995,0.44485988716284436,0.011061863447071428,0.08682242160042125,0.0049225998421509876,2.420560640476247,0.4450063830298159,True,True,False,False
COG.mindless,COG,above_baseline,0.4519152007997036,0,0,0.3606051181753476,0.03740151412124994,0.47459347049395245,0.020228511777291444,0.09131008262435597,-0.022678269694248854,2.4413472226911126,-1.1211042089466765,True,True,False,False
PER.deaf,PER,above_baseline,0.5232524623473486,24,0,0.46530773242314655,0.023613139525252964,0.5659194886684418,0.03102029653954556,0.05794472992420202,-0.042667026321093204,2.453918923497373,-1.3754551400467774,True,True,False,False
WLD.unskilled,WLD,above_baseline,0.45270053048928577,0,0,0.35676541924476624,0.038039552552082585,0.45852220182617504,0.014771528600823468,0.09593511124451953,-0.005821671336889267,2.5219831677349025,-0.3941143462000762,True,True,False,False
PRP.weak,PRP,above_baseline,0.4683032346268495,0,0,0.39593931784232456,0.02761883592741942,0.4548144203921159,0.028511670869237855,0.07236391678452492,0.013488814234733582,2.6200929313129917,0.47309799192747737,True,True,False,False
STA.healing,STA,above_baseline,0.6253697300950686,24,0,0.5579688474535942,0.025436419512766432,0.5694758382936319,0.03302138454722295,0.06740088264147437,0.05589389180143667,2.6497787004828313,1.6926574269320656,True,True,False,False
BOD.head,BOD,above_baseline,0.542159803211689,24,0,0.4731476741532485,0.02491469897932944,0.5272050152222315,0.021394721243720313,0.06901212905844051,0.014954787989457485,2.7699362980743474,0.6989942901848721,True,True,False,False
SOC.nation,SOC,above_baseline,0.4829496157666047,5,0,0.39663183440764743,0.030852152459038135,0.46727948014934856,0.011971149915428967,0.08631778135895729,0.015670135617256165,2.7977879816832845,1.3089916781561457,True,True,False,False
BOD.face,BOD,above_baseline,0.5809586470325788,24,0,0.5111877123514811,0.02478425949196433,0.4846899633606275,0.031421804420367676,0.06977093468109774,0.09626868367195135,2.8151308980491914,3.0637541493177203,True,True,True,True
ACT.stand,ACT,above_baseline,0.5372420648733774,24,0,0.4542007880906264,0.027138185440377917,0.47605181485414505,0.03532596559008094,0.08304127678275103,0.061190250019232395,3.059942123440462,1.7321607207932568,True,True,False,False
ACT.leave,ACT,above_baseline,0.5508055910468102,24,0,0.4772113698224227,0.022272941058758704,0.4996052955587705,0.027694542731247475,0.07359422122438747,0.05120029548803967,3.30419862514955,1.8487503471314184,True,True,False,False
PRP.small,PRP,above_baseline,0.6076451117793719,24,0,0.5284209698438644,0.02341895121484288,0.5087612147132555,0.03200294212400046,0.07922414193550742,0.09888389706611633,3.3829073389629563,3.089837699389482,True,True,True,True
PER.blind,PER,above_baseline,0.5503792638580004,24,0,0.4592065376540025,0.02584461413258038,0.5582819978396097,0.02817949592096031,0.09117272620399791,-0.007902733981609344,3.5277263470172397,-0.2804427021610127,True,True,False,False
PRP.young,PRP,above_baseline,0.6182953442136446,24,0,0.48369290803869563,0.0377829496523305,0.5634771808981895,0.024625779067883005,0.134602436174949,0.05481816331545508,3.5625179456217113,2.2260478811388773,True,True,True,True
BOD.eye,BOD,above_baseline,0.6090857485930125,24,0,0.5157562295595804,0.022951880327144136,0.5364525839686394,0.039929169664201784,0.093329519033432,0.07263316462437308,4.066312550569352,1.8190502140466955,True,True,False,False
BOD.hip,BOD,above_baseline,0.6110007762908936,24,0,0.5177762644986311,0.02176232559050838,0.5145977884531021,0.03950084588135686,0.09322451179226243,0.09640298783779144,4.283756871688484,2.4405297073218013,True,True,True,True
BOD.ear,BOD,above_baseline,0.606336385011673,24,0,0.5124478178719679,0.021690506005268125,0.5450734136005243,0.040132974841349776,0.09388856713970506,0.06126297141114867,4.328555872182128,1.5264996341120531,True,True,False,False
PER.taste,PER,above_baseline,0.6273855691154798,24,0,0.5218682959675789,0.02411958101353319,0.5108480080962181,0.03534753091697306,0.10551727314790094,0.11653756101926172,4.374755643089179,3.296908100681598,True,True,True,True
TIM.appear,TIM,above_baseline,0.6018062457442284,24,0,0.47870483870307606,0.024921212345013172,0.4837829979757468,0.04399643510185873,0.1231014070411523,0.11802324776848155,4.939623535842363,2.6825638826245584,True,True,True,True
PER.hear,PER,above_baseline,0.579042449593544,24,0,0.4689214900135994,0.021209203746042016,0.5370702855288982,0.02857366323125095,0.11012095957994461,0.04197216406464577,5.192130779567573,1.468910854200203,True,True,False,False
PER.odorless,PER,above_baseline,0.5776147941748301,24,0,0.4540166991452376,0.02283566984027025,0.46707579990228015,0.0356952592326735,0.12359809502959246,0.11053899427254993,5.412501402154172,3.096741602351736,True,True,True,True
CHG.begin,CHG,above_baseline,0.6603745569785436,24,0,0.5601218665639559,0.01637666727902767,0.633248582482338,0.06302310804599753,0.10025269041458773,0.027125974496205685,6.121678404187499,0.43041315062417645,True,True,False,False
PER.see,PER,above_baseline,0.6080384353796641,24,0,0.46664081265528995,0.02304841803043602,0.5287908564011256,0.03226753707563045,0.14139762272437412,0.07924757897853851,6.1348081476852325,2.455953759123097,True,True,True,True
PER.smell,PER,above_baseline,0.6157543808221817,24,0,0.46647948026657104,0.023120335948880553,0.48273376872142154,0.038499426433804405,0.14927490055561066,0.13302061210076016,6.456433024401546,3.4551323077364464,True,True,True,True
VAL.incorrect,VAL,below_baseline,0.2908780301610629,0,15,0.5343547773857912,0.015390559753289292,0.47692518184582394,0.03058780951199368,-0.24347674722472828,-0.18604715168476105,-15.819876023202607,-6.08239539388431,True,True,True,True
VAL.truth,VAL,below_baseline,0.3846997308234374,0,0,0.6241679141918818,0.015211387654353058,0.5497340559959412,0.030046342511887418,-0.2394681833684444,-0.16503432517250377,-15.742691515715567,-5.4926593846558935,True,True,True,True
EXS.void,EXS,below_baseline,0.3299751641849677,0,2,0.5795985634128252,0.017256837613086308,0.5803450991710027,0.03093906294804206,-0.24962339922785753,-0.25036993498603505,-14.46518793446614,-8.09235675322479,True,True,True,True
COM.conduct,COM,below_baseline,0.5263604943950971,24,0,0.7232603306571642,0.014465047373482195,0.582407442231973,0.028881328114273193,-0.19689983626206709,-0.056046947836875916,-13.612111400549603,-1.9405945465914165,True,True,False,False
FND.language,FND,below_baseline,0.4251464692254861,0,0,0.6186827098329862,0.015194274535550835,0.4856922961771488,0.018676469066724172,-0.19353624060750013,-0.06054582695166272,-12.737445289320876,-3.2418240693867073,True,True,True,True
TIM.past,TIM,below_baseline,0.5155085821946462,18,0,0.7219102531671524,0.01703772971920973,0.6050907224416733,0.03379455098973967,-0.20640167097250617,-0.08958214024702704,-12.114388147605842,-2.6507865210052644,True,True,True,True
TIM.now,TIM,below_baseline,0.43577397366364795,2,0,0.6186469420790672,0.015112631582589107,0.5499936963121096,0.028726660781421755,-0.18287296841541928,-0.11421972264846164,-12.100670053129777,-3.976087701858142,True,True,True,True
COM.conflict,COM,below_baseline,0.28047556802630424,0,24,0.5602306425571442,0.02365664817925873,0.5390585151811441,0.03417751441305637,-0.2797550745308399,-0.25858294715483987,-11.825642940242005,-7.565879251185597,True,True,True,True
STA.danger,STA,below_baseline,0.19610186479985714,0,24,0.5345756014188131,0.029011156858501648,0.5724996998906136,0.028834917884966872,-0.33847373661895597,-0.3763978350907564,-11.667019632130494,-13.053542811959662,True,True,True,True
VAL.falsehood,VAL,below_baseline,0.312823382516702,0,8,0.5878598168492317,0.023680156449087362,0.5610831218461195,0.0416272651676609,-0.2750364343325297,-0.24825973932941753,-11.614637552072832,-5.9638733971474975,True,True,True,True
LOG.unreason,LOG,below_baseline,0.21936955240865544,0,24,0.5005837877591451,0.02478339755075839,0.5794102971752485,0.02946345113720816,-0.2812142353504897,-0.3600407447665931,-11.346879893063104,-12.219910800330947,True,True,True,True
ECO.loss,ECO,below_baseline,0.2354418976853291,0,24,0.5327874148885409,0.02661289952503437,0.5715013444423676,0.02788909717704386,-0.2973455172032118,-0.33605944675703847,-11.172984624373724,-12.049850327663403,True,True,True,True
WLD.nonscience,WLD,below_baseline,0.3437379337847233,0,0,0.6317651644349098,0.025807789742801457,0.5350564370552698,0.029475519222029817,-0.28802723065018654,-0.19131850327054656,-11.16047648871309,-6.490759393563331,True,True,True,True
STA.war,STA,below_baseline,0.22319945817192388,0,24,0.530321042984724,0.027872067921818622,0.5173484310507774,0.02410910360980699,-0.30712158481280016,-0.29414897287885355,-11.018973750863363,-12.200742824764376,True,True,True,True
FND.temporality,FND,below_baseline,0.4467747074862321,2,0,0.6268662288784981,0.01699457449763918,0.6144028926889101,0.03270579023716101,-0.18009152139226597,-0.16762818520267803,-10.597000908571356,-5.125336644892173,True,True,True,True
EXS.death,EXS,below_baseline,0.3500763364136219,0,0,0.5721898054083189,0.02145296161684772,0.6111993690331777,0.045291243892753213,-0.22211346899469697,-0.26112303261955583,-10.353510762833974,-5.765419762766475,True,True,True,True
VAL.profane,VAL,below_baseline,0.3204542634387811,0,5,0.5867364754279455,0.02572529301391754,0.5424135029315948,0.04102460460434455,-0.2662822119891644,-0.22195923949281376,-10.35098849389603,-5.410393144150085,True,True,True,True
EMO.compassion,EMO,below_baseline,0.3168533407151699,0,8,0.5852615808447202,0.026016120233752122,0.5591561955710252,0.04447030878323804,-0.26840824012955034,-0.24230285485585534,-10.31699722010547,-5.448643409176985,True,True,True,True
ACT.destroy,ACT,below_baseline,0.11595735264321165,0,24,0.4170028567314148,0.029862615724135576,0.4465316869318485,0.013962245293107408,-0.30104550408820313,-0.33057433428863686,-10.081015905277582,-23.676301866135237,True,True,True,True
TIM.moment,TIM,below_baseline,0.6119436845183372,24,0,0.7628551895419756,0.014984185178508424,0.6245748375852903,0.040341565647709667,-0.15091150502363837,-0.01263115306695306,-10.07138547914426,-0.31310517735620347,True,True,False,False
ELM.sun,ELM,below_baseline,0.48820067942142487,2,0,0.6480098615090052,0.016248357901058576,0.6480022321144739,0.043722751366243484,-0.15980918208758033,-0.15980155269304908,-9.8354050951308,-3.6548832747159916,True,True,True,True
FND.languageless,FND,below_baseline,0.3961801653107007,0,0,0.6429328744610151,0.025391535204732318,0.5761592661341032,0.035918393014471715,-0.2467527091503144,-0.17997910082340246,-9.71791217666611,-5.010778203548469,True,True,True,True
VAL.evil,VAL,below_baseline,0.17918303484718004,0,24,0.4839295583466689,0.0322844551945815,0.5278618931770325,0.02848170994760628,-0.30474652349948883,-0.34867885832985246,-9.43941973506297,-12.242202415910667,True,True,True,True
EXS.life,EXS,below_baseline,0.3856291137635708,0,0,0.6205268303553263,0.02514817899097275,0.590661846101284,0.03864414454108663,-0.2348977165917555,-0.20503273233771324,-9.340545757848908,-5.3056610457432045,True,True,True,True
FND.time,FND,below_baseline,0.42622200151284534,1,0,0.6229363779226939,0.02135999321819058,0.6273971448342005,0.047088804835075236,-0.1967143764098485,-0.20117514332135517,-9.20947747503603,-4.272249933417401,True,True,True,True
SPC.inside,SPC,below_baseline,0.3620804622769356,0,0,0.602755218744278,0.026284936706632973,0.5572476958235105,0.02887217632516806,-0.24067475646734238,-0.19516723354657495,-9.15637572779882,-6.759699419556621,True,True,True,True
SPC.nowhere,SPC,below_baseline,0.44287024810910225,0,0,0.6414411514997482,0.02170912828711365,0.6156172305345535,0.035020446573819954,-0.19857090339064598,-0.17274698242545128,-9.146885161138227,-4.93274641890463,True,True,True,True
STA.peace,STA,below_baseline,0.4386274168888728,3,0,0.6578528434038162,0.02424951927284888,0.5878450497984886,0.03210082162179462,-0.21922542651494342,-0.14921763290961582,-9.04040298895329,-4.648405410542688,True,True,True,True
EMO.love,EMO,below_baseline,0.28748129432400066,0,21,0.49667220811049145,0.023191078710201856,0.5460908338427544,0.03216849081644757,-0.2091909137864908,-0.2586095395187537,-9.02031839055709,-8.039218905057494,True,True,True,True
EXS.being,EXS,below_baseline,0.4840799371401469,2,0,0.6812007625897726,0.021868850126552472,0.5744875694314638,0.018768202420915547,-0.19712082544962567,-0.09040763229131693,-9.013771840261859,-4.817064003453277,True,True,True,True
WLD.religion,WLD,below_baseline,0.33960852151115734,0,3,0.5884257902701696,0.027729252881638307,0.5063464740912119,0.028395869001071553,-0.24881726875901228,-0.16673795258005458,-8.973096744477148,-5.871908782709292,True,True,True,True
EXS.presence,EXS,below_baseline,0.4061223280926545,0,0,0.6013903841376305,0.02183285698666437,0.5368167472382387,0.02880743391732937,-0.19526805604497594,-0.13069441914558416,-8.943770215883646,-4.536829608657499,True,True,True,True
SOC.criticize,SOC,below_baseline,0.27326170665522415,0,21,0.5250828750431538,0.02818348383680652,0.5717775200804075,0.03451648833883072,-0.2518211683879296,-0.29851581342518335,-8.935061749146183,-8.648498957796814,True,True,True,True
PRP.whole,PRP,below_baseline,0.5161606321732203,24,0,0.6836016277472178,0.01879126968730629,0.5725172497332096,0.02977271454104144,-0.1674409955739975,-0.05635661755998933,-8.910573812215878,-1.892894834372667,True,True,False,False
CHG.retreat,CHG,below_baseline,0.484793105473121,1,0,0.6644687255223592,0.02039286857886408,0.5685978631178538,0.03352494036557281,-0.17967562004923826,-0.08380475764473277,-8.810708476563258,-2.499773503871552,True,True,True,True
SOC.attack,SOC,below_baseline,0.2758295287688573,0,22,0.5404465931157271,0.030198454499612424,0.5657268563906351,0.027839439495099427,-0.26461706434686977,-0.28989732762177783,-8.762602879238933,-10.413188371583717,True,True,True,True
PRP.long,PRP,below_baseline,0.45732883736491203,1,0,0.5814537554979324,0.01463835788060308,0.5690004987021288,0.04368533098732089,-0.1241249181330204,-0.11167166133721673,-8.479429123501292,-2.556273669292514,True,True,True,True
EMO.hate,EMO,below_baseline,0.22191022088130316,0,24,0.43404951815803844,0.02541130608958686,0.5629162415862083,0.022283189411081202,-0.21213929727673528,-0.34100602070490516,-8.34822486214774,-15.303286006954028,True,True,True,True
SPC.reverse,SPC,below_baseline,0.47138966992497444,0,0,0.627549889187018,0.018811454177929315,0.5426317950089773,0.025764873648709476,-0.1561602192620436,-0.07124212508400285,-8.301336929351256,-2.7650873066699964,True,True,True,True
PRP.multiple,PRP,below_baseline,0.5138010879357656,24,0,0.6719419832030932,0.019392100196228508,0.5334629776577154,0.028082876773942802,-0.15814089526732755,-0.01966188972194982,-8.154913272265567,-0.7001380193425716,True,True,False,False
VAL.good,VAL,below_baseline,0.26087165499726933,0,19,0.509402501086394,0.031058589877770992,0.47828679407636326,0.03629447210314717,-0.24853084608912462,-0.21741513907909393,-8.002000318340311,-5.990309997103978,True,True,True,True
EMO.forgiveness,EMO,below_baseline,0.32845378915468854,0,5,0.5341564230620861,0.025805467941322362,0.5434917956590652,0.03928879654737104,-0.20570263390739757,-0.2150380065043767,-7.971280907408209,-5.473265291928768,True,True,True,True
LOG.cause,LOG,below_baseline,0.5160689999659857,23,0,0.6961294338107109,0.02274330073895086,0.6292402694622675,0.03378891837913554,-0.18006043384472525,-0.11317126949628187,-7.91707570996273,-3.34936052780442,True,True,True,True
VAL.correct,VAL,below_baseline,0.48011716455221176,2,0,0.6486313591400782,0.02177712101372428,0.5403688463071982,0.02818901776868407,-0.16851419458786643,-0.06025168175498641,-7.738130053172142,-2.1374168567846166,True,True,True,True
COM.announce,COM,below_baseline,0.4593528186281522,0,0,0.6216952403386434,0.021025202228755497,0.5171198112269243,0.028190455443716494,-0.16234242171049124,-0.057766992598772104,-7.72132510042927,-2.049168475270167,True,True,True,True
PRP.far,PRP,below_baseline,0.3874819688498974,0,0,0.5346414359907309,0.01910203214918188,0.4676977867881457,0.03305399907850337,-0.1471594671408335,-0.08021581793824833,-7.703864488948428,-2.4268112837946014,True,True,True,True
WLD.science,WLD,below_baseline,0.5273828431963921,24,0,0.7011317536234856,0.023285752012072787,0.5413239374756813,0.032699871277218774,-0.1737489104270935,-0.013941094279289246,-7.461597561333266,-0.4263348366451117,True,True,False,False
FND.history,FND,below_baseline,0.327034305781126,0,4,0.502505344649156,0.023610263531753006,0.44266097371776897,0.034274440986284634,-0.17547103886802995,-0.11562666793664295,-7.431981376744999,-3.3735537213550026,True,True,True,True
EMO.respect,EMO,below_baseline,0.41791053116321564,0,0,0.5443059454361597,0.01701317371452481,0.5309299876292547,0.020053237822182317,-0.1263954142729441,-0.11301945646603906,-7.429267248651873,-5.635970483580471,True,True,True,True
PRP.difficult,PRP,below_baseline,0.4735427809258302,3,0,0.690897765258948,0.029514033137400416,0.6555058558781942,0.035214518156238946,-0.21735498433311778,-0.18196307495236402,-7.364462299043902,-5.16727430842684,True,True,True,True
ABS.responsibility,ABS,below_baseline,0.3515009606877963,0,3,0.5483766173322996,0.0268404193479322,0.5278615479667982,0.044013756057572906,-0.1968756566445033,-0.1763605872790019,-7.335043990647288,-4.006942444273799,True,True,True,True
SOC.praise,SOC,below_baseline,0.37120651453733444,0,0,0.5074581255515417,0.01859939818432387,0.48640470827619237,0.026978331410964708,-0.13625161101420724,-0.11519819373885792,-7.325592455407734,-4.270026636711799,True,True,True,True
WLD.uncultured,WLD,below_baseline,0.33083880071838695,0,0,0.5145109854638577,0.025207425686667076,0.5843315807481607,0.038651802471850266,-0.1836721847454707,-0.25349278002977377,-7.2864316661506665,-6.558368919907166,True,True,True,True
LOG.effect,LOG,below_baseline,0.5085560952623686,15,0,0.6939035579562187,0.02585546332483986,0.6197525610526403,0.03171274825887246,-0.18534746269385016,-0.11119646579027176,-7.168599547616042,-3.5063648499515234,True,True,True,True
TIM.indefinite,TIM,below_baseline,0.40445034702618915,0,0,0.5928375323613485,0.02652295302223337,0.553330252567927,0.046957450805711204,-0.18838718533515936,-0.14887990554173786,-7.102798288608369,-3.1705278499409157,True,True,True,True
ACT.receive,ACT,below_baseline,0.3458256522814433,0,0,0.5639523193240166,0.031177847490532467,0.5500011506179968,0.030504055246642844,-0.21812666704257327,-0.20417549833655352,-6.996206749321296,-6.693388688345766,True,True,True,True
EMO.trust,EMO,below_baseline,0.28462839250763255,0,22,0.5063961856067181,0.03173975778909503,0.5303611954053243,0.033171189852835965,-0.2217677930990855,-0.24573280289769178,-6.987066334049948,-7.408018946196556,True,True,True,True
ELM.sky,ELM,below_baseline,0.48602450763185817,3,0,0.6324284796913465,0.020987065765038795,0.5378398224711418,0.035663343341038184,-0.14640397205948835,-0.051815314839283644,-6.975914294001724,-1.4529012141062843,True,True,False,False
BEI.parent,BEI,below_baseline,0.3572698272764683,0,0,0.5342445919911066,0.026063992596547608,0.5643987183769544,0.037404088050823806,-0.17697476471463836,-0.20712889110048616,-6.790009783001555,-5.537600350502978,True,True,True,True
PRP.deep,PRP,below_baseline,0.5166457581023375,16,0,0.675377202530702,0.023892700169586823,0.6055997883280119,0.033348931704355815,-0.1587314444283645,-0.08895403022567439,-6.643512173245903,-2.6673727066962027,True,True,True,True
EMO.despair,EMO,below_baseline,0.2661309006313483,0,24,0.43906035646796227,0.026508498312342997,0.5837717379132906,0.03417690164865781,-0.17292945583661395,-0.3176408372819423,-6.523547799616164,-9.294020872556674,True,True,True,True
WLD.outer_realm,WLD,below_baseline,0.46215302621324855,0,0,0.5756605913241705,0.017433166800106537,0.4916153885424137,0.034217652214210054,-0.11350756511092192,-0.02946236232916516,-6.511012394502429,-0.8610281659514297,True,True,False,False
ABS.bound,ABS,below_baseline,0.5189016461372375,24,0,0.6327535808086395,0.017551651928582886,0.550740834325552,0.028615817441275514,-0.11385193467140198,-0.03183918818831444,-6.486679153316274,-1.1126429728472311,True,True,False,False
CHG.decay,CHG,below_baseline,0.26822398230433464,0,24,0.45776235436399776,0.029234204141962514,0.4791417022546132,0.02906094493250677,-0.18953837205966312,-0.21091771995027858,-6.48344559473064,-7.257772258958855,True,True,True,True
ABS.other,ABS,below_baseline,0.29599712044000626,0,11,0.5215354139606158,0.03482540160246016,0.46523555864890415,0.03196722078738849,-0.2255382935206095,-0.1692384382088979,-6.47625822367191,-5.294124232271852,True,True,True,True
SPC.direction,SPC,below_baseline,0.5958288237452507,24,0,0.7102198352416357,0.017698915054055013,0.5822797939181328,0.03332578293316229,-0.11439101149638498,0.01354902982711792,-6.463165179730989,0.40656298621075637,True,True,False,False
SPC.outside,SPC,below_baseline,0.38060854375362396,0,0,0.5444843793908755,0.02550421634324842,0.4892413417498271,0.02667043303919071,-0.1638758356372515,-0.10863279799620312,-6.425440932265044,-4.0731546366934985,True,True,True,True
LOG.reason,LOG,below_baseline,0.5030942000448704,14,0,0.6344948261976242,0.02060635514901243,0.5455428883433342,0.04264186083522575,-0.13140062615275383,-0.04244868829846382,-6.376703944125279,-0.9954698849211019,True,True,False,False
COM.secret,COM,below_baseline,0.4547124666472276,0,0,0.5786700944105784,0.019826228768242204,0.5604209651549658,0.024416768442703407,-0.12395762776335079,-0.10570849850773817,-6.252204048099506,-4.329340254661243,True,True,True,True
VAL.sacred,VAL,below_baseline,0.2391511797904968,0,24,0.49475203081965446,0.04165127413743189,0.45179583008090657,0.03044422294189205,-0.25560085102915764,-0.21264465029040977,-6.136687444081089,-6.984729112524175,True,True,True,True
ELM.night,ELM,below_baseline,0.49362260351578396,2,0,0.6320204983154932,0.022744043224959137,0.5916497111320496,0.04598805927153034,-0.13839789479970926,-0.0980271076162656,-6.085017225425974,-2.131577395720869,True,True,True,True
CHG.advance,CHG,below_baseline,0.6118655701478323,24,0,0.7014950886368752,0.014754445436979428,0.6222236181298891,0.03201366772513206,-0.08962951848904288,-0.010358047982056862,-6.074746683762321,-0.32355080558062277,True,True,False,False
SOC.family,SOC,below_baseline,0.3125411880513032,0,9,0.522593238701423,0.0348790460538948,0.4441053445140521,0.03435069113385248,-0.21005205065011984,-0.13156415646274888,-6.022299185750356,-3.8300293857288037,True,True,True,True
ACT.agitate,ACT,below_baseline,0.42951342463493347,0,0,0.5805039455493292,0.025144499929598926,0.5194940914710363,0.03354283401348834,-0.1509905209143957,-0.08998066683610284,-6.004912459470181,-2.682560060366979,True,True,True,True
REL.same,REL,below_baseline,0.3243095278739929,0,7,0.5322402305901051,0.03478110803183253,0.4714632046719392,0.02657931071831861,-0.20793070271611214,-0.14715367679794628,-5.978265629887606,-5.536399282789795,True,True,True,True
SOC.homeless,SOC,below_baseline,0.5227948625882467,24,0,0.6291043559710184,0.017864137355201475,0.5607579884429773,0.044099499983639115,-0.10630949338277174,-0.037963125854730606,-5.951000670727476,-0.8608516166581232,True,True,False,False
COM.practice,COM,below_baseline,0.5886432901024818,24,0,0.7002680624524752,0.019248809416476106,0.6093893696864446,0.039050554341942344,-0.11162477234999335,-0.020746079583962795,-5.799048135125054,-0.5312621019999303,True,True,False,False
ELM.star,ELM,below_baseline,0.35089388738075894,0,0,0.4900948405265808,0.024346328253514793,0.5304083004593849,0.02594475891383542,-0.13920095314582187,-0.17951441307862598,-5.717533736354102,-6.919101220975205,True,True,True,True
COM.cooperate,COM,below_baseline,0.28263423095146817,0,16,0.5056669103602568,0.03925075184538409,0.4344359176854293,0.034082770412846984,-0.22303267940878863,-0.1518016867339611,-5.682252413593382,-4.453912780421798,True,True,True,True
ACT.abandon,ACT,below_baseline,0.4254896901547909,0,0,0.5572316696246465,0.023297910745933414,0.6145961408813795,0.03847756741414635,-0.13174197946985566,-0.1891064507265886,-5.654669249381121,-4.914719495938385,True,True,True,True
REL.together,REL,below_baseline,0.19810959013799823,0,24,0.42596060534318286,0.04128527588167716,0.3568480722606182,0.022873451764576492,-0.22785101520518464,-0.15873848212261998,-5.518941325672655,-6.9398569029469375,True,True,True,True
CHG.end,CHG,below_baseline,0.5905004118879636,24,0,0.7182024990518888,0.023209322603870167,0.6172950019439062,0.03595046600624513,-0.12770208716392517,-0.026794590055942535,-5.502189328982431,-0.7453196865734067,True,True,False,False
SPC.place,SPC,below_baseline,0.46511224781473476,0,0,0.5712414681911469,0.019935902853335515,0.465672234694163,0.02118191731887554,-0.10612922037641209,-0.0005599868794282647,-5.32352214781461,-0.026437025081258895,True,True,False,False
ELM.darkness,ELM,below_baseline,0.40870577717820805,0,0,0.536071085681518,0.023992593863252608,0.4753490351140499,0.03710545121048675,-0.1273653085033099,-0.06664325793584186,-5.30852600720193,-1.7960503311978895,True,True,False,False
EMO.shame,EMO,below_baseline,0.36031461879611015,0,0,0.4953996886809667,0.025614697866755926,0.5670262450973192,0.048844370988909334,-0.13508506988485652,-0.2067116263012091,-5.273732705634482,-4.2320460293806486,True,True,True,True
NAT.sea,NAT,below_baseline,0.3725649490952492,0,0,0.5094403239587942,0.027046459426548427,0.4166052018602689,0.021199634582870594,-0.13687537486354506,-0.044040252765019716,-5.060750196722241,-2.0774062209829056,True,True,True,True
EXS.spirit,EXS,below_baseline,0.3828801189859708,0,0,0.5650018254915873,0.03601309642527676,0.6088403065999349,0.03175630273488328,-0.1821217065056165,-0.22596018761396414,-5.057096572728733,-7.11544380655353,True,True,True,True
COM.question,COM,below_baseline,0.5014103017747402,11,0,0.5926127334435781,0.01807261149970735,0.5363968486587206,0.041396356050263955,-0.0912024316688379,-0.034986546883980396,-5.046444542357077,-0.8451600629171154,True,True,False,False
FND.information,FND,below_baseline,0.21169435543318582,0,24,0.38579675431052846,0.034620758086929236,0.3175583978494008,0.02157463957675644,-0.17410239887734263,-0.105864042416215,-5.028844210753244,-4.906874204761604,True,True,True,True
ECO.price,ECO,below_baseline,0.4913395990928014,1,0,0.641654814283053,0.02995111316406505,0.5310469468434652,0.032089975885720344,-0.15031521519025165,-0.03970734775066381,-5.018685428046055,-1.2373754312583671,True,True,False,False
ACT.create,ACT,below_baseline,0.47716720402240753,0,0,0.6219217528899511,0.02903928958297788,0.6071605210502943,0.022067181674801074,-0.14475454886754358,-0.12999331702788675,-4.984782718389748,-5.890798333179472,True,True,True,True
REL.different,REL,below_baseline,0.2511152271181345,0,24,0.4527524958054225,0.04177113047867733,0.3899277249972026,0.02362267013091163,-0.20163726868728798,-0.13881249787906808,-4.827192043323238,-5.876240793686734,True,True,True,True
SOC.obstruct,SOC,below_baseline,0.40799353271722794,0,0,0.5140846632421017,0.022703535091352253,0.45549575611948967,0.03736159799077549,-0.10609113052487373,-0.047502223402261734,-4.672890371389067,-1.2714184070496648,True,True,False,False
EMO.anger,EMO,below_baseline,0.31908902774254483,0,0,0.45630792280038196,0.030020673577067874,0.5956460113326708,0.04078807834619819,-0.13721889505783713,-0.276556983590126,-4.570813333204343,-6.780338638236032,True,True,True,True
PRP.murky,PRP,below_baseline,0.3497038061420123,0,0,0.46368160222967464,0.025003096495369637,0.4145595195392768,0.02626399832988181,-0.11397779608766234,-0.06485571339726448,-4.5585472226918,-2.469376999749312,True,True,True,True
COM.teach,COM,below_baseline,0.5700177301963171,24,0,0.6732639769713084,0.02293516915738376,0.6244120821356773,0.042956627697236044,-0.10324624677499128,-0.054394351939360264,-4.501656214807212,-1.2662621545326789,True,True,False,False
ELM.morning,ELM,below_baseline,0.543335922062397,24,0,0.6499661902586619,0.023706525899452265,0.61383239676555,0.037665474065153456,-0.10663026819626487,-0.07049647470315301,-4.497928909892636,-1.8716470840433002,True,True,False,False
ACT.dissolve,ACT,below_baseline,0.36180467282732326,0,0,0.4712600074708462,0.024355298354540627,0.4185108554859956,0.03216859126542846,-0.10945533464352292,-0.05670618265867233,-4.494107731721416,-1.7627810366571566,True,True,False,False
EXS.vitality,EXS,below_baseline,0.49287934104601544,2,0,0.6208710273106893,0.029075270799876554,0.6224043120940527,0.041095402189623646,-0.1279916862646739,-0.12952497104803723,-4.402080625340807,-3.1518117391911433,True,True,True,True
PRP.clear,PRP,below_baseline,0.5136814278860887,18,0,0.6173899744947752,0.02379549083225975,0.5376498599847158,0.021512097048006957,-0.10370854660868645,-0.02396843209862709,-4.358327690727349,-1.114183895932531,True,True,False,False
WLD.realm,WLD,below_baseline,0.5787409866849581,24,0,0.6696761747201284,0.021430554690933502,0.554447433600823,0.03402953485377532,-0.09093518803517031,0.024293553084135056,-4.243249386057269,0.7138961254840622,True,True,False,False
ECO.waste,ECO,below_baseline,0.3059259069462617,0,0,0.41221533343195915,0.02544556903301346,0.3735341615974903,0.0369617764842891,-0.10628942648569745,-0.0676082546512286,-4.177129084745402,-1.8291397514393293,True,True,False,False
COG.know,COG,below_baseline,0.5354212435583273,22,0,0.6171060626705488,0.01967885341508919,0.5934641088048617,0.028235900817810463,-0.08168481911222147,-0.05804286524653435,-4.150893214621329,-2.0556406406528542,True,True,True,True
FND.spatiality,FND,below_baseline,0.4538031928241253,0,0,0.5436427518725395,0.022025441403219968,0.43833892916639644,0.023868973778922897,-0.08983955904841423,0.01546426365772885,-4.078899369312086,0.6478813794409675,True,True,False,False
ACT.give,ACT,below_baseline,0.5084195745488008,22,0,0.5850707665085793,0.019149914382087626,0.49800735091169673,0.02915208187835976,-0.07665119195977843,0.01041222363710409,-4.002691105056644,0.35716912708156584,True,True,False,False
BEI.human,BEI,below_baseline,0.5033208169043064,17,0,0.6226794272661209,0.03005645625552319,0.5707874993483225,0.024865764254604083,-0.1193586103618145,-0.0674666824440161,-3.9711471421345985,-2.7132358271081145,True,True,True,True
PRP.heavy,PRP,below_baseline,0.4050792492926121,0,0,0.48165375118454296,0.019783348918305032,0.4245210935672124,0.033406067039383446,-0.07657450189193088,-0.01944184427460033,-3.870654165184259,-0.5819854295233179,True,True,False,False
STA.poverty,STA,below_baseline,0.40255894139409065,0,0,0.5147097818553448,0.02902293520416895,0.5915482814113299,0.039953552614387766,-0.11215084046125412,-0.18898934001723922,-3.864214273032743,-4.730226166400578,True,True,True,True
ABS.release,ABS,below_baseline,0.5409644072254499,24,0,0.6161425684889158,0.01973546243127377,0.6328585023681322,0.04723826016691773,-0.07517816126346588,-0.09189409514268232,-3.8092931202024904,-1.9453319156542164,True,True,False,False
SOC.refuse,SOC,below_baseline,0.391398336738348,0,0,0.49457264443238574,0.027276737799521254,0.5496010233958563,0.026863615527801237,-0.10317430769403774,-0.15820268665750825,-3.7825017218829076,-5.889106270665012,True,True,True,True
FND.play,FND,below_baseline,0.5453268761436144,24,0,0.6144306982556978,0.018763547569057962,0.5726905887325605,0.04318722020614121,-0.06910382211208344,-0.0273637125889461,-3.6828761649550286,-0.6336067118544246,True,True,False,False
ECO.money,ECO,below_baseline,0.5271294837196668,24,0,0.6072703301906586,0.022344449375041337,0.5064626149833202,0.031806362312276744,-0.08014084647099173,0.0206668687363466,-3.5866109352646993,0.6497715310364027,True,True,False,False
SOC.request,SOC,below_baseline,0.4613058442870776,0,0,0.5445535580317179,0.023244496346257637,0.543316134562095,0.0335202149969142,-0.0832477137446403,-0.08201029027501744,-3.581394602169695,-2.4465920126874825,True,True,True,True
COG.intention,COG,below_baseline,0.43549592420458794,0,0,0.5117594463129839,0.02133094141979422,0.5492786578834057,0.0268965608609779,-0.07626352210839593,-0.11378273367881775,-3.5752534596352405,-4.230382250984963,True,True,True,True
PRP.dark,PRP,below_baseline,0.4204308862487475,0,0,0.5155475350717703,0.0270739969116063,0.5035427051285902,0.04562853294464686,-0.09511664882302279,-0.0831118188798427,-3.5132104481495086,-1.8214878611299594,True,True,False,False
ACT.make,ACT,below_baseline,0.583909330268701,24,0,0.6603104323148727,0.02204921494474467,0.5903719663619995,0.029395613062484564,-0.07640110204617179,-0.006462636093298557,-3.4650259538778565,-0.21985035928869057,True,True,False,False
COM.answer,COM,below_baseline,0.5610294466217359,24,0,0.6259183660149574,0.01878263707092989,0.5331002573172251,0.029134806840380487,-0.0648889193932215,0.027929189304510826,-3.4547289152304845,0.9586193400054162,True,True,False,False
PRP.impossible,PRP,below_baseline,0.49667542800307274,10,0,0.6004780009388924,0.03006756751424879,0.5666179458300272,0.026677640512836776,-0.10380257293581963,-0.06994251782695449,-3.452310297021147,-2.6217655115826104,True,True,True,True
VAL.ugliness,VAL,below_baseline,0.39852437004446983,0,0,0.5020817331969738,0.03004202053125024,0.5248080169161161,0.037518955232272076,-0.10355736315250397,-0.12628364687164628,-3.447083828625367,-3.3658625643984594,True,True,True,True
EMO.apology,EMO,below_baseline,0.3703068618973096,0,0,0.45092812304695445,0.023439643040487557,0.5272019281983376,0.030984778567167623,-0.08062126114964485,-0.15689506630102795,-3.439525977865228,-5.063617477882464,True,True,True,True
FND.ahistorical,FND,below_baseline,0.4879280577103297,7,0,0.5493052278955778,0.017919401718587507,0.6109117170174917,0.04803198460173511,-0.061377170185248076,-0.12298365930716199,-3.4251796543844724,-2.5604534213378995,True,True,True,True
FND.number,FND,below_baseline,0.5523325403531393,24,0,0.6420671616991361,0.02644021965578679,0.5582739015420278,0.038314629559228174,-0.08973462134599686,-0.00594136118888855,-3.393868224780699,-0.15506769234723186,True,True,False,False
NAT.river,NAT,below_baseline,0.36527854825059575,0,0,0.4580785135428111,0.027381303600604597,0.37692148114244145,0.021667538079601575,-0.09279996529221535,-0.011642932891845703,-3.389172650281204,-0.5373445219790192,True,True,False,False
BEI.plant,BEI,below_baseline,0.4293411945303281,0,0,0.5135577556987604,0.02512674172696908,0.41373982032140094,0.021554879107311558,-0.08421656116843229,0.015601374208927155,-3.3516705860052207,0.7237978061141185,True,True,False,False
EMO.contempt,EMO,below_baseline,0.35322330519557,0,0,0.4385821558535099,0.025618886456060506,0.5519134054581324,0.026714614633356105,-0.08535885065793991,-0.1986901002625624,-3.3318720079555635,-7.437505761901434,True,True,True,True
ELM.fire,ELM,below_baseline,0.38040777295827866,0,0,0.4727850283185641,0.02828029397798434,0.40666840597987175,0.025031405125756863,-0.09237725536028546,-0.026260633021593094,-3.2664885107700563,-1.049107426836833,True,True,False,False
ACT.stop,ACT,below_baseline,0.561278355618318,24,0,0.6304840917388598,0.021335526342347422,0.5619932090242704,0.02975800824200153,-0.06920573612054182,-0.0007148534059524536,-3.2436854385532596,-0.024022219502697888,True,True,False,False
COG.separate,COG,below_baseline,0.5362320939699808,24,0,0.6030580302079519,0.020715471218617793,0.5089694373309612,0.03241053465867815,-0.06682593623797106,0.02726265663901961,-3.2258950584677994,0.8411665196556651,True,True,False,False
PRP.hard,PRP,below_baseline,0.4028729895750682,0,0,0.4818301113943259,0.024587183071249324,0.40738609929879505,0.023260846916668104,-0.07895712181925774,-0.004513109723726871,-3.2113122349337013,-0.1940217284389975,True,True,False,False
SOC.defend,SOC,below_baseline,0.5012719494601091,14,0,0.5952834462126096,0.030806464497483574,0.5193652361631393,0.028095544249435684,-0.09401149675250053,-0.01809328670303023,-3.051680817192764,-0.6439913226950087,True,True,False,False
ABS.foolish,ABS,below_baseline,0.3256274114052455,0,0,0.4070304458340009,0.02721071832579268,0.5610105842351913,0.02363874527152044,-0.0814030344287554,-0.23538317282994586,-2.9915797684618473,-9.957515516423435,True,True,True,True
EMO.courage,EMO,below_baseline,0.3631237931549549,0,0,0.4645545147359371,0.03466618340163131,0.5555091897646586,0.025908392818682017,-0.10143072158098221,-0.19238539660970366,-2.925926987861292,-7.425601346872371,True,True,True,True
ECO.pay,ECO,below_baseline,0.5365125462412834,24,0,0.6053628623485565,0.023724483005198006,0.568671103566885,0.034297816614296525,-0.0688503161072731,-0.03215855732560158,-2.902078670889818,-0.937626954136689,True,True,False,False
FND.mind,FND,below_baseline,0.521667035917441,20,0,0.5885127186775208,0.023130737273883498,0.603163609902064,0.03451580603210505,-0.06684568276007974,-0.08149657398462296,-2.8899071382196713,-2.361137790287108,True,True,True,True
PRP.near,PRP,below_baseline,0.43742139637470245,0,0,0.5109570287168026,0.02552899244831631,0.41398747141162556,0.02222839754073766,-0.07353563234210014,0.02343392496307689,-2.8804753063002284,1.054233663048804,True,True,False,False
PRP.new,PRP,below_baseline,0.5889258037010828,24,0,0.649372048676014,0.02170359817865373,0.6173426931103071,0.04510691035781159,-0.06044624497493112,-0.028416889409224266,-2.785079436016382,-0.6299897107517816,True,True,False,False
PRP.possible,PRP,below_baseline,0.47644032662113506,0,0,0.5431292181213697,0.02474190421096783,0.4752982308467229,0.02566442583394322,-0.06668889150023466,0.0011420957744121552,-2.695382333210722,0.0445011231422775,True,True,False,False
WLD.secular,WLD,below_baseline,0.5380596270163854,24,0,0.5939085930585861,0.021384165980043314,0.5615813781817754,0.017883462611621364,-0.05584896604220069,-0.023521751165390015,-2.611697182593958,-1.3152794666344243,True,True,False,False
TIM.come,TIM,below_baseline,0.47587500636776287,0,0,0.5521073763569196,0.02954948571944674,0.4636458108822505,0.035943488036524585,-0.07623236998915678,0.012229195485512379,-2.579820532679785,0.3402339659714014,True,True,False,False
FND.uninformed,FND,below_baseline,0.28621471921602887,0,18,0.37780725459257763,0.03555124547475621,0.3869229579965274,0.03060639391737825,-0.09159253537654877,-0.1007082387804985,-2.576352365533457,-3.290431373665245,True,True,True,True
EMO.sorrow,EMO,below_baseline,0.3811265788972378,0,0,0.4658053231736024,0.0330767714859817,0.5712056905031204,0.05222492814940649,-0.08467874427636463,-0.19007911160588264,-2.5600667922578966,-3.6396241860227967,True,True,True,True
PRP.slow,PRP,below_baseline,0.5641994898517927,24,0,0.6151267662644386,0.019936272155937712,0.5269822192688783,0.03136585428380678,-0.05092727641264594,0.03721727058291435,-2.5545034705737617,1.186553704106458,True,True,False,False
SOC.citizen,SOC,below_baseline,0.5179249967137972,24,0,0.5769414429863294,0.024083823787880054,0.5390825942158699,0.026601929472426417,-0.05901644627253222,-0.02115759750207269,-2.450459976469005,-0.7953407110564323,True,True,False,False
EXS.nonbeing,EXS,below_baseline,0.459747056166331,1,0,0.5312110185623169,0.029531838133188517,0.5067609225710233,0.018532140757194893,-0.0714639623959859,-0.04701386640469235,-2.419895506459287,-2.5368826527199646,True,True,True,True
BEI.root,BEI,below_baseline,0.3826822054882844,0,0,0.44569406285881996,0.026509885452551445,0.3912997556229432,0.028127285303932357,-0.06301185737053555,-0.008617550134658813,-2.3769192621868145,-0.3063768878347471,True,True,False,False
PRP.part,PRP,below_baseline,0.5144211699565252,24,0,0.5598858619729677,0.01964156082866663,0.4691140564779441,0.02570847175251934,-0.04546469201644254,0.04530711347858113,-2.3147188969874204,1.7623417647974813,True,True,False,False
ELM.moon,ELM,below_baseline,0.5504585777719816,24,0,0.5975189929207166,0.020333252034903437,0.5645630322396755,0.041560154762695464,-0.047060415148735046,-0.014104454467693928,-2.3144559005097944,-0.3393744452644371,True,True,False,False
ELM.water,ELM,below_baseline,0.3574705223242442,0,0,0.42719142884016037,0.030906778909167678,0.36614423741896945,0.018920175824048313,-0.06972090651591617,-0.008673715094725254,-2.25584512448935,-0.4584373409310821,True,True,False,False
ELM.earth,ELM,below_baseline,0.3176303741832574,0,0,0.389178058753411,0.031753601012528124,0.34164685507615405,0.017760237849511192,-0.07154768457015359,-0.024016480892896652,-2.2532148256799296,-1.3522612194947405,True,True,False,False
PRP.dry,PRP,below_baseline,0.34358584011594456,0,0,0.4105796044071515,0.02985217838483665,0.3544367787738641,0.02219367618312676,-0.06699376429120696,-0.010850938657919529,-2.2441834370531666,-0.4889202928070654,True,True,False,False
PRP.clean,PRP,below_baseline,0.40151526033878326,0,0,0.4630245454609394,0.027460471964624183,0.3987480215728283,0.028469182556244654,-0.06150928512215614,0.0027672387659549713,-2.2399209016289006,0.09720120205376194,True,True,False,False
ACT.build,ACT,below_baseline,0.5876412863532702,24,0,0.6357441743214926,0.022067857907609827,0.5489208276073138,0.02586112828476851,-0.048102887968222374,0.03872045874595642,-2.1797715106564417,1.4972455308054637,True,True,False,False
ACT.lose,ACT,below_baseline,0.47629142676790553,1,0,0.5330145210027695,0.02635929299895993,0.5557601489126682,0.04632386592458502,-0.056723094234863936,-0.0794687221447627,-2.1519201686138576,-1.7155028095914384,True,True,False,False
EXS.matter,EXS,below_baseline,0.32575420662760735,0,0,0.3917259909212589,0.03125264098116939,0.33776634310682613,0.018017477301148548,-0.06597178429365158,-0.012012136479218782,-2.110918700707613,-0.6666935819285341,True,True,False,False
EMO.unhappiness,EMO,below_baseline,0.37291262795527774,0,0,0.4442601663370927,0.03446272564935761,0.5676410732169946,0.05218641723684282,-0.07134753838181496,-0.1947284452617169,-2.0702813557970825,-3.7314009194760653,True,True,True,True
MAT.drink,MAT,below_baseline,0.38555630793174106,0,0,0.4466609222193559,0.02976873580322955,0.3700103002289931,0.01952270882321769,-0.06110461428761482,0.015546007702747944,-2.0526439110990298,0.7963038246137035,True,True,False,False
WLD.culture,WLD,below_baseline,0.5839075470964114,24,0,0.6355814139048258,0.025260379669199428,0.5828429112831751,0.02153609550065245,-0.05167386680841446,0.0010646358132362366,-2.0456488574248,0.04943495041633627,True,True,False,False
COG.think,COG,below_baseline,0.5333545741935571,23,0,0.5794370224078497,0.022659161351405104,0.58600764721632,0.03059762613126657,-0.046082448214292526,-0.0526530730227629,-2.0337225857405765,-1.7208221577999703,True,True,False,False
FND.body,FND,below_baseline,0.39985693121949833,0,0,0.4549996890127659,0.02715153429001452,0.42364467059572536,0.041727005823695894,-0.05514275779326755,-0.023787739376227024,-2.0309260318135065,-0.570080189236067,True,True,False,False
FND.consciousness,FND,below_baseline,0.4218803582092126,0,0,0.48024533192316693,0.02944054317397707,0.5467042426268259,0.025344536195266498,-0.05836497371395433,-0.12482388441761333,-1.9824693236483486,-4.925080634970397,True,False,True,False
PER.untouched,PER,below_baseline,0.4764498807489872,0,0,0.5292576750119528,0.028706635117025862,0.6000819752613703,0.04491587523097107,-0.05280779426296556,-0.1236320945123831,-1.8395675441474968,-2.752525557536825,True,False,True,False
EMO.patience,EMO,below_baseline,0.4752648745973905,0,0,0.5278308354318142,0.031448471095623036,0.5942253669102987,0.0345006254504721,-0.05256596083442372,-0.11896049231290823,-1.671494956768814,-3.4480677019517745,True,False,True,False
CHG.grow,CHG,below_baseline,0.574641096095244,24,0,0.6114434277017912,0.022315341034047337,0.5037830111881098,0.021796886375493537,-0.03680233160654711,0.0708580849071343,-1.6491942269847653,3.2508351737246644,True,False,True,False
EMO.happiness,EMO,below_baseline,0.43818532923857373,0,0,0.4902367802957694,0.03395642092408345,0.549451378484567,0.03074329727893935,-0.05205145105719566,-0.11126604924599331,-1.5328897934669665,-3.619196998827317,True,False,True,False
EMO.dislike,EMO,below_baseline,0.38593821475903195,0,0,0.43726295605301857,0.03385973817457926,0.5380906462669373,0.03626049405718334,-0.05132474129398662,-0.1521524315079053,-1.5158044350301412,-4.196093723046317,True,False,True,False
ABS.self,ABS,below_baseline,0.43228061124682426,0,0,0.4859834561745326,0.03870937891273224,0.5728252157568932,0.019820185948029628,-0.053702844927708326,-0.1405446045100689,-1.387334192283939,-7.090983146101148,True,False,True,False
STA.illness,STA,below_baseline,0.42669737090667087,0,0,0.4633676658074061,0.026818680300082977,0.5567523054778576,0.04649936515142402,-0.036670294900735256,-0.13005493457118672,-1.3673415130953255,-2.796918498729307,True,False,True,False
EMO.joy,EMO,below_baseline,0.4342726493875186,0,0,0.4720905472834905,0.03463191766638996,0.5602242449919382,0.03695306584904793,-0.0378178978959719,-0.12595159560441965,-1.091995489833181,-3.40842072803723,True,False,True,False
WLD.art,WLD,below_baseline,0.5899065335591634,24,0,0.6181468591094017,0.025982943770964762,0.5157494246959686,0.029223863827047662,-0.028240325550238254,0.07415710886319482,-1.0868793697577892,2.537553189477975,True,False,True,False
EMO.worry,EMO,below_baseline,0.38946662719051045,0,0,0.4271419545014699,0.03504075185229001,0.5576459529499213,0.03878376478232204,-0.03767532731095946,-0.1681793257594108,-1.0751860425191553,-4.336333171968605,True,False,True,False
EMO.hope,EMO,below_baseline,0.40647510811686516,0,0,0.4417513298491637,0.03402712227466003,0.5215178094804287,0.028718678234966186,-0.03527622173229855,-0.11504270136356354,-1.036708936111495,-4.0058494483041445,True,False,True,False
EXS.absence,EXS,below_baseline,0.4337094898025195,0,0,0.47014495730400085,0.03562753569935355,0.5247111258407434,0.014279971506491605,-0.036435467501481356,-0.09100163603822392,-1.0226771733230617,-6.372676303790594,True,False,True,False
BEI.beast,BEI,below_baseline,0.5295953551928202,24,0,0.5497179999947548,0.02210075745499954,0.4705014079809189,0.027140129138725363,-0.020122644801934597,0.05909394721190131,-0.910495707801297,2.1773642604958017,True,False,True,False
EMO.fear,EMO,below_baseline,0.43464407697319984,0,0,0.4642125479876995,0.034219443220617415,0.5585791990160942,0.045798555511688085,-0.029568471014499664,-0.12393512204289436,-0.8640839309940755,-2.70609237907657,True,False,True,False
NAT.flower,NAT,below_baseline,0.449866163233916,0,0,0.47265903403361637,0.029319449364444927,0.38129137828946114,0.02672356654866389,-0.022792870799700382,0.06857478494445485,-0.7773976419673424,2.5660790755447804,True,False,True,False
SOC.stateless,SOC,below_baseline,0.43170488625764847,0,0,0.45049720630049706,0.03686221862547433,0.5269274426003298,0.025336248410770205,-0.018792320042848587,-0.09522255634268129,-0.5097989416692842,-3.7583526494870907,True,False,True,False
