window,alive_nodes,alive_links,n_clusters,max_size,k_star,entropy,milestone,physics_seconds,stressed,calcified,mean_omega,stress_intensity,link_ema,total_rplus,budget,v_labels,v_born,v_died,v_torque_n,v_mean_torque,v_top_share,v_label_rplus_rate,v_oldest_age,v_mean_age,v_mean_share_5node,v_share_std,v_births_5node,v_deaths_5node,macro_nodes_active,compressed_links_removed,occ_max,occ_mean,occ_nonzero,vacancy_mean,history_max,history_gini,lw_n_oasis,lw_n_penalty,lw_n_neutral,lw_edge_oo,lw_edge_op,lw_edge_pp,thaw_mean_jaccard,thaw_mean_pressure,thaw_mean_add,thaw_mean_drop
1,5000,6070,21,5,0,1.9994,0,18.5,0,0,6.73,1.0,6070.0,560,1.0,349,519,170,1923,0.001034,0.0077,398.8604,0,0.0,0.0064,0.0012,2,0,0,0,0.032097,0.015625,63,0.5132,0.0321,0.2684,89,153,107,2125,1373,1394,1.0,0.0,0,0
2,5000,4063,2,4,0,1.9994,0,17.6,440,3635,5.45,0.861,4749.3,428,1.0,320,16,45,1987,0.001138,0.0095,371.9512,1,1.0,0.0074,0.0014,0,0,0,0,0.040513,0.015625,63,0.6143,0.0676,0.2754,90,131,99,1294,1308,703,1.0,0.0,0,0
3,5000,3598,2,5,0,1.9994,0,17.3,273,3343,5.09,0.8659,4187.7,255,1.0,275,2,47,1890,0.001199,0.0109,264.7975,2,2.0,0.0082,0.0017,2,0,0,0,0.043697,0.015625,63,0.6424,0.1113,0.2879,85,108,82,934,1340,628,1.0,0.0,0,0
4,5000,3352,1,5,0,1.9994,0,17.1,84,3272,4.78,0.8722,3859.0,80,1.0,189,1,87,1724,0.001323,0.0177,121.0287,3,2.9,0.0133,0.0027,1,1,0,0,0.043038,0.015625,63,0.6369,0.1442,0.2988,75,54,60,918,1270,496,1.0,0.0,0,0
5,5000,3238,1,3,0,1.9993,0,17.0,5,3220,4.63,0.887,3652.7,18,1.0,168,4,25,1360,0.001855,0.0401,37.8947,4,3.8,0.021,0.0046,0,0,0,0,0.062124,0.015625,60,0.7485,0.1823,0.3126,66,49,53,838,1288,512,1.0,0.0,0,0
6,5000,3269,0,0,1,1.9996,0,17.0,4,3261,4.66,0.9227,3543.0,8,1.0,148,4,24,1254,0.001807,0.0306,17.4292,5,4.7,0.0224,0.0045,0,0,0,0,0.042857,0.015625,61,0.6354,0.2231,0.3186,58,43,47,839,1328,505,1.0,0.0,0,0
7,5000,3269,3,5,0,1.999,1,16.8,9,3260,4.67,0.9408,3474.5,9,1.0,117,3,34,1235,0.001958,0.033,20.4082,6,5.6,0.0206,0.0049,2,0,0,0,0.047423,0.015625,60,0.6705,0.2458,0.3144,47,31,39,810,1312,530,1.0,0.0,0,0
8,5000,3139,1,4,0,1.9916,1,16.6,0,3139,4.58,0.9232,3400.0,0,1.0,102,1,16,1005,0.002411,0.0365,0.0,7,6.5,0.0178,0.0062,0,0,0,0,0.050562,0.015625,54,0.691,0.2767,0.3191,41,26,35,778,1259,507,1.0,0.0,0,0
9,5000,3230,1,3,0,1.9949,2,16.6,3,3227,4.56,0.9596,3366.0,3,1.0,98,1,5,984,0.002357,0.0343,9.4637,8,7.4,0.0213,0.0063,0,0,0,0,0.049844,0.015625,54,0.6865,0.3114,0.3273,39,24,35,814,1293,534,1.0,0.0,0,0
10,5000,3207,1,4,1,1.9932,2,16.6,7,3200,4.58,0.961,3337.1,7,1.0,93,2,7,952,0.002292,0.0282,20.2312,9,8.2,0.0184,0.0063,0,0,0,0,0.062147,0.015625,54,0.7486,0.3574,0.3257,37,24,32,775,1320,505,1.0,0.0,0,0
11,5000,3187,0,0,3,1.9977,2,16.7,3,3184,4.6,0.9622,3312.1,3,1.0,84,0,9,903,0.002288,0.0265,10.2041,10,9.2,0.0188,0.0064,0,0,0,0,0.046358,0.015625,52,0.6629,0.4038,0.3281,33,22,29,852,1260,531,1.0,0.0,0,0
12,5000,3250,0,0,3,1.9819,1,16.6,3,3247,4.6,0.9841,3302.5,3,1.0,79,0,5,853,0.002386,0.0406,11.3208,11,10.2,0.0185,0.0071,0,0,0,0,0.04797,0.015625,48,0.6743,0.448,0.3346,30,20,29,815,1289,546,1.0,0.0,0,0
13,5000,3090,1,5,0,1.9871,1,16.4,7,3078,4.52,0.9443,3272.2,12,1.0,78,5,6,885,0.00241,0.0451,35.5872,12,11.0,0.0243,0.008,1,0,0,0,0.059028,0.015625,49,0.7353,0.4932,0.3374,30,18,30,806,1220,507,1.0,0.0,0,0
14,5000,3276,2,5,3,1.9612,1,16.4,3265,0,4.62,1.0015,3272.9,13,1.0,76,3,5,875,0.00237,0.0365,37.1517,13,11.6,0.0289,0.0086,1,0,0,0,0.06079,0.015625,46,0.743,0.5205,0.344,30,15,31,843,1256,559,1.0,0.0,0,0
15,5000,3128,1,3,3,1.9408,2,16.3,4,3114,4.6,0.961,3254.8,14,1.0,73,3,6,850,0.002522,0.049,49.8221,14,12.2,0.028,0.0088,0,0,0,0,0.083916,0.015625,45,0.8138,0.5555,0.3512,29,12,32,798,1236,498,1.0,0.0,0,0
16,5000,3152,1,3,3,1.9785,2,24.2,0,3142,4.53,0.972,3242.7,10,1.0,74,4,3,857,0.00217,0.0356,37.7358,15,12.8,0.0236,0.0079,0,0,0,0,0.05694,0.015625,46,0.7256,0.6089,0.358,31,11,32,803,1291,491,1.0,0.0,0,0
17,5000,3221,1,3,3,1.8656,2,24.2,4,3213,4.64,0.994,3240.3,8,1.0,70,5,9,839,0.002273,0.0359,23.7288,16,13.3,0.0245,0.0082,0,0,0,0,0.065359,0.015625,46,0.7609,0.6579,0.3631,30,10,30,807,1289,538,1.0,0.0,0,0
18,5000,3257,2,3,3,1.8463,2,24.2,3252,0,4.63,1.0054,3242.4,8,1.0,72,8,6,867,0.002295,0.04,22.2222,17,13.6,0.0219,0.0079,0,0,0,0,0.064615,0.015625,44,0.7582,0.6856,0.3675,30,11,31,856,1272,513,1.0,0.0,0,0
19,5000,3134,1,5,3,1.8288,2,23.8,4,3125,4.54,0.9698,3231.5,9,1.0,69,1,4,853,0.002149,0.0335,34.3511,18,14.8,0.0231,0.0074,1,0,0,0,0.070632,0.015625,42,0.7788,0.7339,0.3739,28,11,30,746,1277,535,1.0,0.0,0,0
20,5000,3169,2,5,3,1.8155,2,19.4,7,3157,4.54,0.9825,3225.6,12,1.0,64,2,7,827,0.00257,0.0403,44.4444,19,15.0,0.03,0.0093,1,0,0,0,0.069597,0.015625,40,0.7755,0.8035,0.3797,25,8,31,829,1232,523,1.0,0.0,0,0
21,5000,3140,0,0,3,1.8161,2,16.5,0,3140,4.54,0.9759,3217.4,0,1.0,61,0,3,811,0.002581,0.0405,0.0,20,16.0,0.0279,0.0098,0,0,0,0,0.068826,0.015625,40,0.773,0.8562,0.3849,23,8,30,776,1308,503,1.0,0.0,0,0
22,5000,3211,2,5,3,1.821,1,18.5,9,3193,4.62,0.9982,3216.8,18,1.0,67,12,6,875,0.002204,0.0348,65.2174,21,14.9,0.0187,0.0079,1,0,0,0,0.069686,0.015625,41,0.7758,0.8875,0.387,26,7,34,811,1289,517,1.0,0.0,0,0
23,5000,3209,3,5,3,1.8357,1,18.6,21,3183,4.63,0.9978,3216.1,26,1.0,70,5,2,934,0.00237,0.0323,84.4595,22,14.9,0.0212,0.007,1,0,0,0,0.067742,0.015625,45,0.7693,0.9198,0.3875,28,7,35,827,1237,557,1.0,0.0,0,0
24,5000,3230,0,0,1,1.8969,2,16.8,3221,0,4.6,1.0064,3218.3,18,1.0,71,4,3,932,0.002342,0.0401,62.5,23,15.0,0.0181,0.0069,0,0,0,0,0.06689,0.015625,44,0.7664,0.9632,0.3875,27,8,36,789,1305,540,1.0,0.0,0,0
25,5000,3194,1,5,3,1.9088,1,16.6,13,3181,4.53,0.9932,3215.9,13,1.0,68,1,4,940,0.00225,0.0379,46.2633,24,16.0,0.0255,0.0084,1,0,0,0,0.058621,0.015625,43,0.7335,0.9908,0.389,28,8,32,816,1238,537,1.0,0.0,0,0
26,5000,3169,0,0,3,1.9176,1,16.8,4,3165,4.51,0.9868,3211.5,4,1.0,64,0,4,925,0.002215,0.0372,14.1844,25,17.6,0.0239,0.0086,0,0,0,0,0.060811,0.015625,41,0.7431,1.0429,0.3913,26,8,30,804,1260,544,1.0,0.0,0,0
27,5000,3212,0,0,3,1.9781,1,16.8,3212,0,4.62,1.0013,3211.9,4,1.0,56,1,9,877,0.002292,0.0536,11.9048,26,19.0,0.0262,0.0102,0,0,0,0,0.068966,0.015625,39,0.7734,1.0851,0.3935,23,8,25,806,1291,530,1.0,0.0,0,0
28,5000,3217,2,4,1,1.9852,1,16.9,3209,0,4.58,1.0014,3212.4,8,1.0,57,3,2,862,0.002199,0.035,32.1285,27,19.6,0.0216,0.0084,0,0,0,0,0.066148,0.015625,40,0.7638,1.1162,0.3972,23,8,26,771,1275,539,1.0,0.0,0,0
29,5000,3163,1,5,1,1.9821,1,17.0,4,3154,4.57,0.9861,3207.7,9,1.0,54,1,4,855,0.00256,0.0455,34.4828,28,20.4,0.023,0.0099,1,0,0,0,0.064394,0.015625,38,0.7574,1.1541,0.3989,21,6,27,809,1254,535,1.0,0.0,0,0
30,5000,3133,1,5,1,1.9735,2,17.0,4,3125,4.57,0.9789,3200.6,8,1.0,53,1,2,838,0.002437,0.0404,28.0702,29,21.0,0.0249,0.0097,1,0,0,0,0.050505,0.015625,36,0.6906,1.2046,0.4013,20,5,28,815,1188,530,1.0,0.0,0,0
31,5000,3207,1,5,1,1.9603,2,16.9,3199,0,4.67,1.0021,3201.3,9,1.0,50,1,4,839,0.002356,0.0508,31.4685,30,22.1,0.0297,0.011,1,0,0,0,0.057627,0.015625,36,0.7289,1.2588,0.4035,18,5,27,767,1307,491,1.0,0.0,0,0
32,5000,3147,2,5,1,1.9505,2,16.6,7,3135,4.54,0.9846,3196.1,12,1.0,50,2,2,843,0.002549,0.0498,50.8475,31,22.3,0.0244,0.0121,2,0,0,0,0.078838,0.015625,37,0.8018,1.3169,0.4064,19,5,26,858,1246,465,1.0,0.0,0,0
33,4999,3120,2,5,1,1.9342,2,16.9,10,3110,4.56,0.9784,3188.9,10,1.0,49,2,3,860,0.002779,0.0578,36.9004,32,22.4,0.0293,0.0128,2,1,0,0,0.068592,0.015625,36,0.7722,1.3602,0.407,21,5,23,752,1293,488,1.0,0.0,0,0
34,4998,3205,3,5,1,1.9173,2,21.1,3212,0,4.59,1.0117,3192.8,18,1.0,51,3,1,877,0.002794,0.0464,60.6061,33,22.0,0.0275,0.0101,2,1,0,0,0.069536,0.015625,37,0.7753,1.3834,0.4061,24,4,23,821,1274,506,1.0,0.0,0,0
35,4998,3138,0,0,0,1.8949,2,16.8,12,3126,4.52,0.9845,3187.6,12,1.0,53,4,2,885,0.00247,0.0452,39.604,34,21.5,0.0256,0.0098,0,0,0,0,0.06129,0.015625,37,0.7451,1.4028,0.4056,23,6,24,786,1230,514,1.0,0.0,0,0
36,4995,3120,2,5,3,1.9624,1,17.1,11,3104,4.51,0.9808,3181.1,16,1.0,53,2,2,905,0.002467,0.0548,56.338,35,21.8,0.022,0.0101,1,0,0,0,0.078767,0.015625,35,0.8016,1.4233,0.4069,23,5,25,842,1222,523,1.0,0.0,0,0
37,4993,3145,2,5,3,1.9707,1,17.0,16,3124,4.56,0.9897,3177.7,21,1.0,54,2,1,940,0.002368,0.0326,64.4172,36,21.7,0.0227,0.0068,2,0,0,0,0.059347,0.015625,37,0.7367,1.4671,0.4066,22,5,27,780,1260,539,1.0,0.0,0,0
38,4991,3062,0,0,1,1.9599,2,17.0,3,3059,4.46,0.9669,3166.7,3,1.0,51,0,3,911,0.002241,0.0448,10.453,37,21.9,0.0229,0.0086,0,0,0,0,0.051724,0.015625,36,0.6979,1.5189,0.4065,21,5,25,795,1196,506,1.0,0.0,0,0
39,4989,3221,1,3,3,1.9495,1,16.9,3245,0,4.64,1.0237,3174.6,5,1.0,53,4,2,931,0.002011,0.0375,16.2338,38,22.1,0.0243,0.0085,0,0,0,0,0.065625,0.015625,38,0.7619,1.547,0.4062,22,5,26,815,1287,517,1.0,0.0,0,0
40,4985,3170,0,0,3,1.9305,1,16.8,0,3165,4.55,0.9987,3174.2,5,1.0,51,0,2,930,0.002028,0.0399,17.1233,39,23.8,0.0222,0.0082,0,1,0,0,0.056478,0.015625,37,0.7233,1.5902,0.4056,22,4,25,752,1234,554,1.0,0.0,0,0
41,4982,3173,0,0,3,1.9717,1,16.7,6,3163,4.53,0.9997,3174.1,10,1.0,54,6,3,921,0.002069,0.037,31.1419,40,22.7,0.0227,0.0081,0,0,0,0,0.060606,0.015625,41,0.7422,1.6272,0.4042,23,4,27,772,1290,532,1.0,0.0,0,0
42,4980,3184,0,0,3,1.8862,1,17.1,3195,0,4.64,1.0074,3176.5,5,1.0,54,1,1,921,0.001932,0.0467,17.6056,41,23.7,0.0218,0.0099,0,0,0,0,0.066667,0.015625,40,0.7656,1.6705,0.4041,24,4,26,771,1301,511,1.0,0.0,0,0
43,4978,3162,1,5,3,1.803,1,20.0,4,3153,4.64,0.9959,3175.1,9,1.0,53,1,2,926,0.001925,0.0396,30.7167,42,24.5,0.0227,0.0078,1,0,0,0,0.052805,0.015625,41,0.7041,1.7233,0.4032,25,4,24,775,1287,532,1.0,0.0,0,0
44,4976,3193,2,5,3,1.948,1,16.5,3182,0,4.6,1.0079,3177.8,21,1.0,55,5,3,970,0.002018,0.0383,69.3069,43,24.5,0.021,0.0087,2,0,0,0,0.063898,0.015625,41,0.7555,1.7489,0.4011,23,4,28,777,1270,529,1.0,0.0,0,0
45,4975,3122,1,5,1,1.944,2,16.5,5,3107,4.52,0.9841,3172.5,15,1.0,54,1,2,975,0.001998,0.0435,47.0219,44,25.7,0.0226,0.0083,1,1,0,0,0.071429,0.015625,40,0.7812,1.7893,0.4003,23,4,27,808,1211,533,1.0,0.0,0,0
46,4973,3226,2,5,1,1.9296,2,16.4,3226,0,4.68,1.0195,3179.0,15,1.0,53,2,3,986,0.002161,0.0479,46.2963,45,26.8,0.0228,0.01,2,0,0,0,0.065868,0.015625,40,0.7628,1.8222,0.3991,23,3,27,836,1302,489,1.0,0.0,0,0
47,4971,3187,0,0,0,1.9212,2,16.4,3185,0,4.59,1.0031,3180.1,5,1.0,50,0,3,936,0.001851,0.0418,16.5563,46,27.4,0.0226,0.0081,0,0,0,0,0.048232,0.015625,38,0.676,1.8479,0.398,22,2,26,793,1270,534,1.0,0.0,0,0
48,4968,3158,1,4,0,1.9591,1,16.3,3,3150,4.51,0.9937,3178.0,8,1.0,50,1,1,956,0.001952,0.0424,28.8809,47,28.3,0.0217,0.0077,0,0,0,0,0.053004,0.015625,39,0.7052,1.8833,0.3972,23,2,25,815,1217,568,1.0,0.0,0,0
49,4966,3145,0,0,3,1.9489,1,21.8,5,3140,4.6,0.9906,3174.8,5,1.0,52,5,3,975,0.001798,0.0386,10.9091,48,28.2,0.0216,0.0077,0,0,0,0,0.05614,0.015625,40,0.7217,1.9219,0.3975,23,3,26,760,1251,536,1.0,0.0,0,0
50,4964,3186,0,0,3,1.9111,1,20.6,3191,0,4.6,1.0046,3176.4,0,1.0,50,0,2,959,0.001751,0.0469,0.0,49,30.0,0.0229,0.0083,0,0,0,0,0.059375,0.015625,39,0.7368,1.9594,0.3973,23,2,25,782,1314,501,0.0009,0.9991,2780.7,1.7
51,4963,3051,2,5,1,1.8628,1,16.5,0,3046,4.52,0.9642,3164.4,5,1.0,50,2,2,963,0.001702,0.0488,17.7936,50,29.7,0.0221,0.009,1,1,0,0,0.073171,0.015625,38,0.7865,1.9942,0.3978,23,2,25,748,1222,489,0.0009,0.9991,2544.0,2.0
52,4961,3065,0,0,3,1.8577,1,16.4,2,3058,4.53,0.9715,3155.0,7,1.0,48,2,4,954,0.001688,0.0388,20.3252,51,31.8,0.0245,0.0085,0,0,0,0,0.065891,0.015625,37,0.7629,2.0601,0.3987,22,2,24,801,1190,514,0.0009,0.9991,2747.1,1.9
53,4961,3243,2,4,3,1.9332,1,16.5,3293,0,4.67,1.0426,3169.1,11,1.0,50,4,2,958,0.001879,0.0426,33.67,52,30.5,0.0219,0.0086,0,0,0,0,0.065574,0.015625,37,0.7617,2.0896,0.3989,23,3,24,820,1246,550,0.001,0.999,2867.5,1.5
54,4959,3163,1,5,3,1.8817,1,16.4,4,3154,4.64,0.9982,3168.6,9,1.0,53,5,2,982,0.001964,0.0423,30.4054,53,29.8,0.0194,0.0081,1,0,0,0,0.058632,0.015625,37,0.7335,2.1101,0.3993,23,3,27,745,1275,549,0.0008,0.9992,2730.4,1.8
55,4956,3163,0,0,3,1.9269,2,16.4,4,3159,4.52,0.9984,3168.0,4,1.0,53,0,0,982,0.001671,0.0403,13.9373,54,30.8,0.0206,0.0081,0,0,0,0,0.053691,0.015625,37,0.709,2.1504,0.3995,23,3,27,807,1236,530,0.0008,0.9992,2837.3,1.7
56,4954,3103,1,5,3,1.9369,1,16.4,6,3093,4.54,0.9814,3161.8,10,1.0,52,3,4,997,0.001699,0.037,32.0285,55,31.8,0.0225,0.0079,1,0,0,0,0.070707,0.015625,38,0.779,2.184,0.4003,24,2,26,796,1191,528,0.0008,0.9992,2643.2,2.0
57,4954,3181,2,5,3,1.9532,1,16.3,3181,0,4.65,1.0081,3164.5,9,1.0,53,4,3,1020,0.001732,0.0445,28.2132,56,31.9,0.0223,0.0093,1,0,0,0,0.080119,0.015625,37,0.805,2.2266,0.4012,23,3,27,798,1290,505,0.0008,0.9992,2519.5,2.2
58,4953,3131,0,0,3,1.9958,2,16.3,0,3131,4.52,0.9904,3161.3,0,1.0,51,0,2,999,0.001572,0.0401,0.0,57,34.0,0.0202,0.0082,0,1,0,0,0.063545,0.015625,35,0.7541,2.2735,0.4023,23,3,25,757,1296,529,0.0009,0.9991,2941.7,1.7
59,4949,3183,1,5,3,1.9893,1,16.4,3184,0,4.6,1.0079,3164.0,5,1.0,50,1,2,976,0.001687,0.0514,16.5563,58,34.6,0.0224,0.0094,1,0,0,0,0.07074,0.015625,34,0.7791,2.3153,0.4023,22,3,25,810,1275,506,0.0009,0.9991,2728.6,1.9
60,4947,3188,1,4,3,1.9787,1,16.3,3202,0,4.58,1.012,3168.0,4,1.0,50,1,1,962,0.001883,0.0488,14.1844,59,34.6,0.0216,0.0091,0,0,0,0,0.073171,0.015625,33,0.7865,2.3536,0.4031,22,2,26,779,1350,478,0.0009,0.9991,2925.4,1.6
61,4946,3187,1,3,3,1.9698,2,16.2,3198,0,4.58,1.0094,3171.1,3,1.0,51,1,0,976,0.001519,0.0327,10.101,60,34.9,0.0215,0.0076,0,0,0,0,0.062092,0.015625,34,0.7484,2.3928,0.4035,22,3,26,789,1306,528,0.0013,0.9987,2942.6,1.3
62,4944,3106,2,5,3,1.9698,2,16.4,5,3091,4.55,0.9814,3164.9,15,1.0,52,4,3,989,0.00171,0.0471,51.5464,61,34.0,0.0224,0.0103,2,0,0,0,0.084175,0.015625,37,0.8144,2.4063,0.4037,24,2,26,768,1221,542,0.001,0.999,2888.9,1.6
63,4943,3167,0,0,3,1.9464,2,16.3,3155,0,4.57,1.0009,3165.2,13,1.0,54,5,3,1005,0.001672,0.0372,45.1389,62,33.7,0.021,0.0087,0,0,0,0,0.084459,0.015625,37,0.815,2.4299,0.4041,24,4,26,773,1275,529,0.0012,0.9988,2761.1,1.9
64,4943,3084,1,3,1,1.9467,1,16.3,8,3062,4.52,0.9767,3157.5,22,1.0,56,8,6,1014,0.001617,0.0427,77.2059,63,32.2,0.0202,0.0085,0,1,0,0,0.078292,0.015625,42,0.8004,2.4442,0.4042,23,6,27,820,1160,550,0.0014,0.9986,2794.4,1.6
65,4941,3184,0,0,1,1.9382,1,16.2,3197,0,4.68,1.0139,3162.1,9,1.0,54,2,4,1016,0.001456,0.0383,20.1729,64,34.3,0.0198,0.0072,0,1,0,0,0.065574,0.015625,39,0.7617,2.4769,0.4041,21,6,27,802,1290,496,0.0007,0.9993,2831.5,1.8
66,4939,3160,1,5,0,1.9137,1,16.3,0,3155,4.58,0.9994,3161.9,5,1.0,54,1,1,999,0.001514,0.0426,15.625,65,35.3,0.0226,0.0076,1,0,0,0,0.06079,0.015625,38,0.743,2.5134,0.4039,22,5,27,825,1282,498,0.0007,0.9993,2868.9,1.9
67,4935,3164,3,5,1,1.8428,1,16.3,3150,0,4.66,1.0006,3162.1,14,1.0,52,3,5,1045,0.001586,0.0363,44.164,66,36.4,0.0203,0.0083,3,1,0,0,0.069486,0.015625,37,0.7751,2.5671,0.4042,19,3,30,802,1253,543,0.001,0.999,2715.5,1.7
68,4934,3129,1,5,3,1.9183,2,16.3,2,3117,4.55,0.9905,3158.9,12,1.0,51,3,4,1020,0.001921,0.045,31.1526,67,36.7,0.0228,0.0105,1,0,0,0,0.063063,0.015625,37,0.7522,2.6152,0.4041,20,2,29,796,1228,516,0.0009,0.9991,2679.8,1.9
69,4933,3121,2,5,3,1.9315,2,16.3,0,3106,4.59,0.9891,3155.3,15,1.0,53,2,0,1029,0.001686,0.0381,44.9102,68,36.3,0.0205,0.0089,2,0,0,0,0.067449,0.015625,36,0.7683,2.6738,0.4045,20,3,30,819,1200,543,0.0011,0.9989,2801.2,1.6
70,4933,3144,1,5,3,1.8829,2,16.3,5,3139,4.54,0.9968,3154.3,5,1.0,53,1,1,1052,0.001868,0.0459,16.6667,69,37.0,0.0217,0.0086,1,0,0,0,0.059016,0.015625,36,0.7352,2.7197,0.4045,20,3,30,821,1223,536,0.0009,0.9991,2949.7,1.8
71,4933,3215,1,4,1,1.9018,2,16.3,3253,0,4.72,1.0294,3164.0,4,1.0,54,1,0,1060,0.001461,0.0446,13.1148,70,37.3,0.0207,0.0087,0,0,0,0,0.066879,0.015625,36,0.7664,2.7548,0.4049,21,3,30,834,1265,500,0.0009,0.9991,2984.3,1.7
72,4931,3157,3,5,1,1.9562,2,18.8,9,3143,4.61,0.998,3163.4,14,1.0,58,6,2,1099,0.001607,0.0375,39.2749,71,35.6,0.0185,0.0066,1,0,0,0,0.074928,0.015625,38,0.7915,2.8009,0.4045,24,3,31,836,1242,473,0.0008,0.9992,2846.7,1.9
73,4929,3043,0,0,3,1.9163,2,18.3,4,3034,4.47,0.9654,3151.9,9,1.0,56,0,2,1084,0.001437,0.0405,29.4118,72,37.8,0.0193,0.0072,0,0,0,0,0.05919,0.015625,36,0.736,2.8569,0.4044,23,3,30,734,1204,527,0.0009,0.9991,2704.2,2.1
74,4929,3093,0,0,3,1.9183,1,16.3,6,3082,4.55,0.9831,3146.3,11,1.0,56,2,2,1094,0.001442,0.0401,26.8657,73,38.8,0.0185,0.0081,0,0,0,0,0.065903,0.015625,36,0.7629,2.9171,0.4046,23,3,30,764,1263,507,0.0009,0.9991,2801.7,2.0
75,4929,3168,2,5,3,1.9238,1,16.2,3177,0,4.64,1.0111,3150.0,8,1.0,58,2,0,1112,0.001383,0.0425,23.3236,74,38.4,0.0182,0.0074,1,0,0,0,0.067989,0.015625,36,0.7702,2.9653,0.4044,25,3,30,826,1274,488,0.001,0.999,2698.2,1.9
76,4928,3146,0,0,3,1.9139,1,16.2,4,3142,4.63,0.9989,3149.6,4,1.0,60,4,2,1128,0.001366,0.0413,12.2324,75,38.1,0.0186,0.0082,0,0,0,0,0.070796,0.015625,37,0.7793,3.0154,0.4047,26,3,31,833,1267,475,0.0013,0.9987,2755.7,1.9
77,4927,3137,1,3,3,1.9351,1,16.2,7,3125,4.57,0.9964,3148.4,12,1.0,64,11,7,1164,0.001394,0.0353,31.0734,76,35.4,0.0159,0.0061,0,0,0,0,0.070652,0.015625,41,0.7788,3.0589,0.4042,28,4,32,795,1219,501,0.0009,0.9991,2668.2,1.7
78,4926,3155,0,0,3,1.9326,1,16.3,3152,0,4.55,1.0033,3149.5,8,1.0,59,3,8,1168,0.001229,0.0372,21.5385,77,39.3,0.0179,0.0073,0,0,0,0,0.068768,0.015625,40,0.7728,3.088,0.404,25,3,31,809,1277,519,0.0009,0.9991,2729.3,2.0
79,4925,3112,0,0,3,1.8561,1,16.2,0,3108,4.56,0.9892,3145.9,4,1.0,57,0,2,1100,0.001347,0.0321,13.3333,78,41.2,0.0191,0.0057,0,0,0,0,0.073718,0.015625,38,0.788,3.1297,0.4038,24,2,31,830,1240,488,0.001,0.999,2934.7,1.7
80,4925,3153,1,4,3,1.8169,1,16.3,3150,0,4.57,1.0038,3147.2,9,1.0,59,6,4,1114,0.001195,0.0407,22.8571,79,40.6,0.019,0.0073,0,0,0,0,0.051491,0.015625,40,0.6965,3.1601,0.4032,23,3,33,790,1237,551,0.0009,0.9991,2848.2,1.8
81,4923,3166,1,5,3,1.7897,1,16.2,3171,0,4.57,1.0091,3150.2,8,1.0,58,1,2,1110,0.001257,0.0391,23.2558,80,42.1,0.0186,0.0076,1,1,0,0,0.075419,0.015625,40,0.7928,3.216,0.4028,24,2,32,826,1241,523,0.0009,0.9991,2854.4,1.9
82,4923,3048,2,5,3,1.7445,2,16.2,7,3036,4.54,0.9706,3140.5,12,1.0,58,2,2,1105,0.001339,0.0452,36.9231,81,43.0,0.0182,0.009,1,0,0,0,0.084337,0.015625,40,0.8147,3.2551,0.4027,24,2,32,747,1248,474,0.0008,0.9992,2713.6,2.2
83,4923,3148,3,5,3,1.8029,2,16.3,3143,0,4.57,1.0056,3142.3,17,1.0,58,3,3,1121,0.00137,0.0326,47.2222,82,41.1,0.018,0.0063,2,1,0,0,0.059783,0.015625,41,0.7386,3.2932,0.4014,23,2,33,842,1191,496,0.001,0.999,2912.6,1.8
84,4921,3162,0,0,3,1.8033,2,16.3,3167,0,4.57,1.0082,3145.1,4,1.0,56,0,2,1120,0.001381,0.0371,11.7302,83,43.3,0.0175,0.0074,0,1,0,0,0.077143,0.015625,41,0.7975,3.3503,0.4007,22,2,32,789,1239,519,0.0011,0.9989,3009.7,1.5
85,4919,3156,1,3,3,1.8309,1,16.2,3168,0,4.66,1.0075,3147.5,3,1.0,55,2,3,1109,0.00125,0.0434,0.0,84,43.6,0.0194,0.0073,0,0,0,0,0.067751,0.015625,41,0.7694,3.4072,0.4008,22,2,31,767,1302,493,0.0009,0.9991,2984.0,1.9
86,4918,3079,2,3,1,1.8674,1,16.2,1,3069,4.49,0.9803,3141.0,10,1.0,57,8,6,1136,0.001259,0.0341,24.024,85,42.8,0.0176,0.0064,0,0,0,0,0.065341,0.015625,43,0.7609,3.447,0.4004,22,3,32,777,1221,494,0.0009,0.9991,2912.0,1.8
87,4916,3132,1,3,1,1.9331,2,16.1,0,3128,4.58,0.9974,3140.1,4,1.0,57,3,3,1121,0.001287,0.0367,0.0,86,43.8,0.0197,0.0082,0,0,0,0,0.062992,0.015625,42,0.752,3.4732,0.3997,22,3,32,788,1262,487,0.0009,0.9991,2912.1,1.9
88,4916,2991,1,5,3,1.9586,2,16.1,0,2986,4.46,0.9568,3125.9,5,1.0,55,1,3,1112,0.001118,0.0329,15.528,87,46.3,0.0206,0.0075,1,1,0,0,0.068862,0.015625,41,0.7731,3.5032,0.3991,21,3,31,764,1176,491,0.001,0.999,3034.3,1.8
89,4913,3101,0,0,3,1.9713,2,16.1,3,3098,4.55,0.9928,3123.6,3,1.0,54,3,4,1100,0.001152,0.0409,6.4725,88,46.4,0.0193,0.0074,0,0,0,0,0.075472,0.015625,43,0.793,3.5441,0.3988,21,4,29,790,1209,507,0.0009,0.9991,2805.9,2.0
90,4912,3100,1,3,3,1.976,1,16.2,0,3100,4.59,0.9932,3121.3,0,1.0,54,1,1,1075,0.001138,0.0367,0.0,89,47.3,0.0197,0.0088,0,0,0,0,0.1,0.015625,40,0.8438,3.6141,0.3989,22,3,29,822,1244,496,0.0009,0.9991,2831.6,1.8
91,4908,3124,1,4,3,1.9656,1,16.2,3129,0,4.61,1.0034,3122.4,4,1.0,55,1,0,1089,0.001135,0.0414,11.4613,90,47.4,0.0196,0.0079,0,0,0,0,0.074586,0.015625,41,0.7905,3.661,0.3989,22,3,30,811,1217,496,0.0009,0.9991,2724.0,2.0
92,4906,3189,0,0,3,1.9391,2,16.2,3235,0,4.67,1.0325,3133.2,0,1.0,54,0,1,1081,0.001012,0.0471,0.0,91,49.3,0.0191,0.0081,0,0,0,0,0.067647,0.015625,41,0.769,3.7198,0.3985,22,2,30,773,1227,538,0.001,0.999,2726.8,2.0
93,4904,3043,4,5,3,1.971,1,16.4,6,3028,4.54,0.9739,3124.6,15,1.0,59,10,5,1155,0.001284,0.0453,44.3038,92,45.8,0.0176,0.0074,1,0,0,0,0.069486,0.015625,42,0.7751,3.7682,0.3984,23,1,35,757,1220,514,0.0012,0.9988,2871.4,1.5
94,4903,3118,0,0,1,1.9849,1,16.3,2,3111,4.5,0.9981,3123.9,7,1.0,59,2,2,1140,0.001142,0.0397,20.4678,93,46.0,0.0182,0.0067,0,0,0,0,0.073654,0.015625,41,0.7879,3.8418,0.3983,22,1,36,772,1248,532,0.0009,0.9991,2893.8,1.7
95,4902,3132,1,5,1,1.9347,1,23.2,3128,0,4.6,1.0026,3124.8,5,1.0,57,1,3,1145,0.001167,0.0376,13.8122,94,48.5,0.0179,0.0073,1,0,0,0,0.086022,0.015625,40,0.8184,3.9279,0.3984,22,1,34,806,1279,496,0.001,0.999,2708.2,2.1
96,4902,3082,2,5,2,1.8674,1,18.6,4,3073,4.59,0.9876,3120.7,9,1.0,59,2,0,1168,0.001215,0.0364,24.1287,95,47.8,0.0175,0.0075,1,0,0,0,0.05974,0.015625,40,0.7385,3.9564,0.3975,22,1,36,825,1188,490,0.001,0.999,3101.3,1.5
97,4898,3115,1,5,3,1.9165,2,16.4,2,3103,4.57,0.9983,3120.2,12,1.0,59,3,3,1203,0.001259,0.0331,29.3333,96,48.7,0.0177,0.0066,1,1,0,0,0.063613,0.015625,40,0.7544,4.0048,0.397,22,1,36,811,1268,470,0.0009,0.9991,2909.6,1.8
98,4896,3093,2,3,3,1.9367,2,16.1,5,3078,4.55,0.9921,3117.6,15,1.0,58,5,6,1182,0.001231,0.0444,37.464,97,49.6,0.0181,0.0079,0,1,0,0,0.063889,0.015625,42,0.7554,4.0576,0.3965,22,1,35,828,1228,490,0.0011,0.9989,2933.1,1.6
99,4895,3137,2,4,1,1.9008,2,16.5,3135,0,4.62,1.0077,3120.1,9,1.0,60,5,3,1177,0.001112,0.0317,22.0386,98,48.8,0.0173,0.0067,0,0,0,0,0.074074,0.015625,42,0.7891,4.1316,0.3963,22,2,36,794,1266,517,0.0011,0.9989,2778.2,1.8
100,4895,3063,0,0,1,1.8815,2,16.3,0,3063,4.52,0.9834,3114.7,0,1.0,58,0,2,1167,0.00118,0.0287,0.0,99,51.3,0.0179,0.0064,0,0,0,0,0.057471,0.015625,41,0.7281,4.1776,0.3957,21,1,36,801,1175,498,0.001,0.999,2993.6,1.8
101,4894,3137,1,5,3,1.84,1,16.3,3149,0,4.6,1.0111,3118.3,4,1.0,58,1,1,1162,0.001094,0.0333,11.5942,100,52.3,0.0181,0.0065,1,0,0,0,0.083333,0.015625,41,0.8125,4.2332,0.3957,21,1,36,816,1205,531,0.0009,0.9991,2899.6,1.8
102,4891,3080,1,4,3,1.9476,1,16.3,0,3076,4.59,0.9889,3114.7,4,1.0,58,2,2,1181,0.001129,0.0327,11.3314,101,53.2,0.0172,0.0067,0,0,0,0,0.073569,0.015625,42,0.7876,4.3067,0.3952,22,1,35,807,1205,484,0.001,0.999,2936.3,1.9
103,4889,3036,1,4,1,1.9258,2,16.3,0,3031,4.43,0.9771,3107.2,5,1.0,59,3,2,1181,0.000997,0.0351,14.1243,102,53.2,0.0173,0.0066,0,0,0,0,0.07027,0.015625,40,0.7776,4.3554,0.3956,22,1,36,767,1214,510,0.001,0.999,2894.6,1.8
104,4884,3079,1,5,3,1.8729,2,16.4,5,3069,4.54,0.9918,3104.5,10,1.0,60,1,0,1187,0.001071,0.0365,28.9017,103,53.3,0.0176,0.0073,1,0,0,0,0.064607,0.015625,40,0.7582,4.4088,0.3956,23,1,36,793,1218,499,0.0008,0.9992,2729.4,2.2
105,4882,3118,1,5,3,1.9491,2,16.3,3120,0,4.61,1.0074,3106.9,10,1.0,59,1,2,1192,0.001067,0.0276,26.3158,104,53.6,0.0173,0.0055,1,1,0,0,0.065163,0.015625,41,0.7602,4.4589,0.3957,23,2,34,832,1234,491,0.0009,0.9991,2950.2,2.0
106,4881,3136,1,5,3,1.9841,2,16.1,3149,0,4.64,1.0137,3111.4,5,1.0,57,1,3,1190,0.001163,0.0381,13.4409,105,56.3,0.0182,0.0073,1,0,0,0,0.06599,0.015625,40,0.7632,4.502,0.3953,22,3,32,848,1156,528,0.001,0.999,2767.9,1.9
107,4880,3107,0,0,3,1.9776,2,16.1,0,3107,4.56,0.9987,3111.0,0,1.0,57,0,0,1156,0.001036,0.0385,0.0,106,57.3,0.0187,0.0071,0,0,0,0,0.05641,0.015625,39,0.723,4.5584,0.3952,22,3,32,793,1246,519,0.0011,0.9989,3069.1,1.5
108,4879,2975,1,3,3,1.9884,1,16.0,3,2972,4.44,0.9603,3098.0,3,1.0,57,2,2,1172,0.001023,0.0375,9.772,107,58.2,0.0187,0.0065,0,1,0,0,0.05625,0.015625,40,0.7222,4.6147,0.3948,22,3,32,728,1193,512,0.001,0.999,2921.7,1.8
109,4879,3071,0,0,3,1.9928,1,16.1,0,3066,4.61,0.9921,3095.5,5,1.0,60,5,2,1167,0.000935,0.0306,14.3678,108,56.3,0.0177,0.0065,0,0,0,0,0.052925,0.015625,42,0.7048,4.6565,0.3941,23,4,33,795,1209,495,0.0013,0.9987,2794.3,2.0
110,4879,3107,0,0,3,1.9861,1,16.0,3110,0,4.57,1.0066,3097.6,8,1.0,61,3,2,1179,0.000936,0.0356,22.792,109,56.0,0.0175,0.0063,0,1,0,0,0.063014,0.015625,43,0.752,4.7058,0.3936,23,4,34,822,1224,529,0.0009,0.9991,2771.1,1.8
111,4878,3027,0,0,3,1.948,1,16.1,0,3027,4.47,0.9793,3090.9,0,1.0,58,0,3,1149,0.000935,0.0355,0.0,110,59.9,0.0179,0.0077,0,0,0,0,0.080645,0.015625,43,0.8063,4.7671,0.3938,22,4,32,764,1221,487,0.001,0.999,2893.0,1.6
112,4877,3138,0,0,3,1.9363,1,16.1,3161,0,4.61,1.0205,3097.6,0,1.0,55,0,3,1130,0.000807,0.0329,0.0,111,64.0,0.0185,0.0071,0,0,0,0,0.057534,0.015625,40,0.7284,4.8109,0.3935,22,2,31,850,1189,523,0.001,0.999,2695.6,2.2
113,4876,3082,0,0,3,1.9742,1,16.0,0,3082,4.56,0.9955,3096.1,0,1.0,55,0,0,1113,0.000783,0.0332,0.0,112,65.0,0.0192,0.0067,0,0,0,0,0.060423,0.015625,39,0.7414,4.8653,0.3936,22,2,31,777,1238,483,0.0009,0.9991,2857.9,1.9
114,4873,3106,1,3,3,1.9928,1,16.1,3109,0,4.55,1.0047,3097.6,3,1.0,55,2,2,1123,0.000767,0.0329,8.547,113,65.9,0.0189,0.0052,0,0,0,0,0.057534,0.015625,39,0.7284,4.9036,0.3937,23,1,31,792,1248,527,0.0011,0.9989,2963.9,1.6
115,4872,3112,0,0,3,1.9671,1,16.0,3112,0,4.61,1.0057,3099.4,5,1.0,55,5,5,1146,0.00072,0.0307,0.0,114,66.9,0.0177,0.0055,0,0,0,0,0.067039,0.015625,40,0.7669,4.9707,0.394,23,1,31,822,1227,483,0.001,0.999,2787.6,1.9
116,4872,3065,1,4,3,1.9656,1,16.1,3,3062,4.56,0.9899,3096.2,3,1.0,56,1,0,1127,0.000775,0.0367,9.375,115,66.7,0.019,0.0082,0,0,0,0,0.061162,0.015625,39,0.7445,5.0318,0.3945,24,1,31,814,1222,481,0.0011,0.9989,2571.9,2.1
117,4870,3098,1,5,1,1.9911,1,16.0,3092,0,4.6,1.0008,3096.4,7,1.0,57,3,2,1161,0.000904,0.037,13.624,116,66.5,0.0182,0.0069,1,0,0,0,0.063492,0.015625,40,0.7539,5.0662,0.3942,24,1,32,803,1251,501,0.001,0.999,2829.5,1.9
118,4868,3140,1,4,1,1.9837,2,16.1,3164,0,4.66,1.0197,3102.9,0,1.0,58,1,0,1158,0.000903,0.0384,0.0,117,66.4,0.0179,0.007,0,0,0,0,0.065753,0.015625,40,0.7624,5.1156,0.394,25,1,32,799,1273,502,0.001,0.999,2879.4,1.9
119,4864,3070,3,5,1,1.9713,2,16.0,10,3052,4.58,0.9904,3099.7,18,1.0,64,10,4,1226,0.001025,0.0412,46.6472,118,59.6,0.0163,0.0075,1,0,0,0,0.06044,0.015625,42,0.7415,5.1568,0.3937,26,3,35,794,1178,495,0.0013,0.9987,2831.8,1.6
120,4862,3126,1,4,1,1.9639,2,16.0,3141,0,4.63,1.0158,3104.9,13,1.0,63,1,2,1226,0.001042,0.0332,31.7848,119,61.4,0.0163,0.0068,0,0,0,0,0.06872,0.015625,41,0.7726,5.2113,0.3939,25,3,35,818,1242,521,0.0012,0.9988,2615.8,1.9
121,4859,3116,0,0,3,1.9747,2,16.0,3114,0,4.56,1.005,3106.5,8,1.0,62,3,4,1242,0.000938,0.0351,18.3727,120,63.4,0.0175,0.0074,0,0,0,0,0.072682,0.015625,42,0.785,5.2789,0.394,26,2,34,817,1249,507,0.001,0.999,2740.4,1.7
122,4857,3144,0,0,3,1.9261,1,16.1,3164,0,4.73,1.017,3112.1,1,1.0,60,1,3,1222,0.000844,0.0352,0.0,121,66.4,0.018,0.0069,0,0,0,0,0.055276,0.015625,43,0.7173,5.3342,0.3941,25,1,34,809,1269,485,0.0009,0.9991,2967.7,2.0
123,4853,3032,0,0,3,1.9313,1,15.9,0,3032,4.59,0.9767,3104.5,0,1.0,59,0,1,1184,0.000846,0.0329,0.0,122,66.8,0.0184,0.0064,0,1,0,0,0.068493,0.015625,40,0.7719,5.4027,0.3941,25,1,33,769,1252,465,0.0009,0.9991,2770.4,2.1
124,4850,2973,0,0,3,1.9841,1,16.0,0,2973,4.44,0.9615,3092.0,0,1.0,59,0,0,1184,0.000866,0.0308,0.0,123,67.8,0.0176,0.0072,0,0,0,0,0.073846,0.015625,40,0.7884,5.4765,0.394,25,1,33,811,1108,491,0.0009,0.9991,2911.1,1.9
125,4844,3137,1,5,3,1.918,1,15.9,3166,0,4.58,1.0231,3099.5,5,1.0,58,1,2,1178,0.000851,0.0366,13.6612,124,68.1,0.0185,0.0067,1,0,0,0,0.054974,0.015625,41,0.7158,5.5184,0.3937,25,1,32,801,1284,465,0.001,0.999,2930.9,2.0
126,4839,3088,1,4,1,1.9149,1,19.0,0,3088,4.6,0.9966,3098.4,0,1.0,58,1,1,1167,0.000874,0.0348,0.0,125,69.0,0.0179,0.0069,0,0,0,0,0.059701,0.015625,41,0.7383,5.5707,0.3935,25,1,32,807,1198,494,0.0008,0.9992,2863.6,2.1
127,4833,2975,0,0,1,1.919,2,16.9,0,2975,4.46,0.9638,3086.6,0,1.0,58,0,0,1164,0.000811,0.0315,0.0,126,70.0,0.0187,0.0061,0,0,0,0,0.060367,0.015625,41,0.7412,5.6258,0.3935,25,1,32,773,1189,459,0.0009,0.9991,2792.6,2.1
128,4831,2986,0,0,3,1.8678,1,15.7,3,2983,4.56,0.9704,3077.1,3,1.0,60,3,1,1179,0.000781,0.0349,9.0634,127,68.6,0.0178,0.0078,0,0,0,0,0.055233,0.015625,42,0.7171,5.681,0.3933,26,1,33,761,1215,487,0.001,0.999,2858.2,1.9
129,4830,3102,1,4,3,1.8752,1,15.7,3133,0,4.6,1.0176,3082.8,4,1.0,59,1,2,1187,0.00075,0.0317,10.8401,128,70.7,0.0182,0.0065,0,0,0,0,0.07672,0.015625,43,0.7963,5.7286,0.393,25,1,33,806,1233,508,0.001,0.999,2802.0,2.0
130,4828,3052,0,0,3,1.802,1,15.6,4,3048,4.56,0.991,3079.8,4,1.0,58,0,1,1173,0.000725,0.0316,11.8343,129,72.9,0.0176,0.0067,0,0,0,0,0.051724,0.015625,43,0.6979,5.7631,0.393,25,1,32,821,1171,516,0.0008,0.9992,2834.3,2.3
131,4825,3075,2,5,3,1.7909,1,15.7,10,3060,4.59,0.9986,3079.4,15,1.0,60,4,2,1204,0.000944,0.0371,33.7662,130,71.5,0.017,0.0067,1,0,0,0,0.061881,0.015625,44,0.7475,5.8003,0.3925,26,1,33,832,1175,498,0.001,0.999,2814.9,2.0
132,4823,2958,1,5,3,1.8496,1,15.6,0,2953,4.44,0.9642,3067.8,5,1.0,61,1,0,1216,0.000979,0.0418,13.369,131,71.3,0.0171,0.0071,1,0,0,0,0.070496,0.015625,43,0.7784,5.8446,0.3922,26,1,34,748,1178,482,0.0009,0.9991,2961.1,1.9
133,4823,3075,0,0,3,1.7296,2,15.7,3078,0,4.6,1.0045,3069.3,5,1.0,60,0,1,1216,0.000906,0.0407,13.8122,132,73.2,0.0174,0.0074,0,0,0,0,0.065041,0.015625,43,0.7598,5.8907,0.3921,25,1,34,785,1242,503,0.001,0.999,3032.2,1.6
134,4822,3079,1,5,3,1.8339,1,15.6,3075,0,4.57,1.0046,3070.8,10,1.0,60,1,1,1216,0.000817,0.0269,25.7069,133,74.2,0.0171,0.0059,1,0,0,0,0.0489,0.015625,44,0.6805,5.9396,0.3919,25,1,34,794,1234,501,0.0011,0.9989,2884.3,1.7
135,4822,3086,0,0,3,1.9219,1,22.8,3095,0,4.64,1.0071,3073.1,0,1.0,60,0,0,1199,0.000765,0.0322,0.0,134,75.2,0.0174,0.0063,0,0,0,0,0.058981,0.015625,44,0.7351,5.9986,0.3917,25,1,34,822,1192,480,0.0011,0.9989,2994.7,1.6
136,4821,3121,1,5,3,1.825,1,21.0,3153,0,4.6,1.0255,3081.3,7,1.0,63,3,0,1223,0.000915,0.0327,17.9949,135,72.5,0.0162,0.0061,1,0,0,0,0.060302,0.015625,45,0.7409,6.0363,0.3913,25,1,37,789,1198,526,0.001,0.999,2969.4,1.7
137,4820,3055,0,0,3,1.4855,1,15.7,5,3050,4.56,0.9923,3078.8,5,1.0,62,0,1,1222,0.000853,0.0308,13.2275,136,74.7,0.0169,0.0057,0,0,0,0,0.05641,0.015625,45,0.723,6.0645,0.391,25,1,36,798,1236,499,0.0009,0.9991,2835.6,2.0
138,4818,3012,2,5,1,1.6729,1,15.7,5,2999,4.51,0.9803,3072.5,13,1.0,64,3,1,1255,0.000931,0.0308,29.703,137,73.3,0.0166,0.0064,1,0,0,0,0.059242,0.015625,47,0.7362,6.1071,0.3906,25,1,38,815,1172,474,0.0011,0.9989,2815.0,1.6
139,4818,3099,2,5,3,1.8474,1,15.6,3110,0,4.67,1.014,3077.0,10,1.0,64,2,2,1277,0.000896,0.0334,24.7525,138,72.1,0.0161,0.0066,1,0,0,0,0.054893,0.015625,47,0.7154,6.162,0.3899,24,1,39,793,1280,474,0.0011,0.9989,2879.7,1.8
140,4818,3052,1,5,3,1.9015,2,15.7,5,3047,4.55,0.9926,3074.6,5,1.0,65,1,0,1285,0.000857,0.0313,13.624,139,72.0,0.0158,0.0064,1,0,0,0,0.057441,0.015625,46,0.728,6.1881,0.389,25,1,39,763,1272,488,0.001,0.9991,2831.1,2.0
141,4817,2985,2,5,3,1.9542,2,15.6,3,2977,4.57,0.9736,3066.1,8,1.0,67,2,0,1317,0.000902,0.0354,19.5599,140,70.8,0.0159,0.0067,1,0,0,0,0.049528,0.015625,47,0.6845,6.2259,0.3885,25,1,41,793,1162,457,0.001,0.999,2946.1,1.7
142,4817,3067,2,5,3,1.9589,2,15.7,3059,0,4.57,1.0003,3066.2,8,1.0,67,3,3,1355,0.000931,0.0324,10.7103,141,71.8,0.015,0.0066,1,0,0,0,0.043981,0.015625,47,0.6447,6.2675,0.3877,26,1,40,804,1211,496,0.0009,0.9991,2816.5,2.0
143,4817,3078,1,5,3,1.9589,2,15.6,3078,0,4.58,1.005,3067.8,5,1.0,67,1,1,1347,0.000839,0.0313,12.7226,142,72.7,0.0152,0.0063,1,0,0,0,0.060241,0.015625,46,0.7406,6.294,0.3872,26,1,40,779,1226,496,0.001,0.999,3002.5,1.8
144,4815,3028,1,5,3,1.8779,2,15.7,3,3020,4.58,0.9883,3064.0,8,1.0,68,4,3,1364,0.000877,0.0314,10.18,143,72.6,0.0155,0.0066,1,0,0,0,0.056054,0.015625,47,0.7212,6.3232,0.3869,26,1,41,808,1184,493,0.001,0.999,2853.5,1.9
145,4814,3079,4,5,3,1.9728,2,15.7,3072,0,4.62,1.01,3067.2,26,1.0,73,8,3,1422,0.000866,0.0271,52.0607,144,68.6,0.0143,0.0053,3,0,0,0,0.05625,0.015625,50,0.7222,6.3503,0.3862,27,2,44,809,1236,442,0.0011,0.9989,2764.4,2.0
146,4813,3070,2,4,3,1.9735,2,15.7,3058,0,4.57,1.0014,3067.7,14,1.0,75,5,3,1431,0.000973,0.0257,28.6885,145,67.1,0.0134,0.0049,0,0,0,0,0.055446,0.015625,50,0.7182,6.3919,0.3855,28,2,45,756,1254,488,0.0011,0.9989,2850.8,1.7
147,4811,3026,0,0,3,1.9781,2,15.6,4,3022,4.54,0.9877,3063.7,4,1.0,74,1,2,1432,0.000838,0.0251,8.6393,146,68.9,0.0139,0.0045,0,0,0,0,0.052192,0.015625,49,0.7006,6.4357,0.385,28,2,44,796,1202,479,0.001,0.999,2759.8,2.0
148,4811,3060,1,4,3,1.9735,1,15.7,6,3054,4.62,0.9989,3063.4,6,1.0,75,1,0,1434,0.000866,0.0284,13.5747,147,69.0,0.0137,0.0056,0,0,0,0,0.061135,0.015625,48,0.7444,6.4772,0.3846,29,2,44,799,1235,477,0.0009,0.9991,2865.2,1.9
149,4809,3017,0,0,3,1.9668,1,15.6,3,3014,4.5,0.9863,3058.9,3,1.0,74,0,1,1421,0.000875,0.0262,7.335,148,69.9,0.0141,0.0051,0,1,0,0,0.059524,0.015625,47,0.7375,6.5296,0.3843,29,2,43,794,1204,479,0.0009,0.9991,2893.3,1.9
150,4809,3047,2,5,1,1.9626,1,15.8,10,3033,4.57,0.9965,3057.8,14,1.0,75,4,3,1471,0.000942,0.0261,27.3349,149,69.9,0.0135,0.0052,2,0,0,0,0.054466,0.015625,47,0.7131,6.5775,0.3835,29,2,44,791,1212,507,0.001,0.999,2797.0,1.9
151,4809,3059,1,5,1,1.9499,1,15.7,3050,0,4.57,1.0006,3058.0,10,1.0,76,3,2,1475,0.000883,0.0249,17.3913,150,69.9,0.0137,0.0056,1,0,0,0,0.051867,0.015625,48,0.6987,6.6107,0.3826,29,2,45,795,1220,478,0.0011,0.9989,2940.5,1.7
152,4808,2995,1,3,3,1.9075,2,15.7,4,2991,4.53,0.9813,3052.0,4,1.0,77,3,2,1481,0.000718,0.0263,4.6729,151,70.0,0.0135,0.0055,0,0,0,0,0.04386,0.015625,48,0.6438,6.6458,0.3821,29,3,45,783,1143,496,0.0012,0.9988,2890.5,1.9
153,4808,2989,1,5,3,1.9629,2,15.6,0,2984,4.56,0.9813,3046.0,5,1.0,76,1,2,1490,0.000798,0.0254,11.0865,152,71.8,0.0139,0.0051,1,1,0,0,0.067797,0.015625,49,0.7695,6.6818,0.3816,29,3,44,809,1200,416,0.001,0.999,2758.5,1.8
154,4808,3066,0,0,3,1.9687,2,15.7,3072,0,4.61,1.0086,3048.8,3,1.0,77,3,2,1466,0.000736,0.0293,6.8807,153,71.8,0.0137,0.0049,0,0,0,0,0.042793,0.015625,49,0.6349,6.7246,0.3811,30,3,44,801,1215,496,0.0009,0.9991,2899.8,1.9
155,4803,2943,2,3,3,1.9202,1,15.6,0,2940,4.51,0.9685,3038.7,3,1.0,78,3,2,1491,0.000743,0.0313,4.717,154,71.9,0.0137,0.0065,0,0,0,0,0.049217,0.015625,50,0.6825,6.7582,0.3802,31,3,44,771,1120,459,0.001,0.999,2782.4,1.7
156,4801,3051,3,4,3,1.9926,1,15.7,3047,0,4.59,1.0063,3040.7,13,1.0,84,9,3,1535,0.000691,0.024,28.0778,155,67.6,0.0125,0.0049,0,0,0,0,0.075848,0.015625,50,0.794,6.7941,0.3796,30,7,47,733,1256,500,0.0014,0.9986,2783.4,1.7
157,4801,3020,2,5,3,1.9926,2,15.6,15,3005,4.51,0.9938,3038.8,15,1.0,84,4,4,1555,0.000854,0.0308,28.1385,156,68.6,0.0126,0.0054,1,0,0,0,0.067762,0.015625,49,0.7694,6.8351,0.379,29,7,48,799,1231,465,0.0009,0.9991,2729.9,2.0
158,4801,3084,1,5,3,1.9774,2,15.8,3090,0,4.68,1.0206,3045.3,18,1.0,82,1,3,1544,0.0008,0.026,38.3795,157,71.2,0.0124,0.005,1,0,0,0,0.052,0.015625,50,0.6995,6.8491,0.3782,30,5,47,811,1233,481,0.001,0.999,2846.2,1.9
159,4800,3011,1,5,3,1.9562,2,15.7,9,2993,4.47,0.9898,3042.1,18,1.0,82,1,1,1548,0.000689,0.0241,38.3795,158,72.2,0.0128,0.0048,1,0,0,0,0.050302,0.015625,50,0.6894,6.8693,0.3777,30,4,48,775,1168,500,0.0012,0.9988,2848.6,1.8
160,4797,3074,0,0,3,1.918,2,15.6,3084,0,4.6,1.0154,3047.0,10,1.0,78,0,4,1515,0.000781,0.0317,20.8333,159,76.0,0.0128,0.0058,0,0,0,0,0.051587,0.015625,49,0.6971,6.897,0.3776,29,2,47,791,1191,489,0.001,0.999,2926.2,1.8
161,4792,3133,1,5,3,1.9698,1,15.6,3185,0,4.73,1.0437,3061.1,10,1.0,79,1,0,1511,0.000679,0.0289,20.0803,160,76.0,0.0133,0.0051,1,0,0,0,0.057803,0.015625,49,0.7297,6.9375,0.3774,29,2,48,792,1280,494,0.001,0.999,3083.4,1.8
162,4791,3104,0,0,3,1.9037,1,15.6,3125,0,4.67,1.0212,3068.0,8,1.0,80,2,1,1518,0.000672,0.0253,16.2602,161,76.1,0.0134,0.0051,0,0,0,0,0.05653,0.015625,49,0.7236,6.9843,0.377,30,2,48,785,1244,503,0.001,0.999,2843.4,1.9
163,4787,2946,0,0,3,1.7652,1,15.6,0,2941,4.51,0.9639,3056.3,5,1.0,78,0,2,1515,0.000679,0.0272,10.846,162,78.8,0.0127,0.0059,0,1,0,0,0.066946,0.015625,49,0.7666,7.0512,0.3766,29,2,47,757,1170,451,0.0009,0.9991,2746.9,2.1
164,4786,2921,2,5,1,1.9219,1,15.5,5,2912,4.45,0.9598,3043.5,9,1.0,80,4,2,1528,0.000626,0.0225,16.9492,163,77.8,0.0127,0.0044,1,0,0,0,0.04918,0.015625,48,0.6823,7.0922,0.3763,29,2,49,727,1152,466,0.001,0.999,2951.6,1.8
165,4784,3090,0,0,1,1.9363,1,22.7,3114,0,4.63,1.0209,3050.2,0,1.0,80,0,0,1523,0.000708,0.0256,0.0,164,78.8,0.0131,0.0055,0,0,0,0,0.055556,0.015625,48,0.7188,7.1221,0.376,29,2,49,766,1270,503,0.001,0.999,2983.2,1.7
166,4784,3007,1,5,0,1.9401,1,22.7,9,2998,4.57,0.9872,3046.1,9,1.0,80,5,5,1569,0.000652,0.0273,15.4525,165,79.5,0.0131,0.0053,1,1,0,0,0.056723,0.015625,50,0.7245,7.1557,0.3757,30,2,48,765,1244,455,0.001,0.999,2764.4,2.0
167,4782,2993,2,5,1,1.9142,1,20.9,4,2984,4.58,0.9842,3041.0,9,1.0,80,2,2,1512,0.000727,0.0258,19.9115,166,78.7,0.013,0.005,2,1,0,0,0.051502,0.015625,47,0.6966,7.2073,0.3755,29,2,49,848,1146,446,0.0011,0.9989,2756.4,1.9
168,4782,3004,0,0,3,1.8739,2,15.5,0,2999,4.54,0.989,3037.5,5,1.0,76,0,4,1490,0.000754,0.0265,11.5741,167,83.2,0.0139,0.0055,0,2,0,0,0.055188,0.015625,45,0.7169,7.2536,0.3751,28,2,46,767,1204,493,0.0011,0.9989,2860.3,1.7
169,4780,3082,0,0,3,1.8066,1,15.5,3099,0,4.64,1.0198,3043.8,5,1.0,76,0,0,1472,0.000713,0.0292,10.917,168,84.2,0.0138,0.0053,0,0,0,0,0.060543,0.015625,45,0.7419,7.3079,0.3749,28,2,46,794,1231,460,0.001,0.999,2804.4,2.1
170,4780,3056,0,0,3,1.8164,1,15.5,3060,0,4.56,1.0048,3045.4,0,1.0,75,0,1,1463,0.000547,0.0269,0.0,169,84.9,0.0137,0.005,0,0,0,0,0.062112,0.015625,45,0.7484,7.37,0.3749,28,2,45,782,1181,520,0.001,0.999,2793.0,2.3
171,4780,2983,0,0,3,1.8322,1,15.5,0,2983,4.59,0.9814,3039.4,0,1.0,74,0,1,1453,0.00059,0.0283,0.0,170,84.8,0.014,0.0051,0,0,0,0,0.058586,0.015625,45,0.7333,7.4286,0.3748,27,2,45,786,1199,483,0.001,0.999,3042.7,1.9
172,4779,2946,1,3,3,1.8215,1,15.6,0,2941,4.45,0.9721,3030.5,5,1.0,75,4,3,1469,0.000552,0.0243,9.3897,171,84.6,0.0137,0.0053,0,0,0,0,0.05298,0.015625,45,0.7051,7.4573,0.3746,27,2,46,734,1174,443,0.001,0.999,2815.9,1.9
173,4776,2952,0,0,3,1.9401,1,15.4,0,2947,4.49,0.9765,3023.0,5,1.0,75,0,0,1462,0.000578,0.0271,9.3677,172,85.6,0.0139,0.0055,0,0,0,0,0.063348,0.015625,45,0.7533,7.5206,0.3747,27,2,46,757,1157,473,0.0009,0.9991,2888.0,2.1
174,4775,3039,0,0,3,1.9785,1,15.5,3042,0,4.59,1.0069,3025.2,4,1.0,75,0,0,1462,0.00056,0.0282,6.5934,173,86.6,0.0134,0.0053,0,0,0,0,0.075922,0.015625,45,0.7942,7.5532,0.3747,27,2,46,779,1209,485,0.0011,0.9989,2893.7,1.8
175,4775,2955,1,3,3,1.9505,1,15.4,0,2951,4.51,0.9789,3018.5,4,1.0,77,3,1,1474,0.000536,0.0246,8.547,174,85.4,0.0134,0.0051,0,0,0,0,0.061475,0.015625,46,0.7458,7.6146,0.3745,27,3,47,788,1183,458,0.001,0.999,2850.9,1.9
176,4775,3031,0,0,3,1.9772,1,15.5,3035,0,4.55,1.0064,3020.6,5,1.0,79,5,3,1490,0.000532,0.0244,10.5708,175,84.2,0.0134,0.0048,0,0,0,0,0.050916,0.015625,46,0.6931,7.6574,0.3745,28,2,49,750,1213,475,0.0011,0.9989,2714.2,1.9
177,4775,3021,3,5,3,1.9853,1,15.5,3002,0,4.58,1.0001,3020.6,19,1.0,83,8,4,1534,0.000617,0.0259,37.2549,176,81.0,0.0124,0.0051,1,0,0,0,0.061111,0.015625,46,0.7443,7.7185,0.3743,29,3,51,778,1239,470,0.0012,0.9988,2872.5,1.8
178,4774,2978,0,0,3,1.9799,1,15.5,4,2955,4.55,0.9872,3016.6,23,1.0,86,8,5,1527,0.000607,0.0274,50.9978,177,79.1,0.0123,0.0053,0,0,0,0,0.061053,0.015625,47,0.7441,7.7796,0.3742,30,4,52,780,1182,449,0.0011,0.9989,2533.9,1.9
179,4774,3043,0,0,3,1.9678,1,15.6,3037,0,4.59,1.0103,3019.8,14,1.0,82,0,4,1497,0.000555,0.0355,29.2276,178,82.1,0.0124,0.0054,0,1,0,0,0.067061,0.015625,47,0.767,7.8466,0.3741,30,3,49,777,1242,501,0.0009,0.9991,2634.0,2.1
180,4774,2972,1,3,3,1.9975,1,15.5,4,2965,4.55,0.9856,3015.3,7,1.0,80,4,6,1497,0.000576,0.0317,13.4228,179,82.9,0.0127,0.0058,0,1,0,0,0.059197,0.015625,48,0.736,7.8932,0.3738,30,3,47,753,1187,494,0.0012,0.9988,2741.8,2.0
181,4773,3005,1,4,3,1.918,1,15.6,4,3001,4.55,0.9969,3014.3,4,1.0,81,1,0,1483,0.000635,0.0283,9.009,180,82.9,0.0123,0.0057,0,0,0,0,0.061002,0.015625,46,0.7439,7.9542,0.3736,31,3,47,755,1193,478,0.0009,0.9991,2959.3,1.7
182,4771,3076,3,5,3,1.9839,2,15.5,3103,0,4.66,1.0301,3023.9,12,1.0,84,5,2,1519,0.000535,0.023,23.9044,181,80.9,0.0122,0.0044,1,0,0,0,0.065134,0.015625,49,0.7601,8.0193,0.3735,31,4,49,802,1199,507,0.001,0.999,2750.7,1.9
183,4771,2922,0,0,3,1.9737,2,15.6,10,2907,4.48,0.9694,3014.2,15,1.0,85,7,6,1548,0.000676,0.0269,26.5306,182,80.9,0.0124,0.0052,0,0,0,0,0.061538,0.015625,52,0.7461,8.0808,0.3732,31,5,49,772,1182,455,0.0012,0.9988,2854.9,1.8
184,4771,2984,0,0,3,1.9416,1,15.4,5,2979,4.61,0.9909,3011.3,5,1.0,83,2,4,1528,0.000569,0.0252,8.9686,183,83.7,0.0121,0.005,0,0,0,0,0.063025,0.015625,50,0.7521,8.1439,0.373,31,4,48,824,1125,476,0.0009,0.9991,2825.4,1.8
185,4768,2995,2,3,3,1.9293,1,15.5,5,2987,4.63,0.9951,3009.8,8,1.0,82,3,4,1508,0.000502,0.0222,8.8865,184,85.7,0.0122,0.0042,0,0,0,0,0.058468,0.015625,48,0.7328,8.1983,0.3729,31,3,48,771,1199,479,0.0011,0.9989,2726.0,1.9
186,4767,3064,1,3,3,1.9078,1,15.5,3087,0,4.54,1.0259,3018.0,9,1.0,81,5,6,1505,0.000551,0.0254,18.4805,185,87.4,0.0131,0.0051,0,0,0,0,0.054688,0.015625,49,0.7143,8.2452,0.3726,31,3,47,773,1225,535,0.0011,0.9989,2757.8,1.9
187,4767,2993,1,5,3,1.6899,2,15.6,18,2975,4.6,0.9925,3015.6,18,1.0,82,7,6,1523,0.000609,0.0263,36.1702,186,85.5,0.0123,0.0048,1,1,0,0,0.052525,0.015625,48,0.7025,8.2916,0.3723,32,3,47,831,1137,487,0.001,0.999,2707.3,1.7
188,4766,3069,1,4,3,1.4681,2,15.4,3104,0,4.66,1.0288,3024.8,8,1.0,83,1,0,1521,0.000617,0.0309,16.129,187,85.5,0.013,0.0055,0,0,0,0,0.067568,0.015625,49,0.7688,8.338,0.372,32,3,48,795,1237,517,0.001,0.999,2725.0,1.9
189,4762,3054,1,4,1,1.5546,2,15.5,3064,0,4.59,1.0141,3029.3,8,1.0,82,1,2,1515,0.000605,0.0223,17.094,188,87.4,0.0126,0.0045,0,0,0,0,0.058704,0.015625,49,0.7338,8.3906,0.3716,31,3,48,774,1194,494,0.001,0.999,2857.8,1.7
190,4761,2962,2,5,1,1.585,2,15.1,11,2951,4.54,0.9799,3022.9,11,1.0,85,6,3,1559,0.000599,0.0249,23.6559,189,85.2,0.0122,0.0048,1,0,0,0,0.060291,0.015625,49,0.7408,8.4259,0.3712,32,3,50,774,1150,470,0.0011,0.9989,2680.5,1.9
191,4761,3065,0,0,3,1.5715,2,15.1,3091,0,4.66,1.0224,3030.0,7,1.0,82,0,3,1559,0.000565,0.0227,14.0281,190,89.2,0.0128,0.0046,0,1,0,0,0.049149,0.015625,49,0.6821,8.46,0.3709,31,3,48,806,1212,499,0.0008,0.9992,2598.6,2.3
192,4761,2944,4,4,3,1.6879,1,15.0,10,2924,4.55,0.9742,3021.8,20,1.0,91,11,2,1573,0.000558,0.0251,41.3223,191,81.3,0.0116,0.0052,0,0,0,0,0.06383,0.015625,50,0.7552,8.5025,0.3704,35,6,50,747,1243,420,0.001,0.999,2641.1,1.9
193,4760,3074,0,0,3,1.7871,1,15.1,3081,0,4.63,1.0219,3028.8,14,1.0,90,3,4,1574,0.000599,0.0259,25.6917,192,83.1,0.0113,0.0052,0,0,0,0,0.053604,0.015625,51,0.7085,8.545,0.3697,34,6,50,832,1182,487,0.0009,0.9991,2833.0,1.8
194,4758,3063,1,5,3,1.8194,1,14.8,3074,0,4.64,1.0168,3034.2,11,1.0,83,1,8,1541,0.000575,0.0211,24.3363,193,88.9,0.0123,0.0048,1,1,0,0,0.05074,0.015625,48,0.6921,8.5852,0.3693,32,4,47,800,1195,489,0.001,0.999,2716.8,1.9
195,4756,2986,0,0,3,1.8458,1,14.7,10,2976,4.58,0.9856,3029.6,10,1.0,84,5,4,1542,0.000544,0.026,21.0084,194,88.8,0.0123,0.005,0,0,0,0,0.054,0.015625,48,0.7106,8.6252,0.3689,32,5,47,790,1098,512,0.0008,0.9992,2713.2,2.1
196,4754,3067,1,5,3,1.898,1,14.6,3073,0,4.67,1.0168,3034.9,13,1.0,83,1,2,1542,0.000565,0.0246,20.2952,195,90.8,0.0129,0.0047,1,0,0,0,0.047368,0.015625,49,0.6701,8.6638,0.3685,33,3,47,793,1254,456,0.0009,0.9991,2865.2,2.0
197,4753,3085,2,5,3,1.8425,1,14.6,3102,0,4.69,1.0232,3042.4,11,1.0,80,2,5,1519,0.000605,0.0261,21.4844,196,94.4,0.0129,0.0052,1,1,0,0,0.063433,0.015625,51,0.7537,8.7272,0.3682,30,4,46,770,1217,502,0.0011,0.9989,2756.7,1.9
198,4751,3017,2,3,3,1.8769,2,14.2,8,3004,4.66,0.9924,3040.0,13,1.0,80,2,2,1510,0.000616,0.0275,24.6407,197,93.7,0.0133,0.0054,0,1,0,0,0.047151,0.015625,50,0.6686,8.7744,0.3679,30,4,46,735,1212,481,0.001,0.999,2775.7,2.1
199,4750,3084,1,4,3,1.8628,2,14.3,3096,0,4.65,1.0202,3046.4,12,1.0,81,5,4,1507,0.000676,0.0264,25.2101,198,91.6,0.0127,0.0051,0,1,0,0,0.052738,0.015625,51,0.7037,8.8068,0.3674,31,4,46,806,1203,521,0.001,0.999,2769.4,1.8
200,4748,3055,0,0,3,1.9067,2,13.9,3055,0,4.68,1.0034,3047.5,3,1.0,80,0,1,1496,0.000511,0.027,6.4935,199,93.5,0.0128,0.0058,0,0,0,0,0.053942,0.015625,50,0.7103,8.8545,0.3672,31,3,46,791,1293,436,0.001,0.999,2781.5,1.8
