window,alive_nodes,alive_links,n_clusters,max_size,k_star,entropy,milestone,physics_seconds,stressed,calcified,mean_omega,stress_intensity,link_ema,total_rplus,budget,v_labels,v_born,v_died,v_torque_n,v_mean_torque,v_top_share,v_label_rplus_rate,v_oldest_age,v_mean_age,v_mean_share_5node,v_share_std,v_births_5node,v_deaths_5node,macro_nodes_active,compressed_links_removed,occ_max,occ_mean,occ_nonzero,vacancy_mean,history_max,history_gini,lw_n_oasis,lw_n_penalty,lw_n_neutral,lw_edge_oo,lw_edge_op,lw_edge_pp,thaw_mean_jaccard,thaw_mean_pressure,thaw_mean_add,thaw_mean_drop,thaw_mean_range,fb_died_share,fb_ema,fb_ratio,fb_multiplier,fb_warmup
1,5000,5966,14,5,0,1.9986,0,18.4,0,0,6.57,1.0,5966.0,581,1.0,365,556,191,1991,0.000992,0.0072,415.8912,0,0.0,0.0066,0.0011,1,0,0,0,0.042378,0.015625,64,0.6313,0.0424,0.2881,102,198,65,2063,1383,1417,1.0,0.0,0,0,0,0.00055,0.00055,1.0,1.0,1
2,5000,4164,2,5,0,1.9988,0,20.9,442,3702,5.61,0.8746,4770.0,462,1.0,349,15,31,2046,0.001099,0.0079,363.4933,1,1.0,0.0045,0.0013,1,0,0,0,0.038159,0.015625,64,0.5905,0.0805,0.2784,104,181,64,1317,1328,784,1.0,0.0,0,0,0,0.007268,0.005029,1.4453,1.0,1
3,5000,3552,0,0,1,1.9988,0,16.8,287,3288,5.09,0.8575,4175.0,264,1.0,290,4,63,1985,0.001114,0.009,275.0,2,1.9,0.0073,0.0015,0,0,0,0,0.04727,0.015625,64,0.6695,0.1278,0.277,96,139,55,963,1273,653,1.0,0.0,0,0,0,0.031785,0.018407,1.7268,1.0,1
4,5000,3301,0,0,0,1.9988,0,16.6,93,3228,4.78,0.8663,3833.4,73,1.0,177,0,113,1711,0.001354,0.0144,116.242,3,2.9,0.0085,0.0028,0,0,0,0,0.047182,0.015625,63,0.6688,0.175,0.2789,79,64,34,893,1263,514,1.0,0.0,0,0,0,0.093054,0.048266,1.9279,1.0,1
5,5000,3180,0,0,3,1.9988,0,16.5,9,3178,4.58,0.8809,3617.9,2,1.0,153,0,24,1253,0.001889,0.0258,4.4643,4,3.9,0.0204,0.004,0,0,0,0,0.051502,0.015625,59,0.6966,0.2265,0.2846,72,51,30,812,1286,477,1.0,0.0,0,0,0,0.0,0.032177,0.0,1.0,1
6,5000,3259,4,5,0,1.9987,0,17.8,13,3246,4.64,0.9271,3515.4,13,1.0,143,4,14,1236,0.001982,0.0295,32.5815,5,4.8,0.0221,0.0045,1,0,0,0,0.083538,0.015625,59,0.813,0.2781,0.3071,67,45,31,883,1243,512,1.0,0.0,0,0,0,0.0,0.022984,0.0,1.0,1
7,5000,3238,2,5,0,1.9967,1,19.8,0,3228,4.62,0.9396,3446.0,10,1.0,135,4,12,1209,0.001924,0.0248,25.8398,6,5.6,0.0205,0.0044,1,0,0,0,0.059553,0.015625,59,0.7376,0.3327,0.3121,62,42,31,837,1301,531,1.0,0.0,0,0,0,0.0,0.017238,0.0,1.0,1
8,5000,3257,0,0,1,1.9945,2,16.4,0,3252,4.63,0.9568,3404.0,5,1.0,121,0,14,1123,0.001928,0.0269,13.8122,7,6.6,0.0235,0.0051,0,0,0,0,0.077957,0.015625,58,0.7996,0.3898,0.3141,56,38,27,841,1283,519,1.0,0.0,0,0,0,0.0,0.013407,0.0,1.0,1
9,5000,3305,1,3,0,1.9978,1,16.4,1,3299,4.71,0.9766,3384.2,6,1.0,114,5,12,1077,0.001919,0.0251,17.4419,8,7.4,0.0132,0.0048,0,0,0,0,0.066852,0.015625,56,0.7663,0.4567,0.3196,53,32,29,849,1304,537,1.0,0.0,0,0,0,0.005571,0.01184,0.4705,1.0,1
10,5000,3275,0,0,3,1.9962,1,16.5,4,3266,4.67,0.9734,3364.4,9,1.0,110,9,13,1037,0.002051,0.0237,24.8447,9,7.9,0.0141,0.0049,0,0,0,0,0.073964,0.015625,56,0.7888,0.5188,0.3267,50,27,33,824,1291,556,1.0,0.0,0,0,0,0.002959,0.010225,0.2893,1.0,1
11,5000,3178,1,3,0,1.9952,1,16.5,3,3170,4.62,0.9534,3333.3,8,1.0,102,1,9,961,0.00201,0.0272,25.3968,10,8.9,0.0204,0.0052,0,0,0,0,0.072508,0.015625,54,0.7845,0.5853,0.3295,51,23,28,841,1238,506,1.0,0.0,0,0,0,0.0,0.008521,0.0,1.0,1
12,5000,3165,3,5,0,1.9861,1,16.5,12,3153,4.56,0.9569,3307.4,12,1.0,95,3,10,914,0.002227,0.0408,43.0108,11,9.6,0.0184,0.0062,1,0,0,0,0.071429,0.015625,55,0.7812,0.6567,0.3272,49,21,25,822,1240,521,1.0,0.0,0,0,0,0.0,0.00721,0.0,1.0,1
13,5000,3212,0,0,1,1.962,2,16.5,4,3208,4.62,0.9752,3293.8,4,1.0,88,4,11,917,0.002103,0.0311,3.5042,12,10.6,0.0201,0.0066,0,0,0,0,0.062284,0.015625,54,0.7491,0.719,0.326,46,20,22,794,1291,529,1.0,0.0,0,0,0,0.017301,0.008652,1.9998,1.0,1
14,5000,3171,1,5,0,1.92,1,16.5,4,3162,4.66,0.9675,3277.4,9,1.0,86,5,7,893,0.002237,0.0396,28.3019,13,11.2,0.0229,0.0075,1,0,0,0,0.091463,0.015625,55,0.8292,0.8104,0.328,46,17,23,804,1242,528,1.0,0.0,0,0,0,0.006098,0.008311,0.7337,1.0,1
15,5000,3205,0,0,0,1.9233,1,16.4,0,3205,4.62,0.9806,3268.4,0,1.0,80,0,6,844,0.002388,0.036,0.0,14,12.2,0.0228,0.0075,0,0,0,0,0.082734,0.015625,51,0.8111,0.8932,0.3322,41,17,22,776,1305,521,1.0,0.0,0,0,0,0.0,0.007272,0.0,1.0,1
16,5000,3082,2,5,3,1.8851,1,16.5,13,3069,4.39,0.9493,3246.4,13,1.0,81,5,4,879,0.002423,0.0381,45.9364,15,12.5,0.0234,0.0073,2,0,0,0,0.086505,0.015625,51,0.8194,0.952,0.3354,40,18,23,790,1224,501,1.0,0.0,0,0,0,0.0,0.006417,0.0,1.0,1
17,5000,3167,0,0,3,1.9457,1,16.5,3,3164,4.59,0.9782,3237.6,3,1.0,75,0,6,843,0.002316,0.0498,11.0701,16,13.5,0.0249,0.0075,0,0,0,0,0.088968,0.015625,50,0.8244,1.0123,0.3387,37,16,22,839,1221,535,1.0,0.0,0,0,0,0.003559,0.006099,0.5835,1.0,1
18,5000,3119,2,5,3,1.9822,1,17.9,10,3099,4.58,0.9671,3225.1,20,1.0,74,10,11,850,0.0027,0.0502,75.4717,17,12.5,0.0247,0.0088,2,0,0,0,0.071685,0.015625,49,0.782,1.0806,0.3408,35,14,25,820,1224,547,1.0,0.0,0,0,0,0.003584,0.005834,0.6143,1.0,1
19,5000,3175,1,5,3,1.976,1,19.0,6,3155,4.53,0.986,3220.1,20,1.0,71,4,7,847,0.002667,0.0377,68.1004,18,13.1,0.0258,0.0082,1,0,0,0,0.09589,0.015625,49,0.8371,1.1765,0.3436,34,14,23,840,1254,501,1.0,0.0,0,0,0,0.006849,0.005936,1.1539,1.0,1
20,5000,3246,2,5,3,1.9785,2,16.7,3249,0,4.55,1.014,3224.9,21,1.0,71,6,6,886,0.00256,0.0337,70.1754,19,13.7,0.0281,0.0089,1,0,0,0,0.063973,0.015625,49,0.7558,1.2304,0.3459,33,14,24,787,1319,565,1.0,0.0,0,0,0,0.013468,0.006653,2.0243,1.1024,0
21,5000,3113,0,0,3,1.9174,2,16.7,3,3100,4.5,0.9685,3214.2,13,1.0,65,3,9,854,0.002931,0.0436,49.0566,20,14.8,0.0264,0.009,0,0,0,0,0.076364,0.015625,45,0.7954,1.3067,0.3491,31,13,21,731,1268,494,1.0,0.0,0,0,0,0.010909,0.007059,1.5455,1.0546,0
22,5000,3199,0,0,3,1.8916,1,17.8,1,3193,4.5,0.9957,3212.8,6,1.0,58,1,8,825,0.002659,0.042,19.9203,21,17.0,0.0323,0.0103,0,1,0,0,0.091603,0.015625,45,0.8294,1.3983,0.3515,29,11,18,763,1269,554,1.0,0.0,0,0,0,0.026718,0.008931,2.9916,1.1992,0
23,5000,3208,1,3,0,1.8752,1,22.4,0,3208,4.54,0.9987,3212.3,0,1.0,58,1,1,744,0.002776,0.0427,0.0,22,17.7,0.026,0.0091,0,0,0,0,0.098291,0.015625,43,0.841,1.4966,0.3536,29,11,18,785,1268,522,1.0,0.0,0,0,0,0.0,0.00808,0.0,0.9,0
24,5000,3239,0,0,3,1.8669,1,16.5,3249,0,4.69,1.0106,3215.9,1,1.0,55,1,4,727,0.002142,0.0335,0.0,23,18.4,0.0251,0.0071,0,0,0,0,0.100418,0.015625,40,0.8444,1.597,0.3575,28,9,18,810,1306,527,1.0,0.0,0,0,0,0.004184,0.007709,0.5427,0.9543,0
25,5000,3125,0,0,3,1.9328,1,16.7,1,3124,4.5,0.9744,3207.2,1,1.0,52,1,4,696,0.002466,0.0645,0.0,24,19.3,0.0289,0.0131,0,0,0,0,0.087558,0.015625,39,0.8215,1.6616,0.3616,27,8,17,783,1239,516,1.0,0.0,0,0,0,0.004608,0.007414,0.6216,0.9622,0
26,4998,3142,0,0,3,1.8218,1,16.8,0,3142,4.45,0.9816,3201.0,0,1.0,49,0,3,665,0.002348,0.0558,0.0,25,20.4,0.0328,0.0113,0,0,0,0,0.090129,0.015625,38,0.8266,1.7517,0.3641,26,8,15,778,1276,501,1.0,0.0,0,0,0,0.0,0.006708,0.0,0.9,0
27,4998,3215,0,0,3,1.6751,1,16.6,3222,0,4.57,1.0059,3203.0,0,1.0,48,0,1,657,0.002104,0.0547,0.0,26,21.3,0.0326,0.0118,0,0,0,0,0.109453,0.015625,37,0.8572,1.8611,0.3697,25,8,15,831,1293,524,1.0,0.0,0,0,0,0.0,0.006069,0.0,0.9,0
28,4996,3206,0,0,3,1.7108,1,16.6,3209,0,4.63,1.0031,3204.1,5,1.0,48,5,5,651,0.00222,0.0446,25.2525,27,20.6,0.0279,0.0106,0,0,0,0,0.089109,0.015625,38,0.8247,1.9503,0.3714,24,8,16,810,1261,530,1.0,0.0,0,0,0,0.0,0.005491,0.0,0.9,0
29,4996,3085,0,0,3,1.8829,1,16.7,0,3080,4.53,0.9663,3192.7,5,1.0,47,0,1,641,0.002244,0.0423,27.3224,28,21.9,0.026,0.0104,0,0,0,0,0.137566,0.015625,37,0.8864,2.0878,0.375,24,7,16,818,1197,495,1.0,0.0,0,0,0,0.0,0.004968,0.0,0.9,0
30,4996,3175,2,5,3,1.8911,1,16.7,5,3165,4.58,0.995,3191.0,10,1.0,48,2,1,673,0.002339,0.0676,46.0829,29,21.8,0.0326,0.0128,2,0,0,0,0.121622,0.015625,37,0.8715,2.2094,0.3777,25,7,16,801,1244,552,1.0,0.0,0,0,0,0.0,0.004495,0.0,0.9,0
31,4996,3158,0,0,3,1.8765,1,16.7,0,3158,4.58,0.9906,3187.9,0,1.0,46,0,2,664,0.002367,0.0553,0.0,30,23.1,0.0337,0.013,0,0,0,0,0.087558,0.015625,36,0.8215,2.297,0.3792,25,6,15,794,1238,508,1.0,0.0,0,0,0,0.004608,0.004506,1.0228,1.0023,0
32,4995,3110,1,5,3,1.9125,1,16.4,0,3105,4.5,0.9778,3180.5,5,1.0,46,1,1,667,0.002763,0.055,25.5102,31,23.5,0.0321,0.0123,1,0,0,0,0.175,0.015625,35,0.9107,2.472,0.3832,25,7,14,763,1257,495,1.0,0.0,0,0,0,0.0,0.004077,0.0,0.9,0
33,4994,3186,0,0,3,1.981,1,16.4,3184,0,4.62,1.0033,3181.6,8,1.0,45,3,4,679,0.002391,0.0597,41.4508,32,24.1,0.0345,0.0134,0,0,0,0,0.134328,0.015625,35,0.8837,2.6063,0.3863,22,7,16,805,1265,504,1.0,0.0,0,0,0,0.014925,0.00511,2.9209,1.1921,0
34,4993,3143,1,4,1,1.981,1,16.3,4,3134,4.55,0.989,3177.9,9,1.0,45,1,1,682,0.003013,0.0524,43.9024,33,25.1,0.0279,0.0109,0,0,0,0,0.190476,0.015625,34,0.918,2.7968,0.3897,22,8,15,763,1234,554,1.0,0.0,0,0,0,0.004762,0.005077,0.938,0.9938,0
35,4993,3139,2,5,1,1.9211,1,16.3,9,3125,4.53,0.9889,3174.2,14,1.0,47,2,0,725,0.00279,0.0676,64.2202,34,25.0,0.0298,0.0137,2,0,0,0,0.130631,0.015625,36,0.8804,2.9274,0.392,22,8,17,803,1252,521,1.0,0.0,0,0,0,0,0.004593,0.0,0.9,0
36,4992,3135,0,0,1,1.9668,2,16.3,6,3129,4.45,0.9888,3170.5,6,1.0,45,2,4,735,0.002073,0.0461,18.9573,35,26.3,0.0276,0.0113,0,0,0,0,0.152074,0.015625,37,0.8973,3.0795,0.3956,22,7,16,753,1285,494,1.0,0.0,0,0,0,0.018433,0.005911,3.1183,1.2,0
37,4991,3193,0,0,0,1.8322,1,16.4,3207,0,4.63,1.0116,3174.3,4,1.0,43,0,2,685,0.00298,0.0476,19.5122,36,26.9,0.0307,0.0108,0,0,0,0,0.128571,0.015625,33,0.8785,3.2081,0.3995,20,7,16,785,1254,556,1.0,0.0,0,0,0,0.0,0.005348,0.0,0.9,0
38,4991,3107,0,0,0,1.864,1,16.4,0,3107,4.56,0.9808,3167.9,0,1.0,41,0,2,671,0.002068,0.0464,0.0,37,27.5,0.0277,0.01,0,0,0,0,0.128866,0.015625,31,0.8788,3.3369,0.403,19,6,16,788,1237,508,1.0,0.0,0,0,0,0.0,0.004839,0.0,0.9,0
39,4991,3170,1,5,0,1.8834,1,16.4,3167,0,4.59,1.0023,3168.7,9,1.0,44,5,2,719,0.002087,0.0601,39.6476,38,26.5,0.0311,0.0126,1,0,0,0,0.107296,0.015625,33,0.8544,3.4442,0.4061,21,6,17,784,1218,573,1.0,0.0,0,0,0,0.017167,0.006013,2.855,1.1855,0
40,4991,3155,1,4,3,1.944,1,16.4,1,3149,4.51,0.9961,3167.4,6,1.0,45,4,3,719,0.003228,0.0569,24.7525,39,25.9,0.0301,0.0118,0,0,0,0,0.094787,0.015625,31,0.8352,3.539,0.4104,21,4,20,765,1272,532,1.0,0.0,0,0,0,0.004739,0.005892,0.8044,0.9804,0
41,4991,3120,2,5,1,1.9358,2,16.4,6,3104,4.44,0.9864,3162.9,16,1.0,44,5,6,770,0.002582,0.0556,56.8431,40,27.4,0.0325,0.0135,1,0,0,0,0.141026,0.015625,34,0.8892,3.6801,0.4143,20,4,20,759,1279,519,1.0,0.0,0,0,0,0.029915,0.00818,3.6572,1.2,0
42,4991,3189,2,5,1,1.9359,2,16.5,3184,0,4.55,1.0103,3166.3,15,1.0,44,3,3,756,0.003008,0.0512,61.6114,41,27.6,0.0291,0.0112,1,0,0,0,0.106977,0.015625,34,0.8539,3.787,0.4169,21,4,19,792,1295,533,1.0,0.0,0,0,0,0.009302,0.008287,1.1226,1.0123,0
43,4991,3206,0,0,3,1.969,2,16.5,3236,0,4.63,1.023,3174.0,11,1.0,43,3,4,743,0.002687,0.0762,46.2963,42,27.4,0.0307,0.0123,0,0,0,0,0.089686,0.015625,32,0.8258,3.8767,0.4196,20,5,18,770,1288,569,1.0,0.0,0,0,0,0.013453,0.008779,1.5325,1.0532,0
44,4990,3075,1,5,1,1.9448,1,16.4,8,3058,4.46,0.9717,3164.6,17,1.0,43,6,6,761,0.002899,0.0524,73.7327,43,27.3,0.0299,0.0123,1,0,0,0,0.069869,0.015625,34,0.7764,3.9422,0.422,21,4,18,770,1204,544,1.0,0.0,0,0,0,0.026201,0.010438,2.5102,1.151,0
45,4988,3194,1,5,3,1.9986,1,16.6,3199,0,4.61,1.0121,3168.6,8,1.0,42,1,2,751,0.003037,0.0669,32.2581,44,27.9,0.0309,0.0129,1,0,0,0,0.125984,0.015625,32,0.876,4.0682,0.425,21,2,19,817,1257,515,1.0,0.0,0,0,0,0.003937,0.009819,0.401,0.9401,0
46,4987,3062,0,0,3,1.9827,2,16.7,0,3057,4.47,0.9695,3158.5,5,1.0,42,0,0,741,0.002452,0.0515,21.9298,45,28.9,0.0296,0.0104,0,0,0,0,0.111588,0.015625,32,0.86,4.1798,0.4275,21,2,19,741,1230,561,1.0,0.0,0,0,0,0,0.008884,0.0,0.9,0
47,4986,3127,2,5,1,1.9918,1,16.7,5,3112,4.56,0.991,3155.5,15,1.0,42,2,2,774,0.002276,0.063,59.761,46,28.7,0.03,0.0127,2,0,0,0,0.098425,0.015625,34,0.8412,4.2782,0.4287,20,2,20,782,1255,501,1.0,0.0,0,0,0,0.003937,0.008413,0.468,0.9468,0
48,4986,3214,0,0,3,1.9927,1,16.7,3251,0,4.64,1.0273,3164.6,0,1.0,39,0,3,744,0.002724,0.0714,0.0,47,28.6,0.0332,0.0132,0,0,0,0,0.071429,0.015625,32,0.7812,4.3454,0.4298,19,2,18,771,1334,542,1.0,0.0,0,0,0,0.0,0.007611,0.0,0.9,0
49,4986,3199,2,5,3,1.9346,1,16.7,3223,0,4.72,1.0212,3171.6,16,1.0,44,11,6,817,0.002029,0.048,62.2568,48,26.1,0.0249,0.0093,1,0,0,0,0.110701,0.015625,36,0.8589,4.4561,0.4299,21,3,20,820,1242,506,1.0,0.0,0,0,0,0.02583,0.009346,2.7636,1.1764,0
50,4983,3132,0,0,0,1.9481,1,16.6,4,3118,4.5,0.9887,3167.9,14,1.0,46,5,3,813,0.002831,0.0412,54.902,49,25.9,0.0265,0.0094,0,0,0,0,0.089888,0.015625,36,0.8262,4.546,0.43,24,3,19,774,1257,532,0.0011,0.9989,754.5,3.2,0.0553,0.014981,0.009883,1.5158,1.0516,0
51,4981,3208,1,5,0,1.9405,1,16.7,3212,0,4.64,1.018,3173.9,19,1.0,46,1,1,825,0.002315,0.0656,76.6129,50,26.9,0.0247,0.0116,1,0,0,0,0.104247,0.015625,34,0.8501,4.631,0.4313,23,3,20,826,1277,504,0.001,0.999,789.6,3.2,0.0553,0.0,0.008942,0.0,0.9,0
52,4974,3195,2,5,1,1.967,1,16.5,3181,0,4.64,1.0086,3176.8,23,1.0,47,2,1,865,0.002109,0.0455,83.0325,51,27.2,0.0235,0.0085,1,0,0,0,0.087413,0.015625,35,0.8213,4.7184,0.4312,23,3,21,808,1300,504,0.0005,0.9995,773.5,3.4,0.055,0.003497,0.008423,0.4151,0.9415,0
53,4974,3092,0,0,3,1.9587,2,16.7,10,3074,4.56,0.9758,3168.7,18,1.0,48,6,5,842,0.002376,0.0453,70.5882,52,25.2,0.0254,0.009,0,1,0,0,0.083019,0.015625,34,0.8118,4.8014,0.4317,23,3,22,763,1212,541,0.0011,0.9989,754.9,3.2,0.0536,0.0,0.007621,0.0,0.9,0
54,4970,3122,0,0,3,1.9598,1,16.6,6,3116,4.48,0.9867,3164.2,6,1.0,46,0,2,841,0.001885,0.0502,24.3902,53,27.1,0.0266,0.0106,0,0,0,0,0.131274,0.015625,34,0.881,4.9327,0.4339,22,2,22,803,1221,513,0.001,0.999,744.0,3.2,0.0537,0.007722,0.007631,1.012,1.0012,0
55,4967,3077,0,0,3,1.982,1,16.5,6,3071,4.46,0.975,3155.9,6,1.0,44,0,2,823,0.001972,0.0438,25.3165,54,29.2,0.0271,0.0094,0,0,0,0,0.075697,0.015625,33,0.7936,5.0044,0.4357,21,2,21,776,1165,525,0.0009,0.9991,720.7,3.4,0.0554,0.011952,0.008042,1.4862,1.0486,0
56,4966,3089,0,0,3,1.9369,1,16.7,6,3083,4.53,0.9808,3149.6,6,1.0,43,0,1,800,0.002195,0.0437,26.9058,55,30.8,0.0269,0.0093,0,0,0,0,0.091703,0.015625,32,0.8296,5.0961,0.4376,20,2,21,791,1184,520,0.001,0.999,767.6,3.4,0.0554,0.008734,0.008108,1.0772,1.0077,0
57,4962,3201,1,5,3,1.8922,1,16.7,3225,0,4.65,1.0248,3157.8,11,1.0,42,1,2,808,0.002162,0.0591,45.082,56,32.3,0.0263,0.01,1,0,0,0,0.106299,0.015625,31,0.853,5.163,0.4397,21,2,19,849,1244,502,0.0009,0.9991,776.4,3.4,0.0561,0.011811,0.008461,1.396,1.0396,0
58,4959,3131,2,5,1,1.8062,1,16.7,4,3122,4.58,0.9923,3155.2,9,1.0,44,2,0,827,0.002228,0.0463,35.4331,57,31.8,0.0249,0.011,1,0,0,0,0.135135,0.015625,31,0.8844,5.2982,0.4415,21,3,20,843,1230,529,0.0006,0.9994,838.7,3.4,0.0558,0,0.007655,0.0,0.9,0
59,4959,3176,2,3,3,1.8216,2,16.5,3183,0,4.61,1.01,3158.5,7,1.0,44,4,4,851,0.001767,0.0498,27.8884,58,32.3,0.027,0.011,0,1,0,0,0.099617,0.015625,32,0.8431,5.3978,0.4435,20,3,21,828,1262,487,0.001,0.999,900.8,3.2,0.0565,0.019157,0.00875,2.1893,1.1189,0
60,4958,3117,0,0,3,1.8409,2,16.5,3,3114,4.54,0.9881,3154.6,3,1.0,42,0,2,814,0.002094,0.0544,12.8205,59,34.4,0.0262,0.0103,0,2,0,0,0.100418,0.015625,31,0.8444,5.4982,0.4459,20,3,19,754,1279,503,0.0009,0.9991,907.4,3.2,0.0574,0.008368,0.008714,0.9603,0.996,0
61,4958,3051,2,5,1,1.8481,1,16.4,5,3041,4.46,0.9702,3144.7,10,1.0,45,4,1,814,0.002229,0.0553,38.961,60,33.0,0.0247,0.0116,1,0,0,0,0.148936,0.015625,31,0.8951,5.5918,0.4481,22,3,20,796,1229,485,0.0012,0.9988,881.0,3.2,0.0561,0.004255,0.008289,0.5133,0.9513,0
62,4957,3177,1,5,1,1.8482,1,16.3,3183,0,4.62,1.0133,3149.1,8,1.0,45,1,1,821,0.002007,0.0581,34.188,61,33.8,0.0252,0.0106,1,0,0,0,0.112033,0.015625,32,0.8605,5.7038,0.4492,21,3,21,827,1243,505,0.0006,0.9994,931.8,3.3,0.0571,0.004149,0.007895,0.5256,0.9526,0
63,4957,3122,0,0,3,1.8249,2,16.3,3,3119,4.54,0.9922,3146.5,3,1.0,42,0,3,800,0.001969,0.0463,12.0482,62,36.9,0.0293,0.0113,0,0,0,0,0.104247,0.015625,30,0.8501,5.7733,0.4511,20,3,19,788,1269,512,0.0009,0.9991,972.7,3.2,0.0599,0.003861,0.007511,0.5141,0.9514,0
64,4955,3063,1,4,3,1.8046,1,16.2,3,3061,4.43,0.9762,3138.7,2,1.0,43,1,0,811,0.00166,0.0485,9.0909,63,37.0,0.0295,0.0118,0,0,0,0,0.096916,0.015625,29,0.8388,5.8703,0.4539,20,3,20,757,1223,498,0.0008,0.9992,1002.3,3.3,0.0596,0,0.006796,0.0,0.9,0
65,4952,3145,2,5,1,1.8424,1,16.2,3139,0,4.56,1.003,3139.7,10,1.0,45,3,1,862,0.001858,0.0515,33.7079,64,36.3,0.024,0.011,1,0,0,0,0.128676,0.015625,31,0.8786,5.9695,0.4554,22,3,20,793,1294,510,0.0009,0.9991,1032.4,3.4,0.0591,0.003676,0.006498,0.5657,0.9566,0
66,4952,3125,3,5,1,1.9243,2,16.4,5,3111,4.55,0.9958,3138.3,14,1.0,49,6,2,909,0.002196,0.0491,54.0541,65,32.9,0.023,0.0095,2,0,0,0,0.09434,0.015625,30,0.8344,6.0563,0.4573,21,4,24,789,1215,548,0.0005,0.9995,937.0,3.6,0.0578,0.0,0.00588,0.0,0.9,0
67,4952,3116,3,4,1,1.9147,2,16.3,7,3104,4.56,0.9936,3136.1,12,1.0,51,3,1,953,0.00184,0.0447,40.5405,66,32.5,0.0232,0.0093,0,0,0,0,0.095847,0.015625,31,0.837,6.1522,0.4597,24,4,23,776,1252,517,0.0009,0.9991,911.0,3.5,0.0576,0.00639,0.005928,1.0779,1.0078,0
68,4951,3093,0,0,3,1.948,2,16.8,0,3093,4.47,0.9875,3132.0,0,1.0,49,0,2,934,0.002017,0.0466,0.0,67,34.8,0.0213,0.01,0,0,0,0,0.146953,0.015625,31,0.8937,6.2991,0.4616,24,3,22,779,1233,504,0.0012,0.9988,921.2,3.4,0.0587,0.007168,0.006046,1.1856,1.0186,0
69,4950,3160,2,5,1,1.9118,1,16.5,3171,0,4.63,1.0144,3136.8,11,1.0,50,4,3,978,0.001936,0.0441,41.8251,68,34.9,0.0212,0.0079,1,0,0,0,0.113971,0.015625,30,0.8629,6.4131,0.4635,24,3,23,795,1279,480,0.0009,0.9991,894.9,3.6,0.0573,0.014706,0.006871,2.1403,1.114,0
70,4947,3118,3,5,3,1.8842,1,16.6,19,3099,4.54,0.9946,3135.0,19,1.0,49,2,3,964,0.002308,0.048,72.7969,69,34.2,0.0213,0.0096,2,0,0,0,0.118081,0.015625,31,0.8677,6.5312,0.4644,25,3,21,774,1230,532,0.0016,0.9984,889.3,3.3,0.0614,0.00738,0.00692,1.0666,1.0067,0
71,4947,3166,1,4,3,1.8973,2,16.5,3169,0,4.6,1.0147,3139.9,17,1.0,50,1,0,970,0.002088,0.0417,55.9211,70,34.5,0.0207,0.0086,0,0,0,0,0.13141,0.015625,32,0.8811,6.6626,0.4651,26,3,21,811,1265,493,0.0008,0.9992,897.2,3.6,0.0615,0,0.006261,0.0,0.9,0
72,4945,3114,2,5,1,1.7961,2,16.4,13,3093,4.63,0.9925,3137.4,21,1.0,54,6,2,1025,0.001685,0.0389,60.5187,71,32.9,0.0187,0.0085,1,0,0,0,0.063889,0.015625,36,0.7554,6.7237,0.4644,28,3,23,794,1199,523,0.0006,0.9994,885.2,3.5,0.0592,0.008333,0.006458,1.2904,1.029,0
73,4944,3158,1,5,3,1.8812,2,16.5,3151,0,4.62,1.0094,3140.5,19,1.0,55,1,0,1041,0.002126,0.0452,54.4413,72,33.2,0.0194,0.0081,1,0,0,0,0.09887,0.015625,36,0.842,6.8226,0.4638,29,3,23,773,1271,546,0.0007,0.9993,907.3,3.7,0.0589,0,0.005843,0.0,0.9,0
74,4942,3090,0,0,3,1.8991,2,16.6,10,3080,4.53,0.9854,3135.7,10,1.0,58,6,3,1058,0.001389,0.0441,30.581,73,32.2,0.0199,0.0076,0,1,0,0,0.129412,0.015625,37,0.8793,6.952,0.4634,30,3,25,758,1283,500,0.0008,0.9992,870.3,3.4,0.0581,0.002941,0.005567,0.5284,0.9528,0
75,4941,3127,2,4,1,1.9587,1,16.4,11,3107,4.56,0.9975,3134.9,20,1.0,60,7,5,1089,0.001482,0.0323,54.2857,74,32.0,0.0174,0.0059,0,0,0,0,0.091644,0.015625,39,0.8295,7.0436,0.4629,29,5,26,823,1257,504,0.0007,0.9993,934.7,3.3,0.0583,0.010782,0.006063,1.7782,1.0778,0
76,4939,3115,3,5,3,1.9695,1,16.2,17,3092,4.56,0.9943,3133.0,23,1.0,63,7,4,1120,0.001696,0.0408,63.7119,75,31.3,0.0174,0.0073,1,1,0,0,0.09949,0.015625,42,0.8429,7.1431,0.4615,30,6,27,800,1217,502,0.0006,0.9994,895.0,3.4,0.0582,0.015306,0.006943,2.2044,1.1204,0
77,4939,3176,1,4,1,1.9489,2,16.4,3190,0,4.57,1.0213,3140.0,17,1.0,65,3,1,1111,0.001711,0.0325,47.619,76,31.3,0.0176,0.0062,0,0,0,0,0.092141,0.015625,41,0.8304,7.2352,0.4607,30,6,29,800,1283,525,0.0004,0.9996,840.1,3.4,0.0565,0.0,0.006282,0.0,0.9,0
78,4935,3020,1,5,1,1.9482,2,16.5,8,2999,4.47,0.9653,3128.6,21,1.0,63,4,6,1142,0.001479,0.0426,58.651,77,33.2,0.0176,0.0081,1,0,0,0,0.073864,0.015625,40,0.7885,7.3091,0.4596,29,5,29,752,1193,494,0.0007,0.9993,823.1,3.5,0.0557,0.011364,0.006766,1.6795,1.0679,0
79,4932,3094,2,5,3,1.9297,2,16.2,9,3075,4.56,0.99,3125.3,19,1.0,61,4,6,1159,0.001536,0.0455,51.0753,78,35.0,0.0189,0.0082,2,0,0,0,0.078283,0.015625,41,0.8004,7.3874,0.4586,29,4,28,738,1234,525,0.0014,0.9986,900.9,3.4,0.0567,0.022727,0.008286,2.7428,1.1743,0
80,4931,3134,2,5,3,1.9201,2,16.3,3128,0,4.64,1.0031,3126.3,8,1.0,59,2,4,1129,0.001977,0.0388,24.8447,79,35.6,0.0189,0.0075,1,1,0,0,0.071642,0.015625,41,0.7819,7.459,0.4575,29,4,26,748,1261,534,0.0011,0.9989,868.6,3.6,0.055,0.01194,0.008634,1.3829,1.0383,0
81,4929,3116,1,3,3,1.8674,2,16.2,3,3108,4.56,0.997,3125.3,8,1.0,56,0,3,1086,0.001562,0.0399,25.3165,80,36.9,0.0204,0.0082,0,1,0,0,0.113497,0.015625,37,0.8623,7.5725,0.4573,26,4,26,769,1264,514,0.0011,0.9989,884.7,3.8,0.0532,0.006135,0.008396,0.7307,0.9731,0
82,4926,3084,1,3,3,1.8295,2,16.2,3,3073,4.5,0.988,3121.4,11,1.0,55,2,3,1067,0.00141,0.0424,31.348,81,38.2,0.0209,0.0088,0,0,0,0,0.1,0.015625,36,0.8438,7.6725,0.4575,27,3,25,779,1249,497,0.0005,0.9995,942.1,3.7,0.0539,0.009091,0.008462,1.0743,1.0074,0
83,4924,3105,1,5,3,1.6336,2,16.3,3,3097,4.62,0.9952,3119.8,8,1.0,56,1,0,1066,0.001606,0.0364,23.0548,82,38.5,0.02,0.0083,1,0,0,0,0.098039,0.015625,35,0.8406,7.7706,0.4573,27,3,26,823,1167,517,0.0009,0.9991,915.9,3.5,0.0538,0,0.007656,0.0,0.9,0
84,4922,3130,1,3,1,1.8097,2,16.1,3135,0,4.62,1.0058,3121.8,5,1.0,58,3,1,1091,0.001293,0.0318,12.8617,83,38.1,0.0191,0.0076,0,0,0,0,0.070064,0.015625,37,0.777,7.8406,0.4572,29,3,26,798,1240,505,0.0006,0.9994,896.7,3.6,0.0534,0.003185,0.007231,0.4405,0.944,0
85,4919,3074,1,5,1,1.6577,2,16.1,3,3066,4.53,0.9861,3117.2,8,1.0,58,2,2,1104,0.001213,0.0351,19.7183,84,39.1,0.0182,0.0065,1,0,0,0,0.1,0.015625,37,0.8438,7.9406,0.4577,28,3,27,820,1201,486,0.0014,0.9986,894.8,3.6,0.0534,0.008108,0.007314,1.1086,1.0109,0
86,4917,3163,2,5,3,1.7685,2,21.3,3174,0,4.68,1.0191,3123.5,9,1.0,58,4,4,1132,0.001425,0.0323,19.3906,85,40.0,0.0185,0.0069,1,0,0,0,0.077957,0.015625,38,0.7996,8.0159,0.4574,26,3,29,801,1262,530,0.0012,0.9988,917.6,3.6,0.0534,0.013441,0.007898,1.7019,1.0702,0
87,4915,3161,2,4,3,1.8879,2,19.0,3179,0,4.59,1.0189,3129.7,10,1.0,60,6,4,1147,0.001425,0.0355,22.3881,86,39.6,0.0182,0.0068,0,0,0,0,0.085308,0.015625,40,0.8168,8.1012,0.457,27,3,30,802,1230,537,0.002,0.998,893.1,3.5,0.0525,0.016588,0.008725,1.9011,1.0901,0
88,4913,3149,4,5,1,1.9184,2,18.5,3150,0,4.59,1.0108,3133.3,17,1.0,61,5,4,1163,0.001479,0.0318,44.3213,87,39.1,0.0181,0.0071,1,1,0,0,0.095491,0.015625,38,0.8364,8.1967,0.4566,28,3,30,764,1287,546,0.0018,0.9982,843.2,3.5,0.0514,0.007958,0.008652,0.9197,0.992,0
89,4907,3097,1,5,3,1.9634,2,16.2,3,3085,4.49,0.9895,3129.8,12,1.0,61,1,1,1156,0.001359,0.0401,35.1906,88,40.0,0.0174,0.0075,1,0,0,0,0.080229,0.015625,37,0.8052,8.2655,0.4565,29,3,29,762,1240,482,0.0009,0.9991,822.9,3.7,0.0514,0.005731,0.008374,0.6843,0.9684,0
90,4905,3069,1,5,3,1.9865,2,16.2,3,3052,4.55,0.9824,3124.0,17,1.0,63,5,3,1191,0.001434,0.034,49.5627,89,39.7,0.0171,0.0076,1,0,0,0,0.090652,0.015625,38,0.8276,8.3193,0.4557,30,3,30,764,1212,539,0.0014,0.9986,842.0,3.6,0.053,0.011331,0.008656,1.3091,1.0309,0
91,4903,3189,1,4,3,1.987,2,16.2,3224,0,4.72,1.0338,3135.2,17,1.0,63,7,7,1214,0.001311,0.0329,16.8786,90,40.5,0.0173,0.0065,0,1,0,0,0.07277,0.015625,40,0.7853,8.3921,0.4547,30,3,30,808,1280,506,0.001,0.999,813.2,3.6,0.0535,0.023474,0.010067,2.3318,1.1332,0
92,4901,3055,1,5,1,1.9512,2,16.1,2,3043,4.51,0.9768,3127.5,12,1.0,61,1,3,1182,0.001398,0.0357,34.0909,91,42.4,0.0173,0.0064,1,1,0,0,0.096154,0.015625,38,0.8375,8.4882,0.4544,30,3,28,759,1250,493,0.0009,0.9991,839.1,3.6,0.0523,0.008242,0.009893,0.8331,0.9833,0
93,4897,3150,1,5,3,1.9666,2,16.2,3164,0,4.63,1.0137,3132.0,11,1.0,60,2,3,1176,0.001402,0.0466,26.8817,92,44.1,0.0185,0.0075,1,0,0,0,0.082902,0.015625,35,0.8115,8.5556,0.454,29,3,28,796,1259,497,0.0005,0.9995,866.8,3.7,0.0524,0.012953,0.010185,1.2719,1.0272,0
94,4892,3072,0,0,3,1.9052,2,16.0,0,3067,4.56,0.9826,3126.3,5,1.0,60,0,0,1150,0.001311,0.0344,14.9254,93,45.1,0.0176,0.0073,0,0,0,0,0.077364,0.015625,35,0.798,8.6329,0.4539,29,3,28,783,1200,494,0.0011,0.9989,857.2,3.5,0.0524,0,0.009215,0.0,0.9,0
95,4886,3098,0,0,3,1.981,1,16.0,0,3093,4.48,0.9918,3123.6,5,1.0,59,0,1,1148,0.001062,0.0447,14.2045,94,46.8,0.0187,0.0078,0,0,0,0,0.094972,0.015625,35,0.8355,8.7139,0.454,29,3,27,810,1231,480,0.0006,0.9994,873.5,3.8,0.0524,0.002793,0.008603,0.3247,0.9325,0
96,4884,3084,0,0,3,1.9666,1,16.0,2,3082,4.56,0.9885,3119.9,2,1.0,58,2,3,1149,0.001012,0.0386,3.0581,95,48.5,0.0186,0.0081,0,0,0,0,0.089021,0.015625,36,0.8245,8.803,0.4544,28,3,27,809,1158,502,0.0006,0.9994,874.5,3.9,0.0525,0.014837,0.009197,1.6133,1.0613,0
97,4884,3190,2,4,1,1.9629,1,16.0,3224,0,4.7,1.0321,3130.4,7,1.0,60,3,1,1153,0.001327,0.0352,19.5531,96,47.8,0.0175,0.0084,0,0,0,0,0.081301,0.015625,34,0.8078,8.8816,0.4548,29,4,27,819,1279,499,0.0014,0.9986,879.4,3.7,0.0513,0.00271,0.008579,0.3159,0.9316,0
98,4884,3137,1,4,2,1.9474,1,16.3,3135,0,4.6,1.0028,3131.4,5,1.0,62,3,1,1173,0.001036,0.0331,11.396,97,47.2,0.018,0.0062,0,0,0,0,0.088398,0.015625,36,0.8232,8.97,0.4549,30,4,28,806,1288,493,0.0013,0.9987,864.0,3.6,0.0516,0.002762,0.008025,0.3442,0.9344,0
99,4882,3055,2,5,1,1.9679,2,16.3,10,3045,4.55,0.9779,3124.1,10,1.0,63,4,3,1206,0.001091,0.0389,28.8184,98,47.4,0.0167,0.0068,1,0,0,0,0.091667,0.015625,37,0.8295,9.0616,0.4547,29,3,31,790,1226,476,0.0011,0.9989,868.1,3.6,0.0524,0.013889,0.008583,1.6181,1.0618,0
100,4877,3170,0,0,1,1.8992,2,16.0,3190,0,4.64,1.0205,3130.8,5,1.0,63,0,0,1191,0.001074,0.0287,13.369,99,48.4,0.0173,0.0063,0,0,0,0,0.075718,0.015625,36,0.7936,9.1373,0.4549,29,3,31,781,1266,522,0.0009,0.9991,845.6,3.6,0.0524,0,0.007766,0.0,0.9,0
101,4877,3087,2,5,1,1.9185,1,16.2,9,3078,4.63,0.9873,3126.7,9,1.0,65,2,0,1229,0.001104,0.0353,25.1397,100,47.9,0.016,0.0065,1,0,0,0,0.078804,0.015625,36,0.8017,9.2161,0.4554,29,3,33,783,1195,526,0.0008,0.9992,847.3,3.7,0.0518,0,0.007026,0.0,0.9,0
102,4876,3107,0,0,3,1.8237,1,16.1,6,3101,4.55,0.9943,3124.8,6,1.0,65,1,1,1235,0.000956,0.0363,13.5501,101,48.9,0.0163,0.0074,0,0,0,0,0.072539,0.015625,37,0.7846,9.2887,0.4552,29,3,33,782,1222,494,0.0011,0.9989,816.0,3.7,0.0518,0.002591,0.006604,0.3923,0.9392,0
103,4871,3125,1,3,3,1.8982,1,16.0,3112,0,4.59,1.0001,3124.8,13,1.0,68,6,3,1250,0.001011,0.0324,33.6788,102,47.6,0.0157,0.006,0,0,0,0,0.067332,0.015625,37,0.7679,9.351,0.4553,29,5,34,783,1263,511,0.0005,0.9995,835.8,3.6,0.0514,0.004988,0.00645,0.7733,0.9773,0
104,4865,3119,1,5,3,1.8992,1,20.6,8,3101,4.61,0.9983,3124.3,18,1.0,67,1,2,1251,0.001086,0.027,46.1538,103,47.7,0.0157,0.006,1,0,0,0,0.07598,0.015625,37,0.7944,9.427,0.4553,28,5,34,762,1245,531,0.0006,0.9994,796.2,3.8,0.0514,0.002451,0.006069,0.4038,0.9404,0
105,4861,3134,2,5,3,1.8571,2,17.9,3134,0,4.66,1.0063,3126.3,12,1.0,68,3,2,1272,0.001014,0.0327,26.9058,104,48.0,0.0159,0.0066,1,0,0,0,0.091503,0.015625,37,0.8292,9.5185,0.4556,28,4,36,805,1176,567,0.0007,0.9993,835.1,3.7,0.0514,0.002179,0.005699,0.3823,0.9382,0
106,4858,3063,0,0,3,1.8544,2,15.9,3,3055,4.61,0.9816,3120.3,8,1.0,70,5,3,1270,0.001079,0.0374,20.5128,105,46.2,0.0151,0.0066,0,1,0,0,0.062344,0.015625,36,0.7494,9.5709,0.4559,28,5,37,781,1245,467,0.0007,0.9993,900.3,3.7,0.051,0.002494,0.005393,0.4624,0.9462,0
107,4856,3177,0,0,3,1.8752,1,15.8,3204,0,4.68,1.0265,3129.0,8,1.0,68,0,2,1261,0.000937,0.0327,20.9424,106,48.5,0.0166,0.0065,0,0,0,0,0.080402,0.015625,36,0.8057,9.6262,0.456,28,4,36,828,1270,493,0.0008,0.9992,901.7,3.7,0.0512,0.002513,0.005119,0.4908,0.9491,0
108,4854,3105,0,0,3,1.8571,1,15.8,0,3105,4.64,0.993,3126.7,0,1.0,65,0,3,1245,0.000965,0.0341,0.0,107,51.7,0.0176,0.0067,0,0,0,0,0.082386,0.015625,36,0.8103,9.6972,0.4561,28,3,34,825,1194,512,0.001,0.999,865.8,3.6,0.0517,0.002841,0.004902,0.5795,0.958,0
109,4854,3158,2,5,3,1.9577,1,15.7,3162,0,4.58,1.0125,3130.9,8,1.0,66,3,2,1266,0.000932,0.0324,18.1818,108,51.9,0.016,0.0061,1,0,0,0,0.064838,0.015625,38,0.759,9.757,0.4561,28,4,34,801,1257,502,0.0009,0.9991,887.5,3.6,0.0517,0.007481,0.005148,1.4533,1.0453,0
110,4853,3089,1,3,3,1.9849,1,15.8,3,3077,4.55,0.9879,3126.9,12,1.0,67,6,5,1266,0.00099,0.0336,32.2581,109,51.4,0.0159,0.0076,0,1,0,0,0.095607,0.015625,38,0.8366,9.8526,0.4562,28,5,34,778,1253,514,0.0008,0.9992,891.6,3.7,0.0518,0.01292,0.005888,2.1943,1.1194,0
111,4852,3151,1,5,3,1.9904,2,15.8,3152,0,4.64,1.0102,3130.2,10,1.0,67,1,1,1260,0.001018,0.0333,24.7525,110,52.3,0.017,0.0064,1,0,0,0,0.07619,0.015625,37,0.7949,9.9288,0.4561,28,5,34,822,1250,500,0.0007,0.9993,925.1,3.7,0.0513,0.002381,0.005554,0.4287,0.9429,0
112,4850,3071,1,4,3,1.9057,2,15.9,0,3066,4.54,0.9829,3124.6,5,1.0,67,3,3,1257,0.000792,0.0276,13.2979,111,53.0,0.0164,0.0059,0,0,0,0,0.075377,0.015625,39,0.7927,10.0042,0.4563,27,6,34,772,1232,501,0.0009,0.9991,816.0,3.5,0.052,0.01005,0.005982,1.68,1.068,0
113,4846,3153,0,0,3,1.9201,2,15.7,3153,0,4.69,1.0108,3128.1,9,1.0,66,4,5,1252,0.001009,0.0351,21.2766,112,54.7,0.0158,0.0065,0,0,0,0,0.080201,0.015625,39,0.8052,10.0543,0.456,27,5,34,845,1268,476,0.0017,0.9983,895.0,3.5,0.052,0.015038,0.006845,2.197,1.1197,0
114,4846,3114,0,0,3,1.9713,1,15.7,0,3110,4.58,0.9959,3126.8,4,1.0,65,0,1,1233,0.000892,0.0377,10.5263,113,56.6,0.0164,0.007,0,0,0,0,0.105528,0.015625,37,0.8519,10.1599,0.4563,27,5,33,814,1216,536,0.0007,0.9993,875.6,3.7,0.0524,0.005025,0.006671,0.7532,0.9753,0
115,4845,2979,0,0,3,1.9839,1,15.7,0,2979,4.53,0.957,3112.7,0,1.0,62,0,3,1223,0.000738,0.0322,0.0,114,60.2,0.0177,0.0075,0,0,0,0,0.077748,0.015625,37,0.799,10.2296,0.4568,27,3,32,753,1165,465,0.0006,0.9994,906.1,3.8,0.0527,0.005362,0.006547,0.819,0.9819,0
116,4845,3094,1,5,3,1.9808,1,15.7,0,3089,4.58,0.9946,3110.9,5,1.0,63,1,0,1211,0.000752,0.0341,14.6199,115,60.2,0.0171,0.0067,1,0,0,0,0.096591,0.015625,36,0.8382,10.3262,0.4572,27,3,33,816,1159,504,0.0009,0.9991,926.8,3.6,0.0527,0,0.005923,0.0,0.9,0
117,4843,3066,1,4,3,1.9846,1,15.8,4,3062,4.54,0.9869,3106.7,4,1.0,64,2,1,1231,0.000773,0.028,10.5263,116,60.3,0.0163,0.0059,0,0,0,0,0.076336,0.015625,38,0.7953,10.4025,0.4574,28,3,33,776,1198,477,0.0006,0.9994,867.7,3.8,0.0534,0.005089,0.005844,0.8709,0.9871,0
118,4843,3027,0,0,3,1.992,2,15.7,0,3027,4.51,0.9767,3099.1,0,1.0,64,0,0,1226,0.000815,0.0288,0.0,117,61.3,0.0166,0.0059,0,0,0,0,0.078534,0.015625,37,0.801,10.481,0.4575,28,3,33,785,1212,488,0.0006,0.9994,965.4,3.8,0.0534,0,0.005287,0.0,0.9,0
119,4841,3067,1,5,3,1.9698,1,15.7,2,3060,4.55,0.9906,3096.0,7,1.0,65,3,2,1251,0.000737,0.0348,15.544,118,61.1,0.0164,0.0067,1,0,0,0,0.094527,0.015625,39,0.8347,10.5358,0.4574,28,3,34,834,1185,466,0.0008,0.9992,851.7,3.8,0.0531,0.002488,0.00502,0.4955,0.9495,0
120,4839,3124,0,0,3,1.9724,1,15.7,3138,0,4.54,1.0134,3100.4,4,1.0,68,4,1,1262,0.000797,0.0344,10.8696,119,59.3,0.0166,0.0075,0,0,0,0,0.063492,0.015625,40,0.7539,10.5887,0.4575,31,3,34,777,1230,530,0.0007,0.9993,949.3,3.6,0.0522,0.002646,0.004794,0.5518,0.9552,0
121,4836,2988,1,5,3,1.9197,1,15.7,0,2983,4.5,0.9671,3089.7,5,1.0,67,1,2,1251,0.000932,0.0413,13.5135,120,58.5,0.0165,0.0075,1,1,0,0,0.064599,0.015625,38,0.7581,10.6455,0.4576,30,3,34,799,1199,438,0.0009,0.9991,915.5,3.6,0.0522,0.0,0.004338,0.0,0.9,0
122,4836,3086,2,5,3,1.956,1,15.7,6,3072,4.57,0.9989,3089.3,14,1.0,71,9,5,1305,0.000822,0.0268,28.3019,121,56.1,0.0152,0.0053,1,0,0,0,0.069351,0.015625,41,0.7747,10.7149,0.4572,32,3,36,756,1245,486,0.0011,0.9989,826.1,3.6,0.0512,0.006711,0.004564,1.4706,1.0471,0
123,4835,3042,1,3,3,1.947,2,15.7,6,3036,4.58,0.9861,3084.8,6,1.0,67,2,6,1294,0.001033,0.0319,12.987,122,58.6,0.0155,0.0067,0,0,0,0,0.058968,0.015625,41,0.735,10.7689,0.457,29,3,35,756,1223,479,0.0008,0.9992,854.8,3.8,0.052,0.014742,0.005533,2.6643,1.1664,0
124,4833,3097,1,3,3,1.8834,2,15.7,3099,0,4.58,1.0068,3087.0,9,1.0,69,4,2,1292,0.001064,0.031,22.5564,123,57.8,0.0156,0.0058,0,0,0,0,0.069212,0.015625,41,0.7742,10.8143,0.4563,28,3,38,771,1213,520,0.0009,0.9991,841.6,3.7,0.0523,0.00716,0.005688,1.2588,1.0259,0
125,4832,3091,1,3,1,1.9121,2,15.7,3088,0,4.6,1.0032,3088.1,10,1.0,70,3,2,1296,0.000948,0.0388,25.1256,124,57.9,0.0148,0.0063,0,0,0,0,0.082524,0.015625,42,0.8107,10.8968,0.4556,28,4,38,783,1246,468,0.0007,0.9993,867.0,3.8,0.0518,0.007282,0.00584,1.2469,1.0247,0
126,4831,2991,2,5,3,1.9367,2,15.7,8,2970,4.44,0.9715,3078.8,21,1.0,72,8,6,1360,0.00091,0.0295,47.8469,125,57.3,0.0152,0.005,2,0,0,0,0.056818,0.015625,46,0.725,10.9491,0.4551,29,4,39,736,1207,494,0.0009,0.9991,841.2,3.8,0.0519,0.018182,0.007015,2.5918,1.1592,0
127,4828,2992,0,0,3,1.9015,2,15.7,8,2979,4.53,0.9744,3070.6,13,1.0,72,2,2,1347,0.001073,0.0282,27.2277,126,58.3,0.0154,0.0063,0,0,0,0,0.068235,0.015625,45,0.771,11.0173,0.4545,29,4,39,737,1203,457,0.0009,0.9991,847.8,3.7,0.0519,0.004706,0.006795,0.6925,0.9693,0
128,4826,3060,1,4,1,1.853,1,15.8,7,3048,4.59,0.9969,3069.6,12,1.0,73,2,1,1348,0.000845,0.0285,25.0,127,58.5,0.0154,0.0061,0,0,0,0,0.059211,0.015625,45,0.7361,11.0765,0.454,29,4,40,794,1179,477,0.0014,0.9986,858.1,3.7,0.0519,0.002193,0.006357,0.345,0.9345,0
129,4824,3074,1,4,1,1.8641,1,15.7,3070,0,4.52,1.0013,3070.0,4,1.0,73,1,1,1360,0.00079,0.0297,9.434,128,59.4,0.0141,0.0055,0,0,0,0,0.059497,0.015625,44,0.7374,11.136,0.4538,29,4,40,760,1254,503,0.0011,0.9989,812.5,3.6,0.0522,0.004577,0.006187,0.7397,0.974,0
130,4823,3094,0,0,3,1.8053,2,15.7,3095,0,4.6,1.01,3073.2,9,1.0,73,5,5,1360,0.000763,0.0304,21.9512,129,59.0,0.0144,0.0059,0,1,0,0,0.065421,0.015625,46,0.7612,11.2014,0.4534,28,4,41,792,1230,501,0.001,0.999,831.7,3.5,0.0529,0.007009,0.006266,1.1187,1.0119,0
131,4821,3049,0,0,3,1.7954,1,15.6,4,3040,4.56,0.9929,3070.9,9,1.0,69,0,4,1330,0.000735,0.0345,23.1362,130,62.6,0.0159,0.0063,0,2,0,0,0.073892,0.015625,44,0.7885,11.2753,0.4532,26,3,40,799,1175,505,0.0013,0.9987,878.0,3.7,0.0523,0.007389,0.006373,1.1595,1.016,0
132,4820,3115,3,5,1,1.8812,1,15.9,3113,0,4.66,1.0171,3076.4,16,1.0,72,5,2,1343,0.000944,0.0292,34.965,131,60.9,0.0147,0.0062,2,0,0,0,0.065169,0.015625,46,0.7602,11.336,0.4521,30,3,39,821,1240,474,0.0006,0.9994,858.5,3.6,0.0515,0.008989,0.006622,1.3574,1.0357,0
133,4820,3058,1,4,1,1.9082,1,15.9,4,3054,4.5,0.9946,3074.7,4,1.0,72,1,1,1337,0.000912,0.0295,9.324,132,61.9,0.0151,0.0063,0,0,0,0,0.049887,0.015625,45,0.6868,11.3836,0.4511,31,3,38,746,1222,493,0.0014,0.9986,867.7,3.7,0.0512,0.004535,0.006423,0.7061,0.9706,0
134,4820,3086,1,5,1,1.948,2,15.7,3088,0,4.56,1.0054,3076.4,5,1.0,69,1,4,1320,0.000895,0.0307,13.1579,133,63.9,0.0142,0.0059,1,0,0,0,0.058824,0.015625,43,0.7344,11.4424,0.4504,29,3,37,747,1261,466,0.001,0.999,858.4,3.7,0.0524,0.005115,0.006299,0.8121,0.9812,0
135,4819,3078,0,0,0,1.9562,2,15.7,3078,0,4.59,1.0005,3076.6,0,1.0,67,0,2,1307,0.000845,0.0347,0.0,134,66.6,0.016,0.0064,0,0,0,0,0.061881,0.015625,41,0.7475,11.5043,0.4502,28,3,36,783,1226,483,0.0007,0.9993,860.3,3.9,0.0526,0.002475,0.005934,0.4171,0.9417,0
136,4818,3051,2,4,3,1.9464,1,15.7,6,3045,4.6,0.9925,3074.1,6,1.0,68,2,1,1322,0.000806,0.0367,14.4231,135,64.6,0.0159,0.0065,0,0,0,0,0.059633,0.015625,40,0.738,11.5639,0.4498,29,3,36,821,1168,494,0.0007,0.9993,915.6,3.8,0.0525,0.0,0.005369,0.0,0.9,0
137,4818,3068,1,4,1,1.9742,1,15.6,7,3061,4.64,0.9982,3073.6,7,1.0,71,5,2,1341,0.00078,0.0302,18.2292,136,62.8,0.0145,0.0058,0,0,0,0,0.060302,0.015625,42,0.7409,11.6242,0.4495,29,4,38,780,1196,482,0.0016,0.9984,899.4,3.7,0.0519,0.005025,0.005336,0.9417,0.9942,0
138,4817,3043,1,4,1,1.9708,2,15.6,8,3035,4.57,0.991,3070.7,8,1.0,72,1,0,1354,0.000885,0.0288,18.3908,137,63.0,0.0147,0.0053,0,0,0,0,0.05531,0.015625,42,0.7175,11.6685,0.4492,29,4,39,803,1165,515,0.0007,0.9993,874.7,3.7,0.0519,0,0.004828,0.0,0.9,0
139,4816,2950,0,0,3,1.956,2,15.6,7,2943,4.48,0.9643,3059.2,7,1.0,73,3,2,1369,0.000649,0.0278,14.4928,138,62.8,0.0145,0.006,0,1,0,0,0.074246,0.015625,43,0.7896,11.7242,0.4492,30,4,39,727,1183,480,0.0008,0.9992,870.7,3.7,0.0519,0.00464,0.00481,0.9647,0.9965,0
140,4815,3042,1,4,3,1.9749,1,15.5,4,3033,4.53,0.9949,3057.5,9,1.0,73,7,7,1363,0.000713,0.0255,20.7373,139,63.7,0.0149,0.0057,0,0,0,0,0.06383,0.015625,43,0.7552,11.788,0.4488,28,5,40,756,1172,507,0.0013,0.9987,890.0,3.7,0.0519,0.006383,0.00496,1.2869,1.0287,0
141,4815,3084,1,5,3,1.9668,1,15.5,3076,0,4.62,1.0096,3060.6,14,1.0,73,1,1,1363,0.000836,0.0293,32.9412,140,64.7,0.0147,0.0055,1,0,0,0,0.06772,0.015625,44,0.7693,11.8557,0.4484,28,5,40,788,1198,526,0.0004,0.9996,878.1,3.8,0.052,0.004515,0.004918,0.918,0.9918,0
142,4813,3057,0,0,3,1.9526,2,15.8,9,3044,4.58,0.9989,3060.3,13,1.0,73,0,0,1357,0.000889,0.0291,30.7329,141,65.7,0.0142,0.0058,0,0,0,0,0.06264,0.015625,43,0.7506,11.9184,0.4478,28,5,40,802,1182,494,0.0011,0.9989,901.1,3.7,0.052,0,0.004449,0.0,0.9,0
143,4811,3040,1,5,3,1.9373,1,15.8,9,3031,4.56,0.994,3058.3,9,1.0,70,1,4,1357,0.000674,0.0305,22.5,142,69.3,0.0152,0.0061,1,0,0,0,0.061033,0.015625,42,0.744,11.963,0.4479,29,4,37,788,1215,511,0.0008,0.9992,881.0,3.7,0.0527,0.011737,0.005143,2.282,1.1282,0
144,4810,3067,4,5,3,1.9652,1,15.6,3054,0,4.53,1.0034,3059.5,16,1.0,73,6,3,1414,0.001126,0.0311,30.5499,143,67.1,0.0147,0.0062,3,0,0,0,0.05642,0.015625,43,0.7231,12.0097,0.4476,31,4,38,755,1268,431,0.0012,0.9988,886.1,3.8,0.0521,0.007782,0.005395,1.4425,1.0443,0
145,4809,3042,0,0,3,1.9132,2,15.5,8,3034,4.5,0.9948,3057.8,8,1.0,72,0,1,1390,0.000897,0.0326,16.9492,144,69.0,0.015,0.0059,0,1,0,0,0.07943,0.015625,41,0.8033,12.0891,0.4477,31,4,37,785,1194,485,0.0012,0.9988,913.5,3.9,0.0521,0.002037,0.005075,0.4013,0.9401,0
146,4807,3079,1,5,3,1.9456,1,15.7,3079,0,4.61,1.0101,3061.0,13,1.0,70,1,3,1362,0.000742,0.0287,29.8165,145,70.8,0.015,0.0058,1,1,0,0,0.068433,0.015625,41,0.7717,12.1575,0.4478,30,3,37,762,1209,509,0.0012,0.9988,843.0,3.7,0.0517,0.002208,0.004802,0.4597,0.946,0
147,4804,2996,0,0,3,1.8866,1,15.7,8,2988,4.52,0.9807,3054.9,8,1.0,70,0,0,1347,0.000758,0.035,19.3705,146,71.8,0.0148,0.0061,0,0,0,0,0.063084,0.015625,40,0.7523,12.2206,0.4476,30,3,37,790,1184,505,0.0009,0.9991,906.8,3.8,0.0517,0,0.004345,0.0,0.9,0
148,4802,3017,3,5,3,1.8216,1,15.7,14,2994,4.61,0.9888,3051.2,23,1.0,75,11,6,1416,0.000759,0.0288,51.0441,147,67.7,0.0137,0.0056,2,1,0,0,0.061947,0.015625,45,0.7478,12.2693,0.4471,30,4,41,755,1193,508,0.0014,0.9986,812.8,3.7,0.0519,0.017699,0.005616,3.1513,1.2,0
149,4802,3127,2,5,3,1.9359,1,15.6,3151,0,4.66,1.0351,3062.6,19,1.0,75,2,2,1426,0.001136,0.0264,35.1562,148,68.5,0.0145,0.0048,2,0,0,0,0.052731,0.015625,43,0.7037,12.3145,0.4464,29,4,42,842,1199,524,0.0007,0.9993,778.0,3.9,0.0518,0.00565,0.00562,1.0054,1.0005,0
150,4800,3087,0,0,3,1.9749,2,15.5,3096,0,4.6,1.0125,3066.6,9,1.0,74,0,1,1410,0.00081,0.0266,17.2043,149,70.3,0.0141,0.0049,0,1,0,0,0.059426,0.015625,42,0.7371,12.3739,0.4461,28,4,42,799,1233,460,0.0009,0.9991,823.8,3.8,0.0518,0.004098,0.005475,0.7486,0.9749,0
151,4799,3084,2,5,1,1.9709,1,15.4,3079,0,4.58,1.0084,3069.3,16,1.0,76,2,0,1410,0.000849,0.0409,33.4821,150,69.5,0.0142,0.0061,1,0,0,0,0.079741,0.015625,43,0.8041,12.4536,0.4456,28,4,44,809,1248,457,0.0012,0.9988,789.8,3.8,0.0518,0,0.004953,0.0,0.9,0
152,4791,3082,2,4,3,1.9581,1,15.5,3079,0,4.67,1.0073,3071.7,15,1.0,80,7,3,1432,0.00079,0.0268,31.9149,151,65.0,0.0141,0.006,0,1,0,0,0.057732,0.015625,46,0.7294,12.5073,0.4449,28,6,46,822,1210,455,0.0005,0.9995,875.7,3.7,0.0517,0.002062,0.004678,0.4408,0.9441,0
153,4786,3007,2,3,1,1.9109,2,15.4,6,2988,4.51,0.9809,3065.5,19,1.0,78,4,6,1432,0.0008,0.0258,43.0839,152,66.1,0.0131,0.005,0,1,0,0,0.068817,0.015625,47,0.7729,12.5481,0.4443,28,3,47,775,1183,492,0.0005,0.9995,872.6,3.8,0.0514,0.010753,0.005256,2.0456,1.1046,0
154,4782,2919,1,3,3,1.7983,2,15.4,8,2904,4.47,0.9566,3051.5,15,1.0,76,1,3,1405,0.000967,0.0255,36.5854,153,67.7,0.0132,0.0052,0,1,0,0,0.053364,0.015625,46,0.7072,12.5829,0.4435,26,2,48,761,1157,472,0.001,0.999,841.5,3.8,0.0518,0.00464,0.005198,0.8928,0.9893,0
155,4779,3038,1,5,3,1.8662,2,15.5,8,3030,4.49,0.996,3050.3,8,1.0,75,1,2,1410,0.00077,0.0263,18.2232,154,69.6,0.0141,0.0057,1,0,0,0,0.070175,0.015625,45,0.7773,12.6202,0.4432,26,2,47,783,1206,472,0.0012,0.9988,818.1,3.7,0.0512,0.004386,0.00512,0.8566,0.9857,0
156,4777,3023,4,5,3,1.9266,2,15.5,3,3001,4.58,0.9919,3047.7,22,1.0,81,9,3,1466,0.00086,0.0271,48.7805,155,65.3,0.0133,0.0053,2,0,0,0,0.066667,0.015625,46,0.7656,12.6702,0.4426,27,2,52,766,1203,445,0.001,0.999,808.7,3.8,0.0509,0.004167,0.00503,0.8284,0.9828,0
157,4775,3083,0,0,3,1.9628,2,15.5,3126,0,4.83,1.0256,3055.9,8,1.0,79,0,2,1465,0.000824,0.0285,18.9125,156,67.8,0.0128,0.0057,0,1,0,0,0.067982,0.015625,46,0.7702,12.7272,0.4421,27,2,50,828,1207,472,0.0012,0.9988,803.7,3.7,0.0512,0.004386,0.004968,0.8828,0.9883,0
158,4774,3094,1,3,3,1.9788,1,15.3,3113,0,4.62,1.0189,3062.0,7,1.0,78,6,7,1457,0.000751,0.0319,16.7464,157,68.4,0.0132,0.0046,0,0,0,0,0.052392,0.015625,48,0.7018,12.7796,0.4414,26,3,49,819,1224,487,0.001,0.999,819.9,3.7,0.051,0.013667,0.005797,2.3577,1.1358,0
159,4771,2972,1,3,3,1.9431,1,15.4,8,2964,4.53,0.9733,3053.4,8,1.0,78,1,1,1443,0.000962,0.0243,18.4758,158,69.4,0.0134,0.0055,0,0,0,0,0.055188,0.015625,49,0.7169,12.8348,0.4406,26,3,49,796,1143,492,0.0007,0.9993,787.2,3.8,0.0508,0.002208,0.005455,0.4047,0.9405,0
160,4766,3066,0,0,3,1.9077,2,17.0,3072,0,4.66,1.0079,3056.0,8,1.0,78,0,0,1432,0.000713,0.0301,16.632,159,70.4,0.0133,0.0051,0,0,0,0,0.066132,0.015625,48,0.7637,12.8749,0.4401,26,3,49,828,1169,483,0.0015,0.9985,819.8,3.6,0.0508,0,0.004935,0.0,0.9,0
161,4765,3099,0,0,3,1.7652,1,15.5,3113,0,4.66,1.0177,3061.7,3,1.0,76,0,2,1422,0.000536,0.0248,6.9606,160,73.2,0.014,0.0055,0,0,0,0,0.076577,0.015625,47,0.796,12.9177,0.4398,26,2,48,838,1217,469,0.0012,0.9988,822.0,3.7,0.0509,0.004505,0.004894,0.9203,0.992,0
162,4764,3036,1,3,3,1.7899,1,15.4,8,3028,4.58,0.9924,3059.2,8,1.0,78,4,2,1432,0.000635,0.0282,17.0213,161,72.3,0.0136,0.0057,0,0,0,0,0.060484,0.015625,48,0.7417,12.9781,0.4391,26,2,50,790,1133,507,0.001,0.999,823.1,3.7,0.0506,0.006048,0.005004,1.2086,1.0209,0
163,4764,2963,1,4,3,1.8843,1,15.5,8,2955,4.4,0.9715,3050.1,8,1.0,79,1,0,1443,0.000673,0.0225,18.7354,162,72.4,0.0129,0.005,0,0,0,0,0.067568,0.015625,48,0.7688,13.0119,0.4387,26,2,51,749,1190,460,0.0008,0.9992,799.4,3.8,0.0506,0,0.004528,0.0,0.9,0
164,4763,3043,0,0,3,1.7842,2,15.5,5,3038,4.63,0.9979,3049.4,5,1.0,78,0,1,1433,0.000623,0.0249,11.8483,163,74.2,0.0133,0.0054,0,0,0,0,0.070295,0.015625,47,0.7777,13.0596,0.4382,26,2,50,768,1232,450,0.0011,0.9989,805.9,3.7,0.0511,0.0,0.004096,0.0,0.9,0
165,4763,3093,2,5,3,1.6758,1,15.5,3114,0,4.69,1.0221,3056.5,10,1.0,79,2,1,1461,0.000695,0.0322,20.8333,164,74.2,0.0136,0.0054,2,0,0,0,0.054326,0.015625,49,0.7124,13.0917,0.4376,28,2,49,770,1239,484,0.0007,0.9993,813.8,3.7,0.0509,0.004024,0.00409,0.984,0.9984,0
166,4762,2972,0,0,3,1.8923,1,15.4,4,2968,4.49,0.9749,3048.4,4,1.0,79,4,4,1465,0.000609,0.0247,9.3897,165,75.0,0.0131,0.0049,0,0,0,0,0.058427,0.015625,50,0.7326,13.1479,0.4374,28,3,48,757,1157,491,0.0011,0.9989,803.7,3.7,0.0513,0.004494,0.004128,1.0887,1.0089,0
167,4761,3049,4,4,1,1.8837,1,15.5,3038,0,4.67,1.0008,3048.7,13,1.0,81,5,3,1476,0.000763,0.0255,24.2915,166,72.7,0.0128,0.0053,0,1,0,0,0.047059,0.015625,49,0.668,13.195,0.4371,29,2,50,804,1197,471,0.0005,0.9995,786.2,4.0,0.0511,0.003922,0.004108,0.9545,0.9955,0
168,4761,2980,1,3,3,1.8702,1,15.4,2,2978,4.51,0.9796,3042.1,2,1.0,80,1,2,1473,0.000733,0.0273,4.4053,167,74.5,0.0134,0.0055,0,0,0,0,0.048319,0.015625,49,0.6766,13.2433,0.4362,29,3,48,753,1183,482,0.001,0.999,779.7,3.8,0.0511,0.006303,0.004317,1.4598,1.046,0
169,4761,3015,0,0,3,1.8761,2,15.5,0,3015,4.56,0.9919,3039.6,0,1.0,79,0,1,1452,0.000649,0.0351,0.0,168,76.3,0.0137,0.0059,0,1,0,0,0.057851,0.015625,49,0.7299,13.297,0.4359,29,3,47,749,1204,490,0.0012,0.9988,801.6,3.8,0.0509,0.002066,0.004103,0.5036,0.9504,0
170,4761,3058,2,5,1,1.9225,1,15.3,3056,0,4.58,1.0073,3041.9,8,1.0,79,2,2,1465,0.000662,0.0316,17.5439,169,77.1,0.0136,0.006,1,0,0,0,0.065263,0.015625,48,0.7606,13.3623,0.4353,30,2,47,774,1208,460,0.0009,0.9991,830.8,3.7,0.0505,0.004211,0.004113,1.0236,1.0024,0
171,4761,2957,2,5,2,1.9176,1,15.3,2,2946,4.49,0.9747,3033.8,11,1.0,81,6,4,1485,0.000766,0.028,20.4082,170,74.9,0.0123,0.0057,1,1,0,0,0.053879,0.015625,49,0.71,13.4162,0.4346,34,1,46,757,1162,479,0.0017,0.9983,795.3,3.7,0.0504,0.008621,0.004543,1.8978,1.0898,0
172,4760,3011,2,4,3,1.9191,2,15.3,4,3002,4.56,0.9932,3031.6,9,1.0,83,5,3,1486,0.000797,0.0269,18.2556,171,74.0,0.013,0.0049,0,1,0,0,0.051923,0.015625,50,0.6991,13.4527,0.4339,34,2,47,799,1192,435,0.0012,0.9988,778.5,3.7,0.0508,0.007692,0.004843,1.5885,1.0588,0
173,4759,3091,0,0,3,1.9023,2,15.4,3124,0,4.64,1.0299,3041.2,8,1.0,81,3,5,1480,0.000672,0.0282,16.8776,172,76.8,0.0134,0.0054,0,0,0,0,0.066398,0.015625,51,0.7647,13.5191,0.4337,31,2,48,821,1217,470,0.001,0.999,812.7,3.9,0.0511,0.014085,0.005723,2.4612,1.1461,0
174,4758,2983,0,0,3,1.9408,1,15.3,0,2979,4.5,0.9827,3035.7,4,1.0,80,0,1,1458,0.000749,0.026,9.0909,173,78.7,0.0136,0.0053,0,0,0,0,0.062907,0.015625,48,0.7516,13.582,0.4333,31,1,48,747,1190,455,0.0011,0.9989,813.7,3.6,0.0507,0.004338,0.005591,0.776,0.9776,0
175,4757,3024,1,3,3,1.9076,1,15.3,0,3019,4.66,0.9965,3034.5,5,1.0,80,4,4,1467,0.000551,0.0246,10.846,174,79.7,0.0125,0.0046,0,0,0,0,0.059548,0.015625,47,0.7376,13.6416,0.433,32,2,46,812,1191,474,0.0008,0.9992,837.2,3.8,0.0506,0.010267,0.006036,1.7009,1.0701,0
176,4755,2931,1,4,3,1.8674,1,15.3,4,2922,4.44,0.969,3024.7,9,1.0,81,1,0,1467,0.000716,0.0271,19.4384,175,79.7,0.0127,0.0054,0,0,0,0,0.054167,0.015625,47,0.7115,13.6957,0.4326,32,2,47,760,1143,458,0.0009,0.9991,821.9,3.8,0.0506,0,0.005461,0.0,0.9,0
177,4752,3050,0,0,3,1.8504,2,16.5,3065,0,4.6,1.0144,3029.3,8,1.0,81,0,0,1466,0.000515,0.0316,17.2786,176,80.7,0.0131,0.0058,0,0,0,0,0.065263,0.015625,47,0.7606,13.761,0.4324,32,2,47,808,1202,465,0.0009,0.9991,817.8,3.7,0.0506,0,0.004941,0.0,0.9,0
178,4751,3054,3,5,3,1.8504,1,22.4,3076,0,4.7,1.0187,3035.3,16,1.0,81,4,4,1498,0.000625,0.0248,30.1724,177,81.6,0.0128,0.0054,1,0,0,0,0.051653,0.015625,47,0.6975,13.8044,0.4318,32,1,48,794,1199,479,0.001,0.999,816.4,3.9,0.0506,0.012397,0.005651,2.1936,1.1194,0
179,4750,3049,2,5,1,1.913,1,19.7,3034,0,4.59,1.005,3036.8,18,1.0,86,7,2,1536,0.000785,0.027,34.6939,178,77.8,0.0128,0.0058,2,0,0,0,0.042471,0.015625,50,0.6321,13.8468,0.4309,32,3,51,820,1161,476,0.0011,0.9989,749.2,3.8,0.0504,0.003861,0.005481,0.7045,0.9704,0
180,4745,2978,1,5,3,1.956,2,15.3,0,2973,4.53,0.9824,3031.2,5,1.0,84,1,3,1520,0.000726,0.0282,9.8619,179,80.3,0.0131,0.0051,1,0,0,0,0.050752,0.015625,50,0.6921,13.8938,0.4301,32,3,49,755,1214,453,0.0012,0.9988,784.4,3.8,0.0507,0.00188,0.005138,0.3659,0.9366,0
181,4744,3002,0,0,3,1.9612,2,15.3,0,2997,4.63,0.9913,3028.5,5,1.0,82,0,2,1502,0.000587,0.0297,10.4384,180,82.8,0.0128,0.0057,0,1,0,0,0.061386,0.015625,50,0.7455,13.9552,0.4296,31,2,49,781,1189,495,0.0012,0.9988,747.8,3.9,0.0507,0.00396,0.005026,0.788,0.9788,0
182,4741,2932,1,5,3,1.9547,1,15.3,0,2922,4.51,0.9711,3019.3,10,1.0,81,1,2,1517,0.000682,0.0253,21.9298,181,84.8,0.0129,0.0046,1,1,0,0,0.059072,0.015625,50,0.7355,14.0143,0.4289,31,1,49,738,1162,438,0.0007,0.9993,753.6,3.9,0.0509,0.008439,0.005351,1.5771,1.0577,0
183,4737,3030,1,4,3,1.9485,1,15.1,3035,0,4.57,1.0074,3021.6,9,1.0,82,1,0,1513,0.000736,0.0261,20.5011,182,84.7,0.0129,0.0051,0,0,0,0,0.052174,0.015625,50,0.7005,14.0665,0.4281,32,1,49,808,1160,486,0.0009,0.9991,769.9,3.8,0.0514,0,0.004841,0.0,0.9,0
184,4734,3021,0,0,1,1.9359,2,15.3,3,3018,4.59,0.9998,3021.6,3,1.0,83,3,2,1519,0.000543,0.0261,6.3025,183,84.5,0.0132,0.0053,0,0,0,0,0.056225,0.015625,50,0.7221,14.1227,0.4273,32,1,50,760,1220,466,0.0007,0.9993,748.4,3.9,0.0509,0.0,0.00438,0.0,0.9,0
185,4732,3038,2,5,3,1.8796,1,15.2,3039,0,4.68,1.0067,3023.7,5,1.0,83,2,2,1556,0.000624,0.0296,10.3734,184,85.4,0.013,0.0056,2,0,0,0,0.049407,0.015625,50,0.6838,14.1622,0.4266,32,1,50,766,1187,455,0.0011,0.9989,781.4,3.7,0.0512,0.003953,0.004339,0.9109,0.9911,0
186,4730,2897,0,0,3,1.9312,1,15.3,0,2889,4.45,0.9619,3011.6,8,1.0,84,3,2,1562,0.000717,0.0285,14.862,185,85.4,0.0119,0.0048,0,0,0,0,0.046748,0.015625,48,0.6658,14.1968,0.4258,32,1,51,791,1084,478,0.0005,0.9995,761.0,3.9,0.0512,0.006098,0.004507,1.353,1.0353,0
187,4730,3019,1,5,1,1.9456,1,15.2,3022,0,4.61,1.0046,3013.1,5,1.0,85,1,0,1568,0.000654,0.0244,9.7466,186,85.4,0.0126,0.0048,1,0,0,0,0.052632,0.015625,48,0.7031,14.2494,0.4253,32,1,52,829,1131,502,0.0014,0.9986,744.2,3.9,0.0509,0,0.004078,0.0,0.9,0
188,4730,2979,2,5,1,1.9482,1,15.4,5,2969,4.51,0.9897,3009.9,10,1.0,83,2,4,1572,0.000641,0.0299,20.7039,187,85.6,0.0124,0.0046,2,1,0,0,0.059761,0.015625,47,0.7385,14.3012,0.4248,32,0,51,796,1099,526,0.0005,0.9995,794.3,4.1,0.0514,0.005976,0.004258,1.4034,1.0403,0
189,4728,2955,0,0,3,1.999,2,15.2,0,2950,4.53,0.9835,3004.6,5,1.0,83,0,0,1558,0.00072,0.0239,11.236,188,86.6,0.0126,0.0048,0,0,0,0,0.054348,0.015625,47,0.7125,14.3469,0.424,32,0,51,747,1113,482,0.0008,0.9992,790.6,3.9,0.0514,0,0.003853,0.0,0.9,0
190,4722,3031,1,5,3,1.9823,1,15.3,3049,0,4.54,1.0169,3010.0,12,1.0,83,3,3,1567,0.000632,0.0339,23.8569,189,85.8,0.0132,0.0057,1,2,0,0,0.056497,0.015625,47,0.7234,14.392,0.4236,32,0,51,807,1149,479,0.0009,0.9991,785.6,3.9,0.0514,0.007533,0.004203,1.7921,1.0792,0
191,4717,2988,1,5,3,1.9872,1,15.2,5,2978,4.49,0.9934,3007.9,10,1.0,83,1,1,1561,0.000759,0.0253,22.1729,190,86.8,0.0127,0.0045,1,0,0,0,0.048421,0.015625,48,0.6773,14.4405,0.423,33,0,50,736,1214,464,0.001,0.999,764.7,3.9,0.0514,0.004211,0.004204,1.0016,1.0002,0
192,4708,2955,1,5,3,1.985,2,15.2,7,2943,4.57,0.9841,3002.9,12,1.0,84,4,3,1583,0.00071,0.0255,24.6407,191,86.6,0.0124,0.0052,1,1,0,0,0.056863,0.015625,50,0.7252,14.4718,0.4223,33,0,51,725,1178,468,0.0008,0.9992,772.0,4.0,0.0515,0.005882,0.004364,1.348,1.0348,0
193,4705,2966,2,5,3,1.9354,2,22.0,0,2952,4.54,0.9889,2999.4,14,1.0,86,3,1,1580,0.00075,0.027,28.1124,192,84.4,0.0126,0.0051,1,0,0,0,0.05395,0.015625,49,0.7104,14.52,0.4217,33,0,53,780,1189,453,0.001,0.999,795.6,3.8,0.0514,0.0,0.003948,0.0,0.9,0
194,4701,3001,0,0,3,1.9436,2,19.0,3002,0,4.63,1.0008,2999.6,0,1.0,86,0,0,1578,0.000616,0.0271,0.0,193,85.4,0.0123,0.0047,0,0,0,0,0.05029,0.015625,49,0.6893,14.5664,0.4211,33,0,53,761,1194,501,0.0009,0.9991,766.6,3.8,0.0514,0,0.003572,0.0,0.9,0
195,4693,2959,0,0,3,1.8987,1,15.0,0,2959,4.57,0.9877,2995.7,0,1.0,85,0,1,1576,0.000556,0.0264,0.0,194,87.4,0.0124,0.0052,0,0,0,0,0.052738,0.015625,49,0.7037,14.6009,0.4207,33,0,52,791,1160,462,0.0007,0.9993,759.1,4.0,0.0514,0.004057,0.003618,1.1212,1.0121,0
196,4691,2951,1,3,3,1.937,1,15.2,0,2951,4.5,0.9865,2991.5,0,1.0,86,1,0,1582,0.000555,0.0312,0.0,195,87.4,0.013,0.0054,0,0,0,0,0.066528,0.015625,48,0.7651,14.6674,0.4203,34,0,52,722,1172,473,0.0007,0.9993,756.5,3.9,0.0512,0,0.003274,0.0,0.9,0
197,4689,2918,0,0,3,1.8735,1,15.0,0,2918,4.51,0.9777,2984.5,0,1.0,86,0,0,1581,0.000479,0.0333,0.0,196,88.4,0.012,0.0057,0,0,0,0,0.070686,0.015625,48,0.779,14.7381,0.4199,34,0,52,743,1196,430,0.0014,0.9986,793.0,3.7,0.0512,0,0.002962,0.0,0.9,0
198,4682,2932,0,0,3,1.8661,1,15.2,0,2932,4.53,0.9841,2979.5,0,1.0,83,0,3,1535,0.000479,0.0283,0.0,197,91.3,0.0131,0.0056,0,2,0,0,0.069565,0.015625,47,0.7754,14.8077,0.4195,34,0,49,783,1150,473,0.0012,0.9988,783.0,3.9,0.0513,0.0,0.00268,0.0,0.9,0
199,4678,3046,0,0,3,1.7914,1,15.0,3119,0,4.64,1.0425,2992.9,1,1.0,82,1,2,1544,0.0005,0.0264,0.0,198,93.3,0.013,0.005,0,0,0,0,0.052731,0.015625,48,0.7037,14.8567,0.4192,33,0,49,793,1216,471,0.0008,0.9992,776.1,4.0,0.0513,0.003766,0.002783,1.3532,1.0353,0
200,4670,2954,2,5,1,1.9377,1,15.2,3,2942,4.57,0.9882,2989.2,12,1.0,84,5,3,1583,0.000627,0.027,16.4342,199,92.1,0.0124,0.0046,2,0,0,0,0.064449,0.015625,48,0.7576,14.9086,0.4189,33,0,51,779,1158,464,0.0009,0.9991,806.6,3.8,0.0513,0.008316,0.00331,2.5122,1.1512,0
