seed,event_id,source_cid,input_atom,rank,candidate_word,probability
0,0_atom_0,198,BOD.ear,1,access,0.0228
0,0_atom_0,198,BOD.ear,2,land,0.0203
0,0_atom_0,198,BOD.ear,3,peak,0.0198
0,0_atom_0,198,BOD.ear,4,ground,0.0193
0,0_atom_0,198,BOD.ear,5,shore,0.0191
0,0_atom_0,198,BOD.ear,6,top,0.0131
0,0_atom_0,198,BOD.ear,7,reach,0.0125
0,0_atom_0,198,BOD.ear,8,arrive at,0.0120
0,0_atom_0,198,BOD.ear,9,get through,0.0118
0,0_atom_0,198,BOD.ear,10,find,0.0118
0,0_atom_100,100,BOD.ear,1,access,0.0228
0,0_atom_100,100,BOD.ear,2,land,0.0203
0,0_atom_100,100,BOD.ear,3,peak,0.0198
0,0_atom_100,100,BOD.ear,4,ground,0.0193
0,0_atom_100,100,BOD.ear,5,shore,0.0191
0,0_atom_100,100,BOD.ear,6,top,0.0131
0,0_atom_100,100,BOD.ear,7,reach,0.0125
0,0_atom_100,100,BOD.ear,8,arrive at,0.0120
0,0_atom_100,100,BOD.ear,9,get through,0.0118
0,0_atom_100,100,BOD.ear,10,find,0.0118
1,1_atom_10,98,PER.see,1,smell,0.0083
1,1_atom_10,98,PER.see,2,scent,0.0083
1,1_atom_10,98,PER.see,3,perfume,0.0081
1,1_atom_10,98,PER.see,4,incense,0.0076
1,1_atom_10,98,PER.see,5,sniff,0.0061
1,1_atom_10,98,PER.see,6,nose,0.0055
1,1_atom_10,98,PER.see,7,snuff,0.0054
1,1_atom_10,98,PER.see,8,fragrant,0.0042
1,1_atom_10,98,PER.see,9,aromatic,0.0042
1,1_atom_10,98,PER.see,10,aroma,0.0041
1,1_atom_1002,123,EXS.being,1,heat,0.0131
1,1_atom_1002,123,EXS.being,2,esteem,0.0117
1,1_atom_1002,123,EXS.being,3,respect,0.0114
1,1_atom_1002,123,EXS.being,4,envy,0.0108
1,1_atom_1002,123,EXS.being,5,fear,0.0084
1,1_atom_1002,123,EXS.being,6,scare,0.0084
1,1_atom_1002,123,EXS.being,7,trouble,0.0084
1,1_atom_1002,123,EXS.being,8,worry,0.0083
1,1_atom_1002,123,EXS.being,9,care,0.0083
1,1_atom_1002,123,EXS.being,10,disquiet,0.0083
3,3_atom_10,172,PER.see,1,start,0.0120
3,3_atom_10,172,PER.see,2,get to,0.0120
3,3_atom_10,172,PER.see,3,apprentice,0.0115
3,3_atom_10,172,PER.see,4,land,0.0112
3,3_atom_10,172,PER.see,5,access,0.0110
3,3_atom_10,172,PER.see,6,initiate,0.0109
3,3_atom_10,172,PER.see,7,ground,0.0107
3,3_atom_10,172,PER.see,8,shore,0.0106
3,3_atom_10,172,PER.see,9,fledgling,0.0105
3,3_atom_10,172,PER.see,10,peak,0.0102
3,3_atom_1013,271,PER.see,1,start,0.0120
3,3_atom_1013,271,PER.see,2,get to,0.0120
3,3_atom_1013,271,PER.see,3,apprentice,0.0115
3,3_atom_1013,271,PER.see,4,land,0.0112
3,3_atom_1013,271,PER.see,5,access,0.0110
3,3_atom_1013,271,PER.see,6,initiate,0.0109
3,3_atom_1013,271,PER.see,7,ground,0.0107
3,3_atom_1013,271,PER.see,8,shore,0.0106
3,3_atom_1013,271,PER.see,9,fledgling,0.0105
3,3_atom_1013,271,PER.see,10,peak,0.0102
4,4_atom_1004,110,EXS.nonbeing,1,think,0.0116
4,4_atom_1004,110,EXS.nonbeing,2,despair,0.0096
4,4_atom_1004,110,EXS.nonbeing,3,dismay,0.0096
4,4_atom_1004,110,EXS.nonbeing,4,desperate,0.0092
4,4_atom_1004,110,EXS.nonbeing,5,will,0.0089
4,4_atom_1004,110,EXS.nonbeing,6,dim,0.0085
4,4_atom_1004,110,EXS.nonbeing,7,purpose,0.0085
4,4_atom_1004,110,EXS.nonbeing,8,stupid,0.0083
4,4_atom_1004,110,EXS.nonbeing,9,aspirant,0.0083
4,4_atom_1004,110,EXS.nonbeing,10,mind,0.0083
4,4_atom_1028,204,EXS.nonbeing,1,think,0.0116
4,4_atom_1028,204,EXS.nonbeing,2,despair,0.0096
4,4_atom_1028,204,EXS.nonbeing,3,dismay,0.0096
4,4_atom_1028,204,EXS.nonbeing,4,desperate,0.0092
4,4_atom_1028,204,EXS.nonbeing,5,will,0.0089
4,4_atom_1028,204,EXS.nonbeing,6,dim,0.0085
4,4_atom_1028,204,EXS.nonbeing,7,purpose,0.0085
4,4_atom_1028,204,EXS.nonbeing,8,stupid,0.0083
4,4_atom_1028,204,EXS.nonbeing,9,aspirant,0.0083
4,4_atom_1028,204,EXS.nonbeing,10,mind,0.0083
5,5_atom_1004,269,EXS.nonbeing,1,present,0.0104
5,5_atom_1004,269,EXS.nonbeing,2,time,0.0101
5,5_atom_1004,269,EXS.nonbeing,3,reflex,0.0098
5,5_atom_1004,269,EXS.nonbeing,4,temporal,0.0095
5,5_atom_1004,269,EXS.nonbeing,5,future,0.0094
5,5_atom_1004,269,EXS.nonbeing,6,rule,0.0091
5,5_atom_1004,269,EXS.nonbeing,7,mindless,0.0087
5,5_atom_1004,269,EXS.nonbeing,8,mind,0.0083
5,5_atom_1004,269,EXS.nonbeing,9,feel,0.0083
5,5_atom_1004,269,EXS.nonbeing,10,subconscious,0.0081
5,5_atom_1011,120,PER.hear,1,male,0.0129
5,5_atom_1011,120,PER.hear,2,human,0.0125
5,5_atom_1011,120,PER.hear,3,Neanderthal,0.0121
5,5_atom_1011,120,PER.hear,4,set,0.0095
5,5_atom_1011,120,PER.hear,5,shape,0.0094
5,5_atom_1011,120,PER.hear,6,brain,0.0093
5,5_atom_1011,120,PER.hear,7,contour,0.0091
5,5_atom_1011,120,PER.hear,8,subconscious,0.0091
5,5_atom_1011,120,PER.hear,9,easy,0.0077
5,5_atom_1011,120,PER.hear,10,boy,0.0067
6,6_atom_1002,99,EXS.being,1,present,0.0094
6,6_atom_1002,99,EXS.being,2,flirt,0.0073
6,6_atom_1002,99,EXS.being,3,self,0.0051
6,6_atom_1002,99,EXS.being,4,say,0.0050
6,6_atom_1002,99,EXS.being,5,hiss,0.0049
6,6_atom_1002,99,EXS.being,6,shout,0.0048
6,6_atom_1002,99,EXS.being,7,stammer,0.0048
6,6_atom_1002,99,EXS.being,8,rant,0.0048
6,6_atom_1002,99,EXS.being,9,harangue,0.0047
6,6_atom_1002,99,EXS.being,10,spiel,0.0047
6,6_atom_1015,162,PRP.bright,1,recall,0.0363
6,6_atom_1015,162,PRP.bright,2,review,0.0358
6,6_atom_1015,162,PRP.bright,3,retrospect,0.0343
6,6_atom_1015,162,PRP.bright,4,sea,0.0221
6,6_atom_1015,162,PRP.bright,5,South Sea,0.0219
6,6_atom_1015,162,PRP.bright,6,deep,0.0209
6,6_atom_1015,162,PRP.bright,7,ocean,0.0200
6,6_atom_1015,162,PRP.bright,8,oceanic,0.0195
6,6_atom_1015,162,PRP.bright,9,Marine,0.0193
6,6_atom_1015,162,PRP.bright,10,retentiveness,0.0185
7,7_atom_10,147,PER.see,1,honey,0.0235
7,7_atom_10,147,PER.see,2,male,0.0194
7,7_atom_10,147,PER.see,3,human,0.0187
7,7_atom_10,147,PER.see,4,Neanderthal,0.0181
7,7_atom_10,147,PER.see,5,scented,0.0134
7,7_atom_10,147,PER.see,6,sweet,0.0134
7,7_atom_10,147,PER.see,7,sweet-flavored,0.0133
7,7_atom_10,147,PER.see,8,sugary,0.0132
7,7_atom_10,147,PER.see,9,sweetness,0.0132
7,7_atom_10,147,PER.see,10,sweet-scented,0.0131
7,7_atom_1013,236,PER.see,1,honey,0.0235
7,7_atom_1013,236,PER.see,2,male,0.0194
7,7_atom_1013,236,PER.see,3,human,0.0187
7,7_atom_1013,236,PER.see,4,Neanderthal,0.0181
7,7_atom_1013,236,PER.see,5,scented,0.0134
7,7_atom_1013,236,PER.see,6,sweet,0.0134
7,7_atom_1013,236,PER.see,7,sweet-flavored,0.0133
7,7_atom_1013,236,PER.see,8,sugary,0.0132
7,7_atom_1013,236,PER.see,9,sweetness,0.0132
7,7_atom_1013,236,PER.see,10,sweet-scented,0.0131
8,8_atom_10,19,PER.see,1,quick,0.0172
8,8_atom_10,19,PER.see,2,fast,0.0161
8,8_atom_10,19,PER.see,3,diet,0.0144
8,8_atom_10,19,PER.see,4,prompt,0.0116
8,8_atom_10,19,PER.see,5,crescent,0.0089
8,8_atom_10,19,PER.see,6,fleet,0.0087
8,8_atom_10,19,PER.see,7,swift,0.0087
8,8_atom_10,19,PER.see,8,agile,0.0086
8,8_atom_10,19,PER.see,9,immediate,0.0084
8,8_atom_10,19,PER.see,10,rapidness,0.0083
8,8_atom_1013,137,PER.see,1,quick,0.0172
8,8_atom_1013,137,PER.see,2,fast,0.0161
8,8_atom_1013,137,PER.see,3,diet,0.0144
8,8_atom_1013,137,PER.see,4,prompt,0.0116
8,8_atom_1013,137,PER.see,5,crescent,0.0089
8,8_atom_1013,137,PER.see,6,fleet,0.0087
8,8_atom_1013,137,PER.see,7,swift,0.0087
8,8_atom_1013,137,PER.see,8,agile,0.0086
8,8_atom_1013,137,PER.see,9,immediate,0.0084
8,8_atom_1013,137,PER.see,10,rapidness,0.0083
11,11_atom_1004,140,EXS.nonbeing,1,sense,0.0131
11,11_atom_1004,140,EXS.nonbeing,2,instinct,0.0116
11,11_atom_1004,140,EXS.nonbeing,3,intuitive feeling,0.0067
11,11_atom_1004,140,EXS.nonbeing,4,immediacy,0.0066
11,11_atom_1004,140,EXS.nonbeing,5,immediate apprehension,0.0066
11,11_atom_1004,140,EXS.nonbeing,6,intuition,0.0066
11,11_atom_1004,140,EXS.nonbeing,7,replete,0.0066
11,11_atom_1004,140,EXS.nonbeing,8,intuit,0.0065
11,11_atom_1004,140,EXS.nonbeing,9,Gnostic,0.0064
11,11_atom_1004,140,EXS.nonbeing,10,full,0.0063
11,11_atom_1028,185,EXS.nonbeing,1,sense,0.0131
11,11_atom_1028,185,EXS.nonbeing,2,instinct,0.0116
11,11_atom_1028,185,EXS.nonbeing,3,intuitive feeling,0.0067
11,11_atom_1028,185,EXS.nonbeing,4,immediacy,0.0066
11,11_atom_1028,185,EXS.nonbeing,5,immediate apprehension,0.0066
11,11_atom_1028,185,EXS.nonbeing,6,intuition,0.0066
11,11_atom_1028,185,EXS.nonbeing,7,replete,0.0066
11,11_atom_1028,185,EXS.nonbeing,8,intuit,0.0065
11,11_atom_1028,185,EXS.nonbeing,9,Gnostic,0.0064
11,11_atom_1028,185,EXS.nonbeing,10,full,0.0063
12,12_atom_10,142,PER.see,1,quiet,0.0359
12,12_atom_10,142,PER.see,2,mum,0.0342
12,12_atom_10,142,PER.see,3,reek,0.0295
12,12_atom_10,142,PER.see,4,stink,0.0291
12,12_atom_10,142,PER.see,5,smell,0.0289
12,12_atom_10,142,PER.see,6,still,0.0187
12,12_atom_10,142,PER.see,7,silence,0.0185
12,12_atom_10,142,PER.see,8,tranquility,0.0182
12,12_atom_10,142,PER.see,9,stillness,0.0181
12,12_atom_10,142,PER.see,10,noiseless,0.0179
12,12_atom_1008,145,PER.smell,1,deaf,0.0095
12,12_atom_1008,145,PER.smell,2,melt,0.0094
12,12_atom_1008,145,PER.smell,3,perfume,0.0089
12,12_atom_1008,145,PER.smell,4,smell,0.0088
12,12_atom_1008,145,PER.smell,5,scent,0.0086
12,12_atom_1008,145,PER.smell,6,scatter,0.0085
12,12_atom_1008,145,PER.smell,7,find,0.0082
12,12_atom_1008,145,PER.smell,8,incense,0.0076
12,12_atom_1008,145,PER.smell,9,hearing,0.0070
12,12_atom_1008,145,PER.smell,10,southerly,0.0069
13,13_atom_1005,63,FND.timeless,1,exempt,0.0257
13,13_atom_1005,63,FND.timeless,2,excuse,0.0241
13,13_atom_1005,63,FND.timeless,3,immune,0.0237
13,13_atom_1005,63,FND.timeless,4,self,0.0170
13,13_atom_1005,63,FND.timeless,5,reason,0.0153
13,13_atom_1005,63,FND.timeless,6,fraction,0.0145
13,13_atom_1005,63,FND.timeless,7,excused,0.0134
13,13_atom_1005,63,FND.timeless,8,let off,0.0134
13,13_atom_1005,63,FND.timeless,9,spare,0.0133
13,13_atom_1005,63,FND.timeless,10,ground,0.0132
13,13_atom_1030,143,FND.timeless,1,exempt,0.0257
13,13_atom_1030,143,FND.timeless,2,excuse,0.0241
13,13_atom_1030,143,FND.timeless,3,immune,0.0237
13,13_atom_1030,143,FND.timeless,4,self,0.0170
13,13_atom_1030,143,FND.timeless,5,reason,0.0153
13,13_atom_1030,143,FND.timeless,6,fraction,0.0145
13,13_atom_1030,143,FND.timeless,7,excused,0.0134
13,13_atom_1030,143,FND.timeless,8,let off,0.0134
13,13_atom_1030,143,FND.timeless,9,spare,0.0133
13,13_atom_1030,143,FND.timeless,10,ground,0.0132
14,14_atom_1011,137,PER.hear,1,flavorless,0.0112
14,14_atom_1011,137,PER.hear,2,purchase,0.0111
14,14_atom_1011,137,PER.hear,3,flatness,0.0111
14,14_atom_1011,137,PER.hear,4,unstimulating,0.0110
14,14_atom_1011,137,PER.hear,5,tacky,0.0108
14,14_atom_1011,137,PER.hear,6,unsalted,0.0108
14,14_atom_1011,137,PER.hear,7,savorless,0.0107
14,14_atom_1011,137,PER.hear,8,savourlessness,0.0106
14,14_atom_1011,137,PER.hear,9,flavourless,0.0106
14,14_atom_1011,137,PER.hear,10,take,0.0106
14,14_atom_1037,126,PER.hear,1,flavorless,0.0112
14,14_atom_1037,126,PER.hear,2,purchase,0.0111
14,14_atom_1037,126,PER.hear,3,flatness,0.0111
14,14_atom_1037,126,PER.hear,4,unstimulating,0.0110
14,14_atom_1037,126,PER.hear,5,tacky,0.0108
14,14_atom_1037,126,PER.hear,6,unsalted,0.0108
14,14_atom_1037,126,PER.hear,7,savorless,0.0107
14,14_atom_1037,126,PER.hear,8,savourlessness,0.0106
14,14_atom_1037,126,PER.hear,9,flavourless,0.0106
14,14_atom_1037,126,PER.hear,10,take,0.0106
15,15_atom_1004,152,EXS.nonbeing,1,mind,0.0154
15,15_atom_1004,152,EXS.nonbeing,2,subconscious,0.0122
15,15_atom_1004,152,EXS.nonbeing,3,think,0.0110
15,15_atom_1004,152,EXS.nonbeing,4,thought,0.0093
15,15_atom_1004,152,EXS.nonbeing,5,reckon,0.0070
15,15_atom_1004,152,EXS.nonbeing,6,thinking,0.0069
15,15_atom_1004,152,EXS.nonbeing,7,excogitation,0.0069
15,15_atom_1004,152,EXS.nonbeing,8,ratiocinate,0.0068
15,15_atom_1004,152,EXS.nonbeing,9,interpret,0.0068
15,15_atom_1004,152,EXS.nonbeing,10,ruminate,0.0068
15,15_atom_1008,103,PER.smell,1,express,0.0035
15,15_atom_1008,103,PER.smell,2,manifest,0.0032
15,15_atom_1008,103,PER.smell,3,display,0.0020
15,15_atom_1008,103,PER.smell,4,carry,0.0019
15,15_atom_1008,103,PER.smell,5,evidence,0.0019
15,15_atom_1008,103,PER.smell,6,turn,0.0019
15,15_atom_1008,103,PER.smell,7,slop,0.0018
15,15_atom_1008,103,PER.smell,8,feather,0.0016
15,15_atom_1008,103,PER.smell,9,drive,0.0015
15,15_atom_1008,103,PER.smell,10,run,0.0015
16,16_atom_1002,147,EXS.being,1,buy,0.0070
16,16_atom_1002,147,EXS.being,2,tiller,0.0068
16,16_atom_1002,147,EXS.being,3,extract,0.0064
16,16_atom_1002,147,EXS.being,4,purchase,0.0063
16,16_atom_1002,147,EXS.being,5,bum,0.0061
16,16_atom_1002,147,EXS.being,6,rent,0.0061
16,16_atom_1002,147,EXS.being,7,feather,0.0061
16,16_atom_1002,147,EXS.being,8,share,0.0060
16,16_atom_1002,147,EXS.being,9,take,0.0060
16,16_atom_1002,147,EXS.being,10,profit,0.0060
16,16_atom_1027,219,EXS.being,1,buy,0.0070
16,16_atom_1027,219,EXS.being,2,tiller,0.0068
16,16_atom_1027,219,EXS.being,3,extract,0.0064
16,16_atom_1027,219,EXS.being,4,purchase,0.0063
16,16_atom_1027,219,EXS.being,5,bum,0.0061
16,16_atom_1027,219,EXS.being,6,rent,0.0061
16,16_atom_1027,219,EXS.being,7,feather,0.0061
16,16_atom_1027,219,EXS.being,8,share,0.0060
16,16_atom_1027,219,EXS.being,9,take,0.0060
16,16_atom_1027,219,EXS.being,10,profit,0.0060
18,18_atom_1015,78,PRP.bright,1,leash,0.0113
18,18_atom_1015,78,PRP.bright,2,muzzle,0.0112
18,18_atom_1015,78,PRP.bright,3,knot,0.0110
18,18_atom_1015,78,PRP.bright,4,rope,0.0109
18,18_atom_1015,78,PRP.bright,5,bound,0.0109
18,18_atom_1015,78,PRP.bright,6,strap,0.0108
18,18_atom_1015,78,PRP.bright,7,tie,0.0107
18,18_atom_1015,78,PRP.bright,8,cord,0.0106
18,18_atom_1015,78,PRP.bright,9,gag,0.0106
18,18_atom_1015,78,PRP.bright,10,trammel,0.0105
18,18_atom_1040,167,PRP.bright,1,leash,0.0113
18,18_atom_1040,167,PRP.bright,2,muzzle,0.0112
18,18_atom_1040,167,PRP.bright,3,knot,0.0110
18,18_atom_1040,167,PRP.bright,4,rope,0.0109
18,18_atom_1040,167,PRP.bright,5,bound,0.0109
18,18_atom_1040,167,PRP.bright,6,strap,0.0108
18,18_atom_1040,167,PRP.bright,7,tie,0.0107
18,18_atom_1040,167,PRP.bright,8,cord,0.0106
18,18_atom_1040,167,PRP.bright,9,gag,0.0106
18,18_atom_1040,167,PRP.bright,10,trammel,0.0105
