seed,n_events,rank,candidate_word,total_prob,mean_prob_per_event
0,100,1,access,2.281426,0.022814
0,100,2,land,2.030868,0.020309
0,100,3,peak,1.982425,0.019824
0,100,4,ground,1.931461,0.019315
0,100,5,shore,1.910295,0.019103
0,100,6,top,1.314641,0.013146
0,100,7,reach,1.248283,0.012483
0,100,8,arrive at,1.200939,0.012009
0,100,9,get through,1.181194,0.011812
0,100,10,find,1.177396,0.011774
0,100,11,pull in,1.162822,0.011628
0,100,12,make,1.155733,0.011557
0,100,13,reaching,1.111257,0.011113
0,100,14,top out,1.100442,0.011004
0,100,15,put down,1.094486,0.010945
0,100,16,come through,1.087065,0.010871
0,100,17,landing,1.084560,0.010846
0,100,18,lander,1.083567,0.010836
0,100,19,disembarkation,1.081170,0.010812
0,100,20,get to,1.077637,0.010776
1,400,1,regard,2.693989,0.006735
1,400,2,look,2.219102,0.005548
1,400,3,peep,2.057515,0.005144
1,400,4,esteem,2.045528,0.005114
1,400,5,squint,1.996239,0.004991
1,400,6,respect,1.986217,0.004966
1,400,7,admire,1.920071,0.004800
1,400,8,peek,1.918001,0.004795
1,400,9,front,1.908546,0.004771
1,400,10,envy,1.886799,0.004717
1,400,11,see,1.886234,0.004716
1,400,12,glance,1.874833,0.004687
1,400,13,witness,1.871406,0.004679
1,400,14,gaze,1.866438,0.004666
1,400,15,eyeball,1.859963,0.004650
1,400,16,eye,1.824476,0.004561
1,400,17,admirer,1.763781,0.004409
1,400,18,stare,1.752400,0.004381
1,400,19,gape,1.751872,0.004380
1,400,20,glimpse,1.608503,0.004021
3,100,1,start,1.203463,0.012035
3,100,2,get to,1.201421,0.012014
3,100,3,apprentice,1.148696,0.011487
3,100,4,land,1.124270,0.011243
3,100,5,access,1.100660,0.011007
3,100,6,initiate,1.094793,0.010948
3,100,7,ground,1.069239,0.010692
3,100,8,shore,1.057521,0.010575
3,100,9,fledgling,1.049932,0.010499
3,100,10,peak,1.022503,0.010225
3,100,11,fall,1.016201,0.010162
3,100,12,hope,0.933103,0.009331
3,100,13,hopeful,0.912305,0.009123
3,100,14,aspirant,0.890400,0.008904
3,100,15,promise,0.867444,0.008674
3,100,16,forfeit,0.794300,0.007943
3,100,17,enlightened,0.728487,0.007285
3,100,18,sacrifice,0.725672,0.007257
3,100,19,get rolling,0.652673,0.006527
3,100,20,lead off,0.651727,0.006517
4,100,1,think,1.161626,0.011616
4,100,2,despair,0.960095,0.009601
4,100,3,dismay,0.958449,0.009584
4,100,4,desperate,0.917688,0.009177
4,100,5,will,0.885565,0.008856
4,100,6,dim,0.849844,0.008498
4,100,7,purpose,0.847446,0.008474
4,100,8,stupid,0.832435,0.008324
4,100,9,aspirant,0.831805,0.008318
4,100,10,mind,0.826881,0.008269
4,100,11,project,0.786143,0.007861
4,100,12,review,0.763123,0.007631
4,100,13,recall,0.756564,0.007566
4,100,14,design,0.730793,0.007308
4,100,15,mindless,0.710981,0.007110
4,100,16,unthinking,0.679299,0.006793
4,100,17,understudy,0.643473,0.006435
4,100,18,reflex,0.539216,0.005392
4,100,19,resign,0.493570,0.004936
4,100,20,heartsick,0.492922,0.004929
5,200,1,male,2.079403,0.010397
5,200,2,human,2.004466,0.010022
5,200,3,Neanderthal,1.944595,0.009723
5,200,4,subconscious,1.724756,0.008624
5,200,5,mind,1.273742,0.006369
5,200,6,boy,1.077565,0.005388
5,200,7,fellow,1.056042,0.005280
5,200,8,homo,1.051723,0.005259
5,200,9,maleness,1.042817,0.005214
5,200,10,adult male,1.042669,0.005213
5,200,11,present,1.040679,0.005203
5,200,12,male horse,1.025668,0.005128
5,200,13,man,1.021698,0.005108
5,200,14,bachelor,1.014576,0.005073
5,200,15,manly,1.009118,0.005046
5,200,16,time,1.005106,0.005026
5,200,17,Homo sapiens,1.004575,0.005023
5,200,18,male offspring,1.001373,0.005007
5,200,19,bachelorhood,1.001211,0.005006
5,200,20,colt,1.000479,0.005002
6,200,1,recall,3.626706,0.018134
6,200,2,review,3.580376,0.017902
6,200,3,retrospect,3.434863,0.017174
6,200,4,sea,2.208758,0.011044
6,200,5,South Sea,2.187383,0.010937
6,200,6,deep,2.087564,0.010438
6,200,7,ocean,2.000683,0.010003
6,200,8,oceanic,1.946372,0.009732
6,200,9,Marine,1.933906,0.009670
6,200,10,retentiveness,1.848406,0.009242
6,200,11,retentive,1.827939,0.009140
6,200,12,recollection,1.826314,0.009132
6,200,13,retain,1.820159,0.009101
6,200,14,retrieval,1.815837,0.009079
6,200,15,remember,1.814177,0.009071
6,200,16,retention,1.798387,0.008992
6,200,17,recollect,1.797604,0.008988
6,200,18,anamnesis,1.793757,0.008969
6,200,19,retrospective,1.777586,0.008888
6,200,20,retentivity,1.769326,0.008847
7,100,1,honey,2.346481,0.023465
7,100,2,male,1.935955,0.019360
7,100,3,human,1.866188,0.018662
7,100,4,Neanderthal,1.810447,0.018104
7,100,5,scented,1.341415,0.013414
7,100,6,sweet,1.340979,0.013410
7,100,7,sweet-flavored,1.332331,0.013323
7,100,8,sugary,1.324974,0.013250
7,100,9,sweetness,1.324735,0.013247
7,100,10,sweet-scented,1.314231,0.013142
7,100,11,sweet-smelling,1.311856,0.013119
7,100,12,sweetened,1.307467,0.013075
7,100,13,honeylike,1.305582,0.013056
7,100,14,perfumed,1.298376,0.012984
7,100,15,sugared,1.296192,0.012962
7,100,16,angelical,1.292983,0.012930
7,100,17,honied,1.288877,0.012889
7,100,18,sugariness,1.288103,0.012881
7,100,19,honeyed,1.284654,0.012847
7,100,20,syrupy,1.272157,0.012722
8,100,1,quick,1.715337,0.017153
8,100,2,fast,1.608902,0.016089
8,100,3,diet,1.437398,0.014374
8,100,4,prompt,1.160998,0.011610
8,100,5,crescent,0.891793,0.008918
8,100,6,fleet,0.874145,0.008741
8,100,7,swift,0.870709,0.008707
8,100,8,agile,0.863617,0.008636
8,100,9,immediate,0.842241,0.008422
8,100,10,rapidness,0.834656,0.008347
8,100,11,nimbleness,0.834647,0.008346
8,100,12,prestissimo,0.833850,0.008339
8,100,13,straightaway,0.831734,0.008317
8,100,14,active,0.826246,0.008262
8,100,15,alacritous,0.821130,0.008211
8,100,16,presto,0.815383,0.008154
8,100,17,spry,0.811837,0.008118
8,100,18,allegretto,0.811213,0.008112
8,100,19,high-velocity,0.810378,0.008104
8,100,20,scurrying,0.805794,0.008058
11,100,1,sense,1.307303,0.013073
11,100,2,instinct,1.162171,0.011622
11,100,3,intuitive feeling,0.671858,0.006719
11,100,4,immediacy,0.664040,0.006640
11,100,5,immediate apprehension,0.663141,0.006631
11,100,6,intuition,0.662633,0.006626
11,100,7,replete,0.659054,0.006591
11,100,8,intuit,0.652681,0.006527
11,100,9,Gnostic,0.642535,0.006425
11,100,10,full,0.634165,0.006342
11,100,11,heart,0.629606,0.006296
11,100,12,sixth sense,0.628000,0.006280
11,100,13,word sense,0.623095,0.006231
11,100,14,sense of direction,0.622605,0.006226
11,100,15,insight,0.615673,0.006157
11,100,16,signified,0.614716,0.006147
11,100,17,accept,0.614513,0.006145
11,100,18,bosom,0.608516,0.006085
11,100,19,word meaning,0.606144,0.006061
11,100,20,gnosis,0.604879,0.006049
12,600,1,smell,8.688124,0.014480
12,600,2,incense,5.590698,0.009318
12,600,3,reek,4.389678,0.007316
12,600,4,aromatic,4.361579,0.007269
12,600,5,scent,4.344740,0.007241
12,600,6,stink,4.326113,0.007210
12,600,7,perfume,4.272052,0.007120
12,600,8,fragrant,4.219209,0.007032
12,600,9,deaf,4.131269,0.006885
12,600,10,quiet,3.591198,0.005985
12,600,11,aromatize,3.491880,0.005820
12,600,12,mum,3.424776,0.005708
12,600,13,odour,3.038926,0.005065
12,600,14,bouquet,3.026135,0.005044
12,600,15,odorous,2.949062,0.004915
12,600,16,foulness,2.943355,0.004906
12,600,17,malodorousness,2.939954,0.004900
12,600,18,musky,2.901196,0.004835
12,600,19,muskiness,2.900379,0.004834
12,600,20,stinky,2.896982,0.004828
13,100,1,exempt,2.570144,0.025701
13,100,2,excuse,2.407370,0.024074
13,100,3,immune,2.373075,0.023731
13,100,4,self,1.696186,0.016962
13,100,5,reason,1.526734,0.015267
13,100,6,fraction,1.454841,0.014548
13,100,7,excused,1.337128,0.013371
13,100,8,let off,1.335453,0.013355
13,100,9,spare,1.332610,0.013326
13,100,10,ground,1.324286,0.013243
13,100,11,unsusceptible,1.317105,0.013171
13,100,12,resistant,1.270457,0.012705
13,100,13,exemption,1.267821,0.012678
13,100,14,immunity,1.262528,0.012625
13,100,15,frank,1.261151,0.012612
13,100,16,maroon,1.237375,0.012374
13,100,17,insusceptible,1.208453,0.012085
13,100,18,beg off,1.206734,0.012067
13,100,19,resistance,1.202066,0.012021
13,100,20,privileged,1.173045,0.011730
14,100,1,flavorless,1.124377,0.011244
14,100,2,purchase,1.113426,0.011134
14,100,3,flatness,1.106670,0.011067
14,100,4,unstimulating,1.097144,0.010971
14,100,5,tacky,1.083801,0.010838
14,100,6,unsalted,1.079547,0.010795
14,100,7,savorless,1.067964,0.010680
14,100,8,savourlessness,1.063826,0.010638
14,100,9,flavourless,1.056434,0.010564
14,100,10,take,1.055029,0.010550
14,100,11,flavourlessness,1.049831,0.010498
14,100,12,insipid,1.049225,0.010492
14,100,13,tasteless,1.045745,0.010457
14,100,14,unexciting,1.045184,0.010452
14,100,15,present,1.043359,0.010434
14,100,16,gaudy,1.040508,0.010405
14,100,17,flat,1.036169,0.010362
14,100,18,tatty,1.034281,0.010343
14,100,19,flavorlessness,1.032135,0.010321
14,100,20,vapid,1.031320,0.010313
15,300,1,mind,3.189034,0.010630
15,300,2,think,2.625249,0.008751
15,300,3,subconscious,2.297872,0.007660
15,300,4,thought,2.035908,0.006786
15,300,5,review,1.459858,0.004866
15,300,6,recall,1.447311,0.004824
15,300,7,ruminate,1.343195,0.004477
15,300,8,reckon,1.316147,0.004387
15,300,9,thinking,1.312392,0.004375
15,300,10,excogitation,1.300652,0.004336
15,300,11,ratiocinate,1.287552,0.004292
15,300,12,interpret,1.287020,0.004290
15,300,13,deliberate,1.282631,0.004275
15,300,14,welcome,1.271630,0.004239
15,300,15,figure,1.266791,0.004223
15,300,16,intellect,1.262403,0.004208
15,300,17,mentation,1.262322,0.004208
15,300,18,mental synthesis,1.261959,0.004207
15,300,19,thread,1.258389,0.004195
15,300,20,problem solving,1.251641,0.004172
16,100,1,buy,0.698627,0.006986
16,100,2,tiller,0.676751,0.006768
16,100,3,extract,0.639460,0.006395
16,100,4,purchase,0.633058,0.006331
16,100,5,bum,0.613706,0.006137
16,100,6,rent,0.608621,0.006086
16,100,7,feather,0.608146,0.006081
16,100,8,share,0.602533,0.006025
16,100,9,take,0.602087,0.006021
16,100,10,profit,0.595151,0.005952
16,100,11,shop,0.583386,0.005834
16,100,12,sprout,0.562950,0.005630
16,100,13,win,0.561579,0.005616
16,100,14,leaf,0.556107,0.005561
16,100,15,stool,0.551004,0.005510
16,100,16,sponge,0.532400,0.005324
16,100,17,lease,0.527136,0.005271
16,100,18,kite,0.522753,0.005228
16,100,19,pod,0.506861,0.005069
16,100,20,find,0.485872,0.004859
18,100,1,leash,1.128410,0.011284
18,100,2,muzzle,1.120109,0.011201
18,100,3,knot,1.102936,0.011029
18,100,4,rope,1.091297,0.010913
18,100,5,bound,1.085011,0.010850
18,100,6,strap,1.082587,0.010826
18,100,7,tie,1.065277,0.010653
18,100,8,cord,1.060070,0.010601
18,100,9,gag,1.056134,0.010561
18,100,10,trammel,1.046843,0.010468
18,100,11,ski jump,1.013951,0.010140
18,100,12,rein,0.988389,0.009884
18,100,13,band,0.944028,0.009440
18,100,14,loop,0.943672,0.009437
18,100,15,border,0.932254,0.009323
18,100,16,end,0.873954,0.008740
18,100,17,spring,0.857492,0.008575
18,100,18,outline,0.842096,0.008421
18,100,19,hope,0.793573,0.007936
18,100,20,hopeful,0.775885,0.007759
19,100,1,rein,0.914933,0.009149
19,100,2,leash,0.664673,0.006647
19,100,3,muzzle,0.659784,0.006598
19,100,4,knot,0.649668,0.006497
19,100,5,rope,0.642812,0.006428
19,100,6,bound,0.639110,0.006391
19,100,7,strap,0.637682,0.006377
19,100,8,tie,0.627485,0.006275
19,100,9,cord,0.624419,0.006244
19,100,10,gag,0.622100,0.006221
19,100,11,trammel,0.616627,0.006166
19,100,12,shallow,0.603956,0.006040
19,100,13,ski jump,0.597253,0.005973
19,100,14,band,0.556065,0.005561
19,100,15,loop,0.555856,0.005559
19,100,16,border,0.549130,0.005491
19,100,17,end,0.514790,0.005148
19,100,18,spring,0.505093,0.005051
19,100,19,outline,0.496024,0.004960
19,100,20,briny,0.478115,0.004781
20,100,1,walk,0.729161,0.007292
20,100,2,tread,0.723047,0.007230
20,100,3,stride,0.717330,0.007173
20,100,4,shuffle,0.703117,0.007031
20,100,5,amble,0.700917,0.007009
20,100,6,plod,0.698508,0.006985
20,100,7,step,0.697693,0.006977
20,100,8,foot,0.694137,0.006941
20,100,9,tramp,0.692704,0.006927
20,100,10,pace,0.685433,0.006854
20,100,11,shamble,0.681387,0.006814
20,100,12,prowl,0.678646,0.006786
20,100,13,promenade,0.664203,0.006642
20,100,14,stroll,0.659370,0.006594
20,100,15,saunter,0.651321,0.006513
20,100,16,paw,0.648553,0.006486
20,100,17,march,0.632150,0.006321
20,100,18,hike,0.600330,0.006003
20,100,19,blind,0.511745,0.005117
20,100,20,snow-blind,0.382851,0.003829
21,200,1,resolve,1.086882,0.005434
21,200,2,finish,1.040308,0.005202
21,200,3,design,0.988424,0.004942
21,200,4,aim,0.933857,0.004669
21,200,5,cloture,0.894804,0.004474
21,200,6,end,0.883107,0.004416
21,200,7,mop up,0.840644,0.004203
21,200,8,manifest,0.826968,0.004135
21,200,9,adult,0.812840,0.004064
21,200,10,biped,0.799374,0.003997
21,200,11,giant,0.780737,0.003904
21,200,12,express,0.780470,0.003902
21,200,13,female,0.777608,0.003888
21,200,14,savage,0.733766,0.003669
21,200,15,lift,0.709121,0.003546
21,200,16,regret,0.690310,0.003452
21,200,17,stunt,0.678709,0.003394
21,200,18,mutant,0.666662,0.003333
21,200,19,prey,0.659835,0.003299
21,200,20,go through,0.635850,0.003179
22,200,1,squat,2.256168,0.011281
22,200,2,posterior,2.066233,0.010331
22,200,3,rest,2.029057,0.010145
22,200,4,seat,1.980981,0.009905
22,200,5,perch,1.970339,0.009852
22,200,6,lounge,1.903859,0.009519
22,200,7,sprawl,1.893052,0.009465
22,200,8,roost,1.749079,0.008745
22,200,9,honey,1.491649,0.007458
22,200,10,bottom,1.402381,0.007012
22,200,11,sit down,1.379269,0.006896
22,200,12,rester,1.073160,0.005366
22,200,13,squatting,1.071190,0.005356
22,200,14,sitting,1.069871,0.005349
22,200,15,hindquarters,1.064164,0.005321
22,200,16,tush,1.064164,0.005321
22,200,17,sprawling,1.063534,0.005318
22,200,18,buttocks,1.062024,0.005310
22,200,19,rear end,1.058034,0.005290
22,200,20,rider,1.056032,0.005280
