window,alive_nodes,alive_links,n_clusters,max_size,k_star,entropy,milestone,physics_seconds,stressed,calcified,mean_omega,stress_intensity,link_ema,total_rplus,budget,v_labels,v_born,v_died,v_torque_n,v_mean_torque,v_top_share,v_label_rplus_rate,v_oldest_age,v_mean_age,v_mean_share_5node,v_share_std,v_births_5node,v_deaths_5node,macro_nodes_active,compressed_links_removed,occ_max,occ_mean,occ_nonzero,vacancy_mean,history_max,history_gini,lw_n_oasis,lw_n_penalty,lw_n_neutral,lw_edge_oo,lw_edge_op,lw_edge_pp
1,5000,5924,14,6,0,1.9986,0,18.3,0,0,6.53,1.0,5924.0,591,1.0,362,559,197,1992,0.000967,0.007,408.3045,0,0.0,0.0037,0.0011,1,0,0,0,0.037968,0.015625,64,0.5885,0.038,0.281,115,152,95,2063,1374,1431
2,5000,4115,4,5,0,1.9986,0,17.5,439,3643,5.5,0.8733,4726.0,472,1.0,355,22,29,2068,0.00107,0.0086,371.0692,1,1.0,0.0064,0.0013,1,0,0,0,0.030061,0.015625,64,0.4802,0.0662,0.252,119,139,97,1360,1309,734
3,5000,3554,2,5,0,1.9986,0,17.1,280,3277,5.01,0.8619,4152.5,277,1.0,288,6,73,2003,0.001123,0.0088,275.4491,2,1.9,0.0069,0.0016,1,0,0,0,0.035172,0.015625,64,0.5558,0.1014,0.2521,103,102,83,1008,1289,610
4,5000,3350,0,0,1,1.9986,0,16.9,108,3267,4.86,0.8792,3843.1,83,1.0,195,2,95,1733,0.00126,0.0237,117.3975,3,2.9,0.0126,0.0025,0,0,0,0,0.046154,0.015625,64,0.6615,0.138,0.2519,88,49,58,942,1223,518
5,5000,3241,1,3,0,1.9986,0,16.8,27,3222,4.66,0.8913,3645.1,19,1.0,169,5,31,1395,0.001767,0.0291,36.7347,4,3.8,0.0213,0.0039,0,0,0,0,0.04845,0.015625,60,0.6775,0.1632,0.2686,81,44,44,871,1230,527
6,5000,3335,2,5,0,1.9987,1,16.8,0,3321,4.75,0.9377,3556.5,14,1.0,135,6,40,1374,0.001669,0.0258,28.5132,5,4.6,0.0151,0.0035,2,0,0,0,0.055249,0.015625,58,0.7172,0.2133,0.2847,65,34,36,865,1321,506
7,5000,3198,3,5,0,1.9938,2,16.6,8,3180,4.64,0.9224,3466.9,18,1.0,133,11,13,1237,0.001983,0.0253,40.6699,6,5.3,0.0177,0.0044,1,0,0,0,0.064516,0.015625,57,0.7578,0.2547,0.2932,64,35,34,803,1307,521
8,5000,3199,1,3,1,1.9944,2,16.6,1,3185,4.61,0.9389,3407.3,14,1.0,126,3,10,1207,0.002046,0.0252,28.7081,7,6.2,0.0176,0.0049,0,0,0,0,0.055046,0.015625,56,0.7161,0.3098,0.2974,59,35,32,814,1279,515
9,5000,3127,0,0,3,1.994,2,16.6,0,3116,4.57,0.9331,3351.3,11,1.0,112,2,16,1107,0.001969,0.034,27.7078,8,7.2,0.0174,0.0055,0,0,0,0,0.070388,0.015625,54,0.778,0.3365,0.304,54,29,29,791,1254,505
10,5000,3212,2,5,0,1.9787,1,16.7,1,3197,4.62,0.9657,3325.9,15,1.0,110,10,12,1118,0.002039,0.0289,41.0959,9,7.6,0.0214,0.0053,1,0,0,0,0.073684,0.015625,52,0.7879,0.4074,0.3129,52,28,30,832,1261,508
11,5000,3185,0,0,3,1.9463,1,16.7,0,3180,4.6,0.9644,3302.5,5,1.0,100,0,10,1046,0.002103,0.0369,15.0602,10,8.8,0.0211,0.0057,0,0,0,0,0.088068,0.015625,49,0.8226,0.4955,0.3197,48,25,27,809,1257,543
12,5000,3276,0,0,0,1.9107,1,16.7,3,3268,4.63,0.9932,3298.4,8,1.0,99,3,4,1024,0.001962,0.0396,22.1607,11,9.6,0.0207,0.006,0,0,0,0,0.076517,0.015625,49,0.7958,0.5403,0.3291,47,24,28,825,1284,519
13,5000,3270,1,4,1,1.7642,1,16.7,3,3262,4.61,0.9926,3294.3,8,1.0,96,3,6,984,0.001933,0.0368,24.1692,12,10.4,0.0231,0.0061,0,1,0,0,0.062323,0.015625,50,0.7493,0.597,0.3394,45,22,29,816,1260,557
14,5000,3177,1,4,1,1.7972,1,16.7,11,3161,4.61,0.969,3278.7,16,1.0,92,5,9,946,0.001948,0.0388,54.0541,13,11.1,0.0183,0.007,0,0,0,0,0.071197,0.015625,49,0.7805,0.6488,0.3459,44,21,27,781,1308,485
15,5000,3271,0,0,1,1.823,2,16.8,7,3260,4.68,0.9979,3277.7,11,1.0,88,0,4,917,0.002122,0.0324,37.2881,14,12.1,0.0183,0.0069,0,0,0,0,0.07767,0.015625,47,0.7988,0.7103,0.3519,44,18,26,823,1325,526
16,5000,3123,0,0,3,1.9437,1,16.6,4,3119,4.57,0.9581,3259.5,4,1.0,83,0,5,890,0.002037,0.0334,13.9373,15,13.1,0.0229,0.0075,0,0,0,0,0.080268,0.015625,45,0.8053,0.7671,0.3594,41,18,24,806,1224,488
17,5000,3236,2,4,3,1.99,1,16.7,3,3228,4.67,0.9936,3256.9,8,1.0,82,5,6,895,0.002125,0.0395,27.3038,16,13.7,0.0192,0.0074,0,0,0,0,0.088816,0.015625,45,0.8241,0.8296,0.3667,40,17,25,839,1280,505
18,5000,3237,0,0,3,1.9267,1,16.6,0,3232,4.75,0.9945,3254.8,5,1.0,76,0,6,851,0.002178,0.051,17.3611,17,14.5,0.0323,0.0084,0,0,0,0,0.098639,0.015625,43,0.8416,0.9283,0.3755,35,16,25,828,1356,500
19,5000,3136,1,4,3,1.8906,1,16.7,4,3127,4.55,0.967,3242.9,9,1.0,72,1,5,823,0.002097,0.0483,31.5789,18,15.5,0.0316,0.0083,0,0,0,0,0.089655,0.015625,43,0.8257,1.0179,0.3828,34,14,24,788,1255,508
20,5000,3252,2,3,3,1.8836,1,16.7,3253,0,4.61,1.0036,3244.2,3,1.0,71,2,3,826,0.002276,0.0491,11.583,19,16.1,0.0327,0.0098,0,0,0,0,0.086792,0.015625,43,0.82,1.0821,0.3887,33,15,23,832,1282,519
21,5000,3230,3,5,0,1.9418,2,16.8,0,3215,4.62,0.996,3242.8,15,1.0,75,9,5,871,0.00223,0.0351,49.505,20,15.6,0.0256,0.0077,1,0,0,0,0.089457,0.015625,45,0.8253,1.1715,0.3917,33,16,26,850,1254,535
22,5000,3236,0,0,3,1.9583,2,16.7,0,3226,4.64,0.9981,3242.2,10,1.0,73,0,2,839,0.002098,0.0356,36.7647,21,16.5,0.0229,0.0078,0,0,0,0,0.071174,0.015625,45,0.7805,1.2427,0.3951,31,16,26,809,1251,543
23,5000,3194,1,3,3,1.9729,1,16.8,5,3184,4.56,0.9865,3237.6,10,1.0,66,3,10,801,0.002247,0.0478,34.0909,22,17.3,0.02,0.0091,0,0,0,0,0.0625,0.015625,44,0.75,1.2831,0.3951,30,15,21,809,1270,540
24,5000,3229,2,5,3,1.9475,1,16.8,8,3213,4.63,0.9976,3236.8,16,1.0,66,7,7,840,0.002342,0.0411,50.3597,23,17.2,0.0227,0.0096,1,0,0,0,0.071918,0.015625,43,0.7827,1.3105,0.3947,31,12,23,801,1300,513
25,5000,3174,1,4,3,1.9063,2,16.7,5,3164,4.61,0.9824,3230.8,10,1.0,65,5,6,825,0.002228,0.0554,35.9712,24,17.8,0.0177,0.0086,0,0,0,0,0.072664,0.015625,42,0.785,1.3763,0.3946,33,9,23,785,1268,529
26,5000,3241,0,0,3,1.9349,2,16.7,3239,0,4.61,1.0034,3232.0,4,1.0,59,1,7,761,0.002447,0.0502,17.1674,25,19.2,0.0246,0.0098,0,0,0,0,0.07113,0.015625,41,0.7803,1.4265,0.3952,30,8,21,779,1323,512
27,5000,3143,0,0,3,1.8881,1,16.7,3,3140,4.56,0.975,3223.5,3,1.0,53,0,6,739,0.002316,0.0549,13.2159,26,21.4,0.0253,0.0119,0,0,0,0,0.084388,0.015625,39,0.8148,1.4898,0.3983,29,7,17,776,1230,528
28,4997,3192,0,0,3,1.9293,1,16.8,6,3182,4.7,0.9912,3220.5,10,1.0,55,7,5,707,0.002354,0.0495,47.3934,27,20.6,0.0276,0.0114,0,0,0,0,0.094595,0.015625,36,0.8348,1.5844,0.4018,29,8,18,767,1282,546
29,4997,3223,0,0,3,1.9748,1,16.8,3222,0,4.61,1.0021,3221.2,6,1.0,51,0,4,670,0.002312,0.0512,28.8462,28,21.5,0.0267,0.0107,0,0,0,0,0.093023,0.015625,34,0.832,1.6448,0.4054,28,6,17,786,1226,558
30,4995,3188,0,0,0,1.9481,1,16.8,2,3186,4.52,0.9907,3218.0,2,1.0,50,2,3,671,0.002356,0.0537,10.0,29,22.8,0.036,0.0122,0,0,0,0,0.097561,0.015625,33,0.8398,1.6985,0.4096,28,5,17,845,1258,511
31,4993,3161,1,5,1,1.962,1,16.8,0,3161,4.57,0.9839,3212.6,0,1.0,48,1,3,657,0.002429,0.0829,0.0,30,23.5,0.0374,0.0149,1,0,0,0,0.136585,0.015625,32,0.8856,1.79,0.4159,27,4,17,766,1275,546
32,4991,3218,0,0,1,1.9699,1,16.8,3224,0,4.64,1.0032,3213.7,0,1.0,45,0,3,628,0.002692,0.0571,0.0,31,24.9,0.0365,0.0137,0,0,0,0,0.104762,0.015625,29,0.8509,1.8813,0.4222,24,4,17,841,1237,537
33,4990,3204,0,0,0,1.9784,1,16.8,0,3204,4.65,0.9973,3212.8,0,1.0,41,0,4,592,0.002299,0.0741,0.0,32,26.4,0.0353,0.0143,0,0,0,0,0.100529,0.015625,27,0.8446,1.9811,0.4294,23,2,16,787,1232,565
34,4988,3153,1,4,1,1.9968,1,16.8,3,3150,4.55,0.9831,3207.1,3,1.0,41,1,1,603,0.002544,0.0594,15.0,33,26.6,0.0347,0.0122,0,0,0,0,0.123762,0.015625,28,0.8738,2.1003,0.4353,22,2,17,742,1291,524
35,4988,3112,0,0,3,1.9839,1,16.7,1,3106,4.53,0.9731,3198.0,6,1.0,43,6,4,626,0.002395,0.0693,25.641,34,26.2,0.0374,0.0137,0,0,0,0,0.118812,0.015625,30,0.8685,2.1795,0.4403,21,4,18,759,1276,500
36,4986,3127,1,3,3,1.9689,1,17.0,3,3119,4.44,0.9799,3191.3,8,1.0,44,2,1,625,0.002532,0.0484,44.4444,35,25.8,0.0335,0.0116,0,0,0,0,0.075269,0.015625,31,0.7924,2.2548,0.4446,20,4,20,783,1269,523
37,4984,3125,2,5,3,1.9334,1,21.7,7,3109,4.53,0.9812,3184.9,16,1.0,46,8,6,681,0.002668,0.0622,76.1421,36,23.9,0.033,0.012,1,0,0,0,0.100478,0.015625,35,0.8445,2.317,0.4453,21,5,20,773,1262,510
38,4984,3183,1,5,3,1.9878,2,16.6,1,3172,4.55,0.9994,3184.8,11,1.0,41,2,7,661,0.003118,0.0541,46.5116,37,25.1,0.0373,0.0138,1,0,0,0,0.099099,0.015625,32,0.8423,2.4145,0.4457,19,3,19,836,1252,508
39,4983,3124,0,0,3,1.9699,2,16.4,0,3119,4.53,0.9827,3179.0,5,1.0,39,0,2,640,0.003202,0.0781,26.738,38,27.3,0.0355,0.0138,0,0,0,0,0.078125,0.015625,31,0.8,2.4822,0.4458,19,2,18,756,1255,520
40,4983,3103,0,0,3,1.9086,1,19.1,0,3098,4.56,0.9783,3171.7,5,1.0,37,0,2,617,0.002972,0.0837,25.3807,39,27.7,0.0381,0.0156,0,0,0,0,0.083744,0.015625,28,0.8134,2.5314,0.4475,18,2,17,773,1290,494
41,4982,3124,1,5,3,1.9153,1,21.9,0,3114,4.6,0.9864,3167.2,10,1.0,35,1,3,625,0.00295,0.0598,55.8659,40,27.9,0.0331,0.0127,1,0,0,0,0.092391,0.015625,26,0.8309,2.6184,0.4498,16,3,16,774,1243,517
42,4982,3144,2,3,3,1.8352,1,16.4,5,3134,4.6,0.9934,3165.0,10,1.0,39,5,1,652,0.002798,0.0556,48.0769,41,25.9,0.0359,0.0123,0,0,0,0,0.106481,0.015625,28,0.8533,2.6969,0.4527,17,4,18,749,1274,512
43,4982,3207,2,4,3,1.8799,2,16.5,3217,0,4.69,1.0191,3171.4,15,1.0,39,2,2,673,0.002932,0.047,66.9643,42,25.8,0.0324,0.011,0,0,0,0,0.106838,0.015625,28,0.8538,2.8037,0.4552,16,4,19,796,1274,512
44,4981,3188,1,4,3,1.93,2,16.5,3185,0,4.59,1.007,3173.7,11,1.0,38,4,5,699,0.002465,0.0446,42.2535,43,27.4,0.0312,0.0124,0,0,0,0,0.09375,0.015625,29,0.8333,2.893,0.4562,16,3,19,845,1272,482
45,4979,3171,0,0,3,1.9491,2,16.4,0,3171,4.59,0.9992,3173.5,0,1.0,36,0,2,658,0.002985,0.0575,0.0,44,28.5,0.0321,0.0147,0,0,0,0,0.074713,0.015625,29,0.7909,2.962,0.4563,15,3,18,805,1276,529
46,4979,3202,1,3,3,1.9698,1,16.4,3215,0,4.6,1.0127,3177.7,3,1.0,37,1,0,661,0.00275,0.0524,16.0428,45,28.7,0.0318,0.0097,0,0,0,0,0.094241,0.015625,28,0.8342,3.0563,0.4577,15,3,19,831,1256,543
47,4979,3099,0,0,3,1.8683,1,16.5,3,3096,4.55,0.9775,3170.2,3,1.0,35,0,2,661,0.002605,0.067,16.0428,46,31.1,0.0361,0.0147,0,0,0,0,0.097938,0.015625,28,0.8405,3.1542,0.4606,13,3,19,825,1235,503
48,4979,3179,1,5,3,1.7738,1,16.8,3180,0,4.6,1.0051,3171.9,8,1.0,36,1,0,660,0.002695,0.0644,40.8163,47,31.2,0.0373,0.0149,1,0,0,0,0.089109,0.015625,27,0.8247,3.2433,0.4634,13,3,20,832,1264,512
49,4979,3154,3,5,3,1.9056,1,16.7,11,3138,4.56,0.9949,3170.2,16,1.0,40,6,2,726,0.002635,0.063,69.869,48,28.6,0.0324,0.0132,1,0,0,0,0.10084,0.015625,31,0.8451,3.3147,0.4645,13,4,23,802,1246,503
50,4977,3168,0,0,3,1.8968,2,16.5,7,3156,4.58,0.9994,3170.0,12,1.0,39,0,1,717,0.002526,0.0551,51.7241,49,30.4,0.0357,0.0145,0,0,0,0,0.084746,0.015625,28,0.8156,3.3656,0.4666,13,3,23,788,1273,527
51,4977,3190,0,0,3,1.9267,1,16.5,3195,0,4.6,1.0097,3173.2,9,1.0,39,0,0,717,0.002243,0.0542,38.2979,50,31.4,0.0298,0.0105,0,0,0,0,0.0875,0.015625,28,0.8214,3.4531,0.4689,13,3,23,802,1282,513
52,4975,3201,1,5,3,1.8306,1,16.6,3226,0,4.66,1.0181,3179.3,11,1.0,40,3,2,758,0.002531,0.0526,40.3587,51,31.6,0.033,0.0127,1,0,0,0,0.114035,0.015625,30,0.863,3.5671,0.4715,13,3,24,844,1249,538
53,4975,3188,2,5,3,1.7321,1,23.1,3187,0,4.59,1.0036,3180.5,5,1.0,39,2,3,770,0.002542,0.0648,21.097,52,32.9,0.0314,0.0135,2,0,0,0,0.080972,0.015625,29,0.807,3.6481,0.472,14,3,22,791,1297,508
54,4975,3188,1,3,3,1.6988,2,24.2,3185,0,4.6,1.0033,3181.6,7,1.0,38,1,2,730,0.002893,0.0744,33.6538,53,33.2,0.0326,0.0136,0,0,0,0,0.093023,0.015625,28,0.832,3.7411,0.4731,13,3,22,832,1248,504
55,4974,3102,2,4,3,1.8914,2,24.2,10,3087,4.54,0.9773,3174.0,15,1.0,38,4,4,747,0.00299,0.0619,64.6766,54,31.3,0.0283,0.0132,0,1,0,0,0.061905,0.015625,30,0.7476,3.803,0.4727,13,4,21,724,1264,547
56,4972,3130,1,5,3,1.9344,2,24.1,14,3116,4.49,0.9874,3169.8,14,1.0,41,6,3,728,0.002905,0.0632,57.377,55,28.6,0.0333,0.0134,1,1,0,0,0.15415,0.015625,27,0.8986,3.9572,0.4742,16,4,21,787,1261,479
57,4971,3184,4,5,1,1.9406,2,18.7,3163,0,4.55,1.0058,3171.7,27,1.0,43,6,4,813,0.002583,0.0479,96.7742,56,28.0,0.0247,0.0098,2,0,0,0,0.106164,0.015625,30,0.8528,4.0633,0.4733,16,4,23,760,1290,513
58,4968,3215,4,5,1,1.9392,2,16.7,3212,0,4.63,1.018,3177.8,23,1.0,45,4,2,850,0.002992,0.0485,89.8438,57,27.5,0.0252,0.0093,3,0,0,0,0.08209,0.015625,32,0.8097,4.1268,0.4723,18,3,24,809,1252,579
59,4968,3140,3,5,1,1.9527,2,16.6,4,3122,4.59,0.9892,3174.2,18,1.0,47,5,3,892,0.002897,0.0465,67.1937,58,27.3,0.0268,0.0112,1,0,0,0,0.093023,0.015625,35,0.832,4.1771,0.4712,21,3,23,817,1254,502
60,4965,3163,1,5,3,1.9331,2,16.6,3,3150,4.66,0.9968,3173.1,13,1.0,47,1,1,902,0.002686,0.0455,50.3876,59,28.1,0.0265,0.0114,1,0,0,0,0.094697,0.015625,35,0.835,4.2491,0.4703,20,3,24,800,1232,542
61,4961,3169,1,5,3,1.9409,2,16.6,4,3155,4.59,0.9988,3172.7,14,1.0,45,2,4,914,0.002364,0.0436,48.8722,60,29.0,0.0264,0.0097,1,1,0,0,0.105455,0.015625,34,0.8518,4.3437,0.4711,18,4,23,856,1247,500
62,4959,3140,0,0,3,1.9748,2,16.5,3,3137,4.58,0.9907,3169.6,3,1.0,43,0,2,878,0.002452,0.0554,10.7143,61,31.2,0.0281,0.0109,0,0,0,0,0.076125,0.015625,32,0.7947,4.4198,0.4713,16,4,23,829,1200,523
63,4955,3126,1,3,3,1.9229,1,16.4,6,3120,4.54,0.9875,3165.5,6,1.0,43,1,1,865,0.002055,0.0511,26.2009,62,32.0,0.0235,0.0112,0,0,0,0,0.114894,0.015625,31,0.864,4.5347,0.4716,15,4,24,790,1238,505
64,4951,3116,1,3,3,1.9713,1,16.4,9,3107,4.48,0.9858,3160.7,9,1.0,45,4,2,865,0.002125,0.0449,34.8837,63,31.4,0.0251,0.0104,0,0,0,0,0.089888,0.015625,33,0.8262,4.6246,0.4716,15,5,25,766,1243,536
65,4947,3105,1,5,1,1.8992,2,16.3,9,3091,4.53,0.984,3155.4,14,1.0,44,1,2,869,0.002333,0.0418,54.6875,64,31.5,0.0261,0.0092,1,0,0,0,0.079848,0.015625,34,0.8043,4.7044,0.471,16,5,23,751,1243,548
66,4942,3103,0,0,1,1.7812,2,16.4,9,3089,4.62,0.9849,3150.4,14,1.0,43,0,1,859,0.002253,0.0415,60.3448,65,33.1,0.027,0.01,0,0,0,0,0.082988,0.015625,33,0.8117,4.7874,0.4701,15,5,23,740,1238,489
67,4939,3100,0,0,0,1.8613,1,16.4,6,3094,4.53,0.9855,3145.6,6,1.0,43,0,0,843,0.001984,0.0458,25.8621,66,34.1,0.0271,0.0106,0,0,0,0,0.0875,0.015625,32,0.8214,4.8666,0.47,15,5,23,772,1256,507
68,4939,3056,2,5,1,1.8765,1,16.4,11,3040,4.5,0.9741,3137.1,16,1.0,46,4,1,883,0.002029,0.0502,63.745,67,32.8,0.0233,0.0097,1,0,0,0,0.07722,0.015625,34,0.7977,4.9206,0.4684,15,6,25,828,1144,543
69,4937,3162,1,5,3,1.926,1,16.4,3171,0,4.57,1.0132,3141.5,12,1.0,43,1,4,890,0.002038,0.0442,42.7046,68,34.3,0.0235,0.0087,1,0,0,0,0.068027,0.015625,35,0.7703,4.9682,0.4671,14,4,25,776,1242,515
70,4937,3193,1,5,3,1.9494,2,16.4,3225,0,4.63,1.0269,3150.4,10,1.0,42,1,2,856,0.002296,0.0562,40.8163,69,34.2,0.0267,0.0125,1,1,0,0,0.084337,0.015625,33,0.8147,5.0164,0.4655,13,4,25,804,1240,547
71,4937,3143,1,4,3,1.9636,2,16.4,9,3134,4.58,0.9979,3149.7,9,1.0,42,1,1,867,0.002178,0.0519,33.9623,70,34.9,0.0264,0.0114,0,1,0,0,0.088889,0.015625,34,0.8242,5.072,0.4646,13,4,25,798,1269,503
72,4937,3159,1,5,3,1.9322,2,16.2,3158,0,4.58,1.005,3151.3,9,1.0,43,1,0,863,0.002157,0.0487,34.6154,71,35.0,0.0252,0.0087,1,0,0,0,0.082397,0.015625,34,0.8104,5.1244,0.4641,14,4,25,759,1270,562
73,4936,3172,5,5,3,1.9643,2,20.9,3165,0,4.64,1.0091,3154.3,18,1.0,47,5,1,942,0.002234,0.0415,63.6042,72,33.0,0.0229,0.0101,2,0,0,0,0.083045,0.015625,37,0.8118,5.1763,0.4638,14,5,28,765,1241,544
74,4933,3080,4,5,1,1.9268,2,16.9,11,3060,4.62,0.9786,3147.3,20,1.0,50,5,2,1018,0.002295,0.0385,61.8893,73,31.7,0.0218,0.0082,3,0,0,0,0.099359,0.015625,39,0.8427,5.2212,0.4618,16,5,29,772,1259,458
75,4932,3159,1,3,3,1.9317,2,16.7,3154,0,4.64,1.0042,3148.7,8,1.0,50,2,2,1024,0.002021,0.0391,23.4114,74,32.5,0.0226,0.0084,0,0,0,0,0.094463,0.015625,39,0.8346,5.257,0.4604,16,5,29,813,1255,474
76,4932,3016,0,0,3,1.9239,2,16.7,0,3016,4.45,0.9617,3136.0,0,1.0,48,0,2,986,0.00204,0.0476,0.0,75,33.4,0.0237,0.0098,0,1,0,0,0.106227,0.015625,37,0.8529,5.2753,0.4596,16,4,28,735,1224,475
77,4930,3094,0,0,3,1.8953,1,16.8,0,3094,4.58,0.9879,3132.0,0,1.0,45,0,3,964,0.00191,0.0447,0.0,76,36.4,0.0243,0.0095,0,0,0,0,0.085366,0.015625,36,0.817,5.2957,0.4584,16,3,26,796,1242,486
78,4928,3130,1,3,3,1.867,1,16.7,0,3125,4.59,0.9994,3131.8,5,1.0,45,4,4,940,0.001907,0.0439,14.0351,77,35.7,0.0245,0.0085,0,0,0,0,0.091216,0.015625,36,0.8287,5.3126,0.4571,15,4,26,826,1274,492
79,4926,3152,2,5,1,1.9531,1,16.8,3155,0,4.57,1.011,3135.5,15,1.0,49,4,0,976,0.001731,0.0581,46.6667,78,33.7,0.0221,0.0105,1,0,0,0,0.090323,0.015625,36,0.827,5.3771,0.4568,15,5,29,820,1225,538
80,4924,3127,0,0,3,1.9464,2,16.7,0,3122,4.57,0.9976,3134.7,5,1.0,49,0,0,975,0.001748,0.0453,18.0505,79,34.7,0.0226,0.0095,0,0,0,0,0.083624,0.015625,36,0.8132,5.391,0.4565,15,5,29,793,1161,535
81,4919,3173,3,5,1,1.99,1,16.8,3186,0,4.62,1.0182,3140.7,12,1.0,50,5,4,1013,0.001784,0.0413,36.4238,80,34.5,0.0228,0.0089,1,1,0,0,0.066667,0.015625,36,0.7656,5.4228,0.4561,14,5,31,825,1276,505
82,4915,3143,0,0,3,1.9314,1,16.7,3140,0,4.54,1.0012,3141.1,5,1.0,47,0,3,980,0.001667,0.0449,16.5563,81,37.5,0.023,0.0093,0,1,0,0,0.070513,0.015625,36,0.7784,5.4805,0.4561,14,4,29,829,1234,511
83,4913,3107,1,5,3,1.8783,1,16.7,5,3097,4.49,0.9902,3137.9,10,1.0,47,1,1,980,0.001885,0.05,36.4964,82,38.4,0.0229,0.0094,1,0,0,0,0.075,0.015625,34,0.7917,5.5126,0.4556,14,4,29,800,1273,484
84,4908,3082,0,0,3,1.906,1,16.6,4,3078,4.6,0.9839,3132.5,4,1.0,48,4,3,978,0.001748,0.0417,14.4928,83,38.3,0.0223,0.0087,0,0,0,0,0.059028,0.015625,35,0.7353,5.5491,0.4557,15,5,28,777,1208,518
85,4902,3186,3,5,3,1.9241,1,16.5,3200,0,4.76,1.0261,3141.2,23,1.0,55,10,3,1036,0.001566,0.0405,64.7887,84,34.3,0.0203,0.0073,2,0,0,0,0.054054,0.015625,39,0.7109,5.6032,0.4542,17,6,32,809,1247,529
86,4900,3162,0,0,3,1.9432,1,16.4,3169,0,4.57,1.0132,3145.5,18,1.0,57,5,3,1050,0.001632,0.0343,58.4416,85,34.1,0.0194,0.0065,0,0,0,0,0.056075,0.015625,38,0.7214,5.6593,0.453,17,8,32,764,1292,543
87,4900,3121,0,0,3,1.9502,1,16.3,4,3112,4.61,0.9929,3143.2,9,1.0,56,0,1,1035,0.00148,0.0438,32.1429,86,35.6,0.0195,0.0076,0,0,0,0,0.063973,0.015625,38,0.7558,5.7165,0.4524,17,7,32,730,1281,533
88,4899,3122,1,3,3,1.9694,1,16.3,7,3115,4.58,0.9939,3141.2,7,1.0,55,1,2,1049,0.001378,0.0354,21.2766,87,37.2,0.0184,0.0071,0,0,0,0,0.050147,0.015625,38,0.6884,5.7637,0.4516,17,6,32,810,1221,489
89,4896,3140,1,5,3,1.9692,1,16.3,3,3132,4.59,0.9997,3141.1,8,1.0,53,1,3,1046,0.001563,0.0439,25.89,88,39.4,0.0218,0.0079,1,0,0,0,0.075235,0.015625,38,0.7923,5.8045,0.451,16,4,33,804,1274,509
90,4896,3157,0,0,3,1.9846,2,16.2,3164,0,4.64,1.0089,3144.0,8,1.0,51,0,2,1030,0.001489,0.0367,25.3968,89,41.7,0.0218,0.0069,0,0,0,0,0.070336,0.015625,36,0.7779,5.8748,0.4503,15,3,33,791,1283,520
91,4896,3096,1,5,3,1.9695,1,16.2,3,3083,4.54,0.9862,3139.4,13,1.0,52,1,0,1048,0.001575,0.0494,41.9355,90,41.9,0.0213,0.0077,1,0,0,0,0.074074,0.015625,36,0.7891,5.9273,0.4499,16,3,33,801,1227,503
92,4894,3086,1,3,3,1.97,1,16.2,3,3083,4.48,0.9846,3134.3,3,1.0,53,1,0,1063,0.00149,0.041,9.6154,91,42.1,0.0212,0.0074,0,0,0,0,0.072555,0.015625,36,0.7846,5.9998,0.4498,17,3,33,810,1201,488
93,4894,3071,1,5,3,1.9481,2,16.1,1,3070,4.54,0.9817,3128.3,1,1.0,53,2,2,1091,0.001342,0.0391,0.0,92,43.0,0.0206,0.0076,1,0,0,0,0.061453,0.015625,36,0.7457,6.0557,0.45,18,3,32,797,1219,487
94,4893,3106,2,4,1,1.9105,2,16.1,8,3098,4.57,0.9935,3126.2,8,1.0,55,2,0,1107,0.00134,0.0331,24.4648,93,42.4,0.019,0.0068,0,0,0,0,0.063253,0.015625,37,0.753,6.1189,0.4495,18,4,33,792,1233,523
95,4892,2902,0,0,3,1.7721,2,16.1,1,2901,4.48,0.9347,3104.8,1,1.0,52,1,4,1093,0.001324,0.0378,0.0,94,43.4,0.0194,0.008,0,0,0,0,0.065292,0.015625,36,0.7607,6.1808,0.4495,17,4,31,750,1181,466
96,4892,3114,0,0,0,1.8475,1,16.2,3120,0,4.57,1.005,3106.5,2,1.0,51,2,3,1091,0.00138,0.0367,3.4722,95,45.0,0.0214,0.0071,0,0,0,0,0.07,0.015625,37,0.7768,6.2508,0.4493,17,3,31,795,1206,524
97,4891,2949,0,0,3,1.8867,1,16.1,0,2949,4.41,0.9539,3091.5,0,1.0,49,0,2,1057,0.001273,0.0397,0.0,96,47.6,0.0209,0.0081,0,0,0,0,0.057762,0.015625,36,0.7295,6.3086,0.4491,17,3,29,768,1199,488
98,4891,3042,0,0,3,1.8897,1,16.1,0,3042,4.49,0.9855,3086.8,0,1.0,49,0,0,1035,0.001224,0.0394,0.0,97,48.6,0.0209,0.0082,0,0,0,0,0.064516,0.015625,36,0.7578,6.3587,0.4491,17,3,29,767,1197,504
99,4890,3066,0,0,3,1.9067,1,16.0,0,3066,4.59,0.9939,3084.8,0,1.0,49,0,0,1035,0.001182,0.0355,0.0,98,49.6,0.022,0.0077,0,0,0,0,0.078014,0.015625,36,0.7997,6.4367,0.4491,17,3,29,814,1216,487
100,4889,3126,3,5,3,1.9461,1,16.1,3137,0,4.63,1.0203,3091.4,17,1.0,54,7,2,1097,0.00125,0.0358,52.4691,99,45.9,0.0206,0.0071,1,0,0,0,0.062687,0.015625,40,0.7507,6.4994,0.4487,19,4,31,809,1209,504
101,4888,3094,0,0,3,1.8694,1,16.1,3092,0,4.53,1.0016,3091.9,5,1.0,54,0,0,1092,0.001261,0.0424,15.674,100,46.9,0.0197,0.0076,0,0,0,0,0.051515,0.015625,40,0.6967,6.5479,0.4478,19,4,31,813,1239,499
102,4885,3128,0,0,3,1.9497,1,16.1,3141,0,4.6,1.0158,3097.1,5,1.0,53,0,1,1091,0.001259,0.0431,15.8228,101,48.8,0.0197,0.0068,0,0,0,0,0.058462,0.015625,40,0.7327,6.6064,0.4475,19,4,30,798,1235,505
103,4885,3110,0,0,3,1.9281,1,16.1,3118,0,4.57,1.0073,3099.4,4,1.0,51,0,2,1083,0.001197,0.0413,13.0719,102,51.6,0.0204,0.0076,0,0,0,0,0.057143,0.015625,39,0.7266,6.6572,0.4472,18,3,30,799,1210,519
104,4885,3101,3,5,1,1.9589,1,16.2,3092,0,4.47,1.0007,3099.7,10,1.0,54,3,0,1116,0.001258,0.035,29.8507,103,49.7,0.0187,0.0074,3,0,0,0,0.081633,0.015625,39,0.8086,6.7388,0.4469,18,4,32,770,1297,462
105,4885,3125,0,0,1,1.981,1,16.1,3133,0,4.59,1.0112,3103.3,5,1.0,54,0,0,1116,0.001301,0.0362,14.4928,104,50.7,0.0201,0.0077,0,0,0,0,0.069638,0.015625,39,0.7756,6.8084,0.4463,18,4,32,771,1254,526
106,4883,3089,0,0,3,1.956,1,16.2,3,3086,4.58,0.9958,3102.0,3,1.0,55,3,2,1135,0.001087,0.0334,5.7971,105,50.8,0.0195,0.0066,0,0,0,0,0.052925,0.015625,40,0.7048,6.8614,0.4462,19,4,32,810,1187,520
107,4882,3089,1,5,1,1.9576,1,16.1,0,3084,4.61,0.9962,3100.7,5,1.0,55,1,1,1141,0.00104,0.0372,14.881,106,51.7,0.019,0.007,1,1,0,0,0.060172,0.015625,39,0.7403,6.8986,0.4464,19,4,32,768,1246,499
108,4882,3016,2,5,3,1.9749,1,16.2,1,3002,4.49,0.9752,3092.7,14,1.0,56,3,2,1156,0.001118,0.0344,38.5757,107,51.8,0.0185,0.0071,1,0,0,0,0.048711,0.015625,40,0.6792,6.9387,0.446,18,4,34,797,1155,504
109,4882,3085,1,5,3,1.9498,2,16.1,0,3075,4.56,0.9978,3091.9,10,1.0,57,1,0,1165,0.001209,0.0314,29.2398,108,51.8,0.0172,0.0067,1,0,0,0,0.057143,0.015625,40,0.7266,6.9959,0.4459,19,4,34,752,1223,522
110,4882,3094,1,3,1,1.8288,2,16.1,3081,0,4.62,1.0006,3092.1,13,1.0,60,7,4,1190,0.001242,0.0422,31.7848,109,50.1,0.0183,0.0073,0,0,0,0,0.058548,0.015625,41,0.7331,7.0451,0.4455,19,4,37,798,1251,480
111,4880,3064,2,5,3,1.9498,2,16.1,14,3045,4.59,0.9918,3089.4,19,1.0,63,6,3,1232,0.001039,0.0357,48.0,110,48.5,0.0166,0.007,1,0,0,0,0.053571,0.015625,41,0.7083,7.0986,0.4452,20,6,37,740,1243,514
112,4879,3100,1,5,3,1.9803,2,16.1,3091,0,4.6,1.0054,3091.2,17,1.0,64,5,4,1249,0.001247,0.0318,44.3213,111,48.7,0.0167,0.006,1,0,0,0,0.061008,0.015625,42,0.7439,7.1596,0.4448,21,5,38,813,1250,486
113,4878,3122,0,0,3,1.9814,2,16.2,3119,0,4.61,1.0134,3095.6,18,1.0,62,3,5,1234,0.001262,0.0456,47.3538,112,51.2,0.0172,0.0082,0,0,0,0,0.048257,0.015625,41,0.6762,7.2079,0.4442,21,4,37,812,1222,508
114,4878,3133,0,0,3,1.8648,1,16.1,3142,0,4.56,1.017,3101.1,12,1.0,61,3,4,1233,0.000998,0.0312,27.7778,113,52.6,0.0172,0.0062,0,0,0,0,0.052885,0.015625,41,0.7045,7.2584,0.4442,22,5,34,817,1199,504
115,4878,3111,0,0,3,1.9035,1,16.2,3113,0,4.53,1.0035,3102.3,0,1.0,58,0,3,1207,0.000944,0.033,0.0,114,56.3,0.018,0.0075,0,0,0,0,0.049451,0.015625,39,0.684,7.2941,0.4442,21,4,33,812,1193,505
116,4877,3027,2,5,3,1.9242,1,16.0,0,3022,4.49,0.978,3095.1,5,1.0,58,2,2,1201,0.00102,0.0385,14.2045,115,55.3,0.0185,0.0065,1,0,0,0,0.065934,0.015625,40,0.763,7.3271,0.4438,20,4,34,822,1201,468
117,4874,3083,0,0,3,1.8834,1,16.1,1,3082,4.52,0.9965,3093.9,1,1.0,58,1,1,1199,0.001003,0.0327,0.0,116,56.3,0.0182,0.0062,0,0,0,0,0.054496,0.015625,40,0.7133,7.3734,0.4438,20,4,34,806,1220,469
118,4872,3009,0,0,3,1.8829,1,16.0,1,3008,4.51,0.9751,3085.9,1,1.0,58,1,1,1196,0.001009,0.0366,0.0,117,57.3,0.0175,0.0084,0,0,0,0,0.064789,0.015625,40,0.7588,7.4184,0.4436,20,4,34,769,1217,463
119,4871,3058,1,5,3,1.9242,1,16.0,2,3051,4.5,0.9918,3083.2,7,1.0,59,3,2,1229,0.001013,0.0366,17.5953,118,57.3,0.0173,0.0069,1,0,0,0,0.061972,0.015625,40,0.7479,7.4804,0.4436,19,5,35,736,1238,512
120,4868,3048,0,0,3,1.922,1,16.0,0,3048,4.51,0.9897,3079.9,0,1.0,58,0,1,1196,0.001004,0.0397,0.0,119,58.8,0.0179,0.0082,0,0,0,0,0.087819,0.015625,40,0.8221,7.5229,0.4433,18,5,35,770,1191,538
121,4867,2992,1,5,3,1.8829,1,15.9,0,2988,4.49,0.9741,3071.5,4,1.0,58,1,1,1218,0.000837,0.0404,13.1148,120,59.7,0.0174,0.0073,1,0,0,0,0.052795,0.015625,40,0.704,7.5695,0.4432,18,4,36,763,1185,467
122,4867,3083,0,0,3,1.9713,1,16.0,3089,0,4.53,1.0052,3073.2,0,1.0,58,0,0,1208,0.000935,0.0345,0.0,121,60.7,0.0174,0.0065,0,0,0,0,0.058355,0.015625,40,0.7322,7.6225,0.4429,18,4,36,775,1199,506
123,4865,3098,0,0,3,1.9708,1,16.0,3117,0,4.61,1.0129,3077.3,0,1.0,58,0,0,1206,0.00087,0.0383,0.0,122,61.7,0.018,0.0079,0,0,0,0,0.053097,0.015625,40,0.7057,7.6638,0.4429,18,4,36,795,1217,518
124,4865,2991,0,0,3,1.9589,1,16.0,1,2990,4.47,0.9746,3069.1,1,1.0,58,1,1,1215,0.000824,0.0375,0.0,123,62.7,0.0183,0.007,0,0,0,0,0.060519,0.015625,41,0.7418,7.7157,0.4428,18,4,36,776,1168,467
125,4864,3066,2,4,1,1.9701,1,15.9,3,3058,4.62,0.9991,3068.8,8,1.0,61,4,1,1237,0.000844,0.0427,23.8095,124,60.5,0.0164,0.0067,0,1,0,0,0.059829,0.015625,42,0.7388,7.767,0.4421,21,4,36,792,1212,484
126,4862,3093,2,5,3,1.9446,1,16.0,3100,0,4.53,1.0127,3072.9,12,1.0,61,4,4,1239,0.00099,0.0349,28.4238,125,59.5,0.0168,0.007,1,0,0,0,0.047382,0.015625,41,0.6702,7.8094,0.4412,22,4,35,757,1286,511
127,4860,3144,0,0,3,1.9166,2,16.0,3191,0,4.7,1.0376,3085.1,10,1.0,60,0,1,1216,0.000911,0.0323,28.4091,126,61.5,0.0172,0.006,0,0,0,0,0.053908,0.015625,41,0.7102,7.8633,0.4406,22,3,35,803,1215,531
128,4859,3039,0,0,0,1.9469,1,16.0,1,3033,4.59,0.9865,3080.7,6,1.0,60,1,1,1215,0.000873,0.0458,14.9701,127,62.5,0.0173,0.0078,0,0,0,0,0.057307,0.015625,41,0.7273,7.9034,0.44,22,3,35,769,1222,496
129,4858,3032,1,3,3,1.8967,1,15.9,0,3028,4.59,0.9857,3076.1,4,1.0,62,3,1,1230,0.000833,0.0314,11.8343,128,61.4,0.0167,0.0061,0,0,0,0,0.062857,0.015625,43,0.7514,7.952,0.4396,22,3,37,742,1182,498
130,4857,2991,1,5,1,1.9794,1,16.0,5,2986,4.47,0.9749,3068.0,5,1.0,61,1,2,1227,0.00097,0.0355,15.2439,129,61.3,0.0168,0.0073,1,0,0,0,0.097633,0.015625,41,0.84,7.9875,0.4392,21,3,37,739,1211,459
131,4857,3056,0,0,3,1.9968,2,15.9,0,3056,4.57,0.9965,3066.8,0,1.0,61,0,0,1224,0.000781,0.0356,0.0,130,62.3,0.0171,0.0057,0,0,0,0,0.05598,0.015625,40,0.7209,8.0435,0.4388,21,3,37,753,1232,486
132,4856,3076,0,0,3,1.9314,1,15.9,3081,0,4.56,1.0042,3068.2,0,1.0,61,0,0,1224,0.000791,0.0317,0.0,131,63.3,0.0167,0.006,0,0,0,0,0.076517,0.015625,40,0.7958,8.12,0.4386,21,3,37,778,1196,516
133,4854,2983,1,3,3,1.9701,1,16.0,3,2977,4.55,0.9748,3060.1,6,1.0,61,5,5,1270,0.00079,0.0304,6.7682,132,64.0,0.0175,0.0063,0,1,0,0,0.075949,0.015625,40,0.7943,8.1959,0.4387,21,4,36,762,1163,476
134,4854,3114,1,4,1,1.9772,1,15.6,3155,0,4.65,1.0292,3069.5,4,1.0,61,2,2,1232,0.000801,0.0332,10.582,133,64.9,0.0164,0.0067,0,0,0,0,0.051151,0.015625,41,0.6945,8.2343,0.4383,21,5,35,776,1208,539
135,4854,3078,0,0,3,1.9861,2,15.8,3082,0,4.58,1.0037,3070.7,0,1.0,59,0,2,1216,0.000722,0.0398,0.0,134,68.1,0.0172,0.0071,0,0,0,0,0.053977,0.015625,40,0.7105,8.2798,0.4382,21,4,34,759,1233,485
136,4852,3074,1,5,3,1.9875,1,15.7,3065,0,4.52,1.001,3071.0,9,1.0,62,5,2,1231,0.000907,0.0379,27.1903,135,65.8,0.0166,0.0075,1,0,0,0,0.052478,0.015625,40,0.7023,8.3206,0.4379,22,4,36,736,1205,523
137,4850,3108,0,0,3,1.981,1,15.7,3135,0,4.59,1.0206,3077.7,6,1.0,62,2,2,1250,0.000774,0.0364,10.7817,136,66.8,0.0162,0.0063,0,0,0,0,0.062338,0.015625,40,0.7493,8.3569,0.4377,22,4,36,787,1230,501
138,4850,3092,0,0,3,1.9334,1,15.6,3100,0,4.64,1.0077,3080.2,4,1.0,62,2,2,1244,0.000785,0.032,8.3333,137,67.7,0.0161,0.0065,0,0,0,0,0.048,0.015625,41,0.6745,8.4023,0.4372,21,4,37,780,1254,488
139,4848,2953,3,6,3,1.9439,1,15.7,0,2938,4.44,0.9625,3068.1,15,1.0,65,3,0,1287,0.00098,0.0342,40.6504,138,65.6,0.0157,0.0073,2,0,0,0,0.076316,0.015625,41,0.7953,8.4786,0.4368,21,4,40,761,1205,456
140,4847,3091,1,4,3,1.9612,1,15.6,3098,0,4.63,1.0115,3071.8,9,1.0,64,1,2,1299,0.000909,0.0294,22.9008,139,67.5,0.0153,0.0069,0,0,0,0,0.046569,0.015625,41,0.6645,8.5227,0.4362,22,4,38,789,1261,475
141,4844,3068,1,5,3,1.9562,2,15.8,1,3054,4.53,0.9989,3071.4,14,1.0,66,4,2,1310,0.000871,0.0372,33.7662,140,66.4,0.0156,0.0064,1,0,0,0,0.059553,0.015625,41,0.7376,8.5823,0.4359,22,4,40,726,1257,509
142,4844,3060,1,5,3,1.9681,2,15.9,0,3052,4.61,0.9966,3070.3,8,1.0,65,4,5,1336,0.000912,0.0462,10.712,141,68.4,0.0159,0.0078,1,1,0,0,0.071594,0.015625,42,0.7818,8.6169,0.4356,23,4,38,772,1210,494
143,4843,3110,0,0,3,1.9207,2,15.9,3135,0,4.64,1.019,3076.5,0,1.0,64,0,1,1294,0.000845,0.0342,0.0,142,70.3,0.0156,0.0065,0,0,0,0,0.052632,0.015625,40,0.7031,8.6511,0.4352,23,3,38,794,1207,508
144,4842,3079,1,3,3,1.937,1,15.6,3076,0,4.54,1.0007,3076.7,3,1.0,64,2,2,1313,0.000791,0.0317,0.0,143,71.3,0.0159,0.0063,0,0,0,0,0.060686,0.015625,41,0.7425,8.6907,0.4347,23,3,38,736,1241,470
145,4838,3110,0,0,3,1.9626,1,15.7,3126,0,4.57,1.0159,3081.9,5,1.0,65,5,4,1319,0.000706,0.0284,7.4074,144,71.2,0.0153,0.0053,0,0,0,0,0.06383,0.015625,43,0.7552,8.7545,0.4345,24,3,38,761,1245,523
146,4834,2994,0,0,3,1.983,1,15.5,3,2991,4.53,0.9741,3073.5,3,1.0,65,0,0,1303,0.0007,0.037,8.1301,145,72.2,0.0151,0.0065,0,0,0,0,0.055556,0.015625,40,0.7188,8.8074,0.4345,24,3,38,789,1201,446
147,4830,3127,0,0,0,1.9907,1,15.6,3159,0,4.66,1.0271,3082.3,7,1.0,67,4,2,1331,0.000783,0.0305,12.2249,146,71.0,0.0151,0.0062,0,0,0,0,0.065728,0.015625,40,0.7623,8.845,0.4341,24,3,40,786,1277,487
148,4827,3006,3,5,1,1.9924,1,15.6,6,2990,4.59,0.9775,3075.1,16,1.0,67,3,3,1346,0.000873,0.0346,36.3636,147,70.8,0.016,0.0065,2,1,0,0,0.062635,0.015625,40,0.7505,8.8882,0.4338,25,3,39,758,1213,483
149,4823,3059,0,0,1,1.8986,1,17.3,3,3056,4.53,0.9953,3073.5,3,1.0,66,0,1,1318,0.000807,0.0351,7.2993,148,72.6,0.0155,0.0065,0,1,0,0,0.04918,0.015625,40,0.6823,8.9374,0.4336,24,3,39,755,1220,513
150,4820,3089,1,3,1,1.8901,1,20.5,3089,0,4.59,1.0072,3075.9,9,1.0,67,5,4,1339,0.000754,0.0289,16.1663,149,72.5,0.0151,0.0055,0,0,0,0,0.055556,0.015625,41,0.7188,8.9662,0.4332,24,4,39,811,1180,515
151,4818,3062,1,5,1,1.9319,1,15.5,1,3056,4.56,0.9959,3074.5,6,1.0,68,1,0,1345,0.000844,0.0338,14.9254,150,72.4,0.0143,0.0063,1,0,0,0,0.05314,0.015625,41,0.706,9.0025,0.4328,25,4,39,773,1178,542
152,4816,3147,1,4,0,1.9419,2,15.5,3182,0,4.77,1.0327,3085.2,4,1.0,68,1,1,1362,0.000712,0.0277,9.6154,151,73.4,0.0152,0.0058,0,0,0,0,0.055427,0.015625,41,0.7181,9.0394,0.4327,25,3,40,833,1249,512
153,4813,2984,0,0,0,1.8924,2,15.4,0,2984,4.49,0.9702,3075.5,0,1.0,66,0,2,1342,0.000775,0.0291,0.0,152,75.3,0.0156,0.0057,0,1,0,0,0.06068,0.015625,40,0.7425,9.071,0.4326,24,3,39,757,1155,484
154,4813,3090,0,0,0,1.9535,1,15.5,3105,0,4.6,1.0087,3078.3,0,1.0,65,0,1,1320,0.000749,0.0275,0.0,153,75.3,0.0153,0.0061,0,0,0,0,0.057208,0.015625,39,0.7269,9.1213,0.4325,24,3,38,785,1226,536
155,4811,3095,1,3,1,1.987,1,15.5,3102,0,4.56,1.007,3080.6,0,1.0,65,1,1,1329,0.00069,0.0317,0.0,154,76.3,0.0157,0.007,0,0,0,0,0.063415,0.015625,39,0.7536,9.1604,0.4326,24,3,38,788,1265,502
156,4810,3098,3,5,2,1.9957,1,15.7,3103,0,4.61,1.0104,3084.0,13,1.0,68,3,0,1362,0.00083,0.0299,31.1751,155,73.9,0.0153,0.0059,2,0,0,0,0.064368,0.015625,41,0.7573,9.1833,0.4326,24,3,41,815,1213,468
157,4810,3035,1,4,3,1.9852,2,15.6,5,3025,4.56,0.9856,3079.3,10,1.0,69,1,0,1374,0.000845,0.0276,23.9234,156,73.8,0.0146,0.0063,0,0,0,0,0.062069,0.015625,41,0.7483,9.2178,0.4322,24,3,42,771,1206,471
158,4810,3073,0,0,3,1.9893,2,15.5,5,3063,4.56,0.9982,3078.7,10,1.0,68,0,1,1374,0.000744,0.0357,25.0,157,75.9,0.0143,0.0065,0,0,0,0,0.057143,0.015625,41,0.7266,9.244,0.4319,24,3,41,850,1186,489
159,4809,2962,2,5,3,1.9975,1,15.5,4,2948,4.48,0.9656,3067.6,14,1.0,71,6,3,1416,0.000804,0.0297,31.1005,158,73.6,0.0151,0.0056,2,0,0,0,0.066362,0.015625,43,0.7645,9.2715,0.4317,24,3,44,787,1140,459
160,4808,3113,2,5,3,1.9436,1,15.5,3138,0,4.67,1.0231,3075.1,8,1.0,74,4,1,1433,0.000754,0.0263,15.9817,159,71.6,0.0141,0.0053,1,0,0,0,0.059081,0.015625,42,0.7355,9.2912,0.4312,26,3,45,811,1237,513
161,4807,3084,0,0,3,1.916,2,15.5,3089,0,4.66,1.0041,3076.4,0,1.0,72,0,2,1422,0.000741,0.0267,0.0,160,74.6,0.0139,0.0055,0,0,0,0,0.057495,0.015625,41,0.7282,9.3138,0.431,24,3,45,827,1201,521
162,4807,2987,0,0,3,1.956,1,15.5,0,2987,4.47,0.9736,3067.9,0,1.0,72,0,0,1412,0.000662,0.0289,0.0,161,75.6,0.0144,0.006,0,0,0,0,0.053333,0.015625,41,0.707,9.336,0.4305,24,3,45,770,1220,488
163,4806,3068,0,0,3,1.9296,1,15.5,3068,0,4.59,1.0,3067.9,0,1.0,72,0,0,1412,0.000687,0.0368,0.0,162,76.6,0.0144,0.0066,0,0,0,0,0.086842,0.015625,41,0.8201,9.3597,0.4305,24,3,45,770,1233,515
164,4806,2971,0,0,3,1.9289,1,15.4,4,2967,4.5,0.9713,3058.7,4,1.0,74,4,2,1428,0.000646,0.0264,10.0503,163,75.5,0.0137,0.0051,0,0,0,0,0.079137,0.015625,42,0.8026,9.3836,0.4303,25,3,46,758,1189,470
165,4805,3087,1,4,3,1.8284,1,15.5,3094,0,4.63,1.0128,3062.8,8,1.0,72,1,3,1424,0.000649,0.0246,19.0931,164,78.3,0.0139,0.006,0,1,0,0,0.069351,0.015625,42,0.7747,9.406,0.4299,26,3,43,862,1201,501
166,4802,3037,1,3,3,1.8054,1,15.4,4,3029,4.51,0.9924,3060.3,8,1.0,73,3,2,1402,0.000621,0.0295,19.0024,165,76.9,0.0144,0.0058,0,1,0,0,0.056818,0.015625,42,0.725,9.4378,0.4297,26,3,44,757,1252,472
167,4800,3060,0,0,3,1.7894,2,15.5,3057,0,4.58,1.0002,3060.4,4,1.0,73,0,0,1398,0.00061,0.0313,8.7912,166,77.9,0.0137,0.0046,0,0,0,0,0.070981,0.015625,42,0.7799,9.4587,0.4296,26,3,44,852,1178,482
168,4798,3038,1,3,3,1.7887,1,15.3,0,3033,4.63,0.9934,3058.3,5,1.0,73,4,4,1416,0.000625,0.0299,11.3122,167,78.8,0.014,0.0057,0,0,0,0,0.070362,0.015625,43,0.7779,9.4907,0.4294,27,4,42,773,1204,477
169,4797,3013,1,4,3,1.7908,1,15.5,4,3004,4.57,0.9866,3053.9,9,1.0,72,1,2,1396,0.000601,0.028,21.5311,168,79.6,0.0144,0.005,0,1,0,0,0.056075,0.015625,43,0.7214,9.5211,0.4291,26,4,42,775,1185,491
170,4795,3040,0,0,3,1.8708,2,15.4,6,3034,4.58,0.9959,3052.6,6,1.0,72,2,2,1412,0.000633,0.0286,9.8522,169,80.6,0.0148,0.006,0,0,0,0,0.064439,0.015625,45,0.7575,9.5592,0.4289,26,4,42,796,1194,456
171,4793,3014,0,0,3,1.9174,1,15.4,4,3010,4.57,0.9885,3048.9,4,1.0,72,0,0,1395,0.000558,0.0322,9.5694,170,81.6,0.0145,0.0064,0,0,0,0,0.055172,0.015625,43,0.7168,9.5845,0.4286,26,4,42,763,1213,496
172,4793,3058,3,5,1,1.9878,1,15.4,3053,0,4.6,1.0057,3050.8,15,1.0,73,4,3,1427,0.000687,0.0313,34.8837,171,81.4,0.0143,0.0069,1,0,0,0,0.060403,0.015625,42,0.7413,9.6069,0.4282,25,3,45,763,1243,487
173,4792,2999,2,4,3,1.9957,1,15.5,9,2980,4.56,0.9846,3045.8,19,1.0,79,8,2,1465,0.000748,0.0353,43.7788,172,76.1,0.013,0.0065,0,0,0,0,0.066225,0.015625,42,0.7641,9.6356,0.4278,26,6,47,797,1124,522
174,4792,3016,0,0,3,1.997,2,15.5,3,3003,4.64,0.9911,3043.0,13,1.0,76,0,3,1441,0.00067,0.0284,29.3454,173,78.4,0.0138,0.0054,0,1,0,0,0.061269,0.015625,41,0.745,9.6684,0.4276,26,4,46,758,1238,461
175,4792,3092,1,3,3,1.9413,1,15.4,3126,0,4.59,1.0267,3051.6,7,1.0,74,3,5,1461,0.000605,0.0284,15.873,174,81.3,0.0143,0.0057,0,0,0,0,0.072052,0.015625,41,0.7831,9.7143,0.4274,26,3,45,773,1268,503
176,4791,2994,0,0,3,1.9123,1,15.5,5,2989,4.48,0.9829,3046.1,5,1.0,74,2,2,1438,0.000586,0.03,9.5694,175,82.3,0.0139,0.006,0,0,0,0,0.059908,0.015625,42,0.7392,9.7488,0.4271,27,3,44,766,1136,512
177,4790,3056,0,0,3,1.9499,1,15.4,3064,0,4.55,1.0053,3047.8,0,1.0,72,0,2,1426,0.000534,0.0299,0.0,176,85.5,0.0148,0.0053,0,0,0,0,0.057692,0.015625,41,0.7292,9.7959,0.4271,26,3,43,772,1211,509
178,4789,2973,2,3,1,1.8557,1,15.5,0,2963,4.47,0.9777,3040.7,10,1.0,75,8,5,1424,0.000625,0.0289,25.3807,177,82.6,0.0133,0.0059,0,0,0,0,0.06988,0.015625,43,0.7764,9.8465,0.4268,26,3,46,788,1188,460
179,4789,3013,1,4,3,1.8163,1,15.4,4,2999,4.53,0.9918,3038.0,14,1.0,74,1,2,1432,0.000686,0.03,29.6128,178,84.6,0.0138,0.006,0,0,0,0,0.05794,0.015625,43,0.7303,9.8744,0.4262,27,3,44,767,1173,498
180,4789,3067,2,5,3,1.8458,2,15.5,3083,0,4.6,1.0163,3043.3,10,1.0,78,4,0,1438,0.00069,0.0281,22.6244,179,81.2,0.0138,0.0052,1,0,0,0,0.073434,0.015625,44,0.7872,9.9132,0.4257,28,4,46,757,1267,476
181,4787,2983,0,0,3,1.8704,2,15.4,2,2977,4.53,0.9821,3037.5,6,1.0,76,2,4,1451,0.000592,0.0296,13.1579,180,84.2,0.0135,0.0054,0,0,0,0,0.067653,0.015625,43,0.769,9.9661,0.4256,29,3,44,759,1216,472
182,4782,3068,1,3,3,1.8299,1,15.3,3081,0,4.6,1.0129,3041.7,0,1.0,74,1,3,1438,0.000544,0.0376,0.0,181,87.2,0.0141,0.0065,0,1,0,0,0.08,0.015625,43,0.8047,10.0037,0.4254,29,3,42,796,1251,482
183,4782,2971,2,4,3,1.9363,1,18.5,5,2966,4.51,0.9789,3034.9,5,1.0,76,4,2,1428,0.000573,0.0258,12.5,182,85.8,0.0136,0.0051,0,0,0,0,0.067916,0.015625,43,0.7699,10.0225,0.425,29,3,44,737,1187,498
184,4780,2931,0,0,3,1.8801,2,22.1,0,2931,4.45,0.9689,3025.0,0,1.0,74,0,2,1419,0.000526,0.0297,0.0,183,89.1,0.0139,0.0054,0,0,0,0,0.070938,0.015625,43,0.7797,10.0339,0.4247,29,3,42,742,1177,457
185,4777,2996,0,0,3,1.8808,1,16.9,4,2992,4.54,0.9913,3022.3,4,1.0,76,4,2,1423,0.0006,0.0308,9.1954,184,87.8,0.0139,0.0053,0,0,0,0,0.07033,0.015625,44,0.7778,10.0603,0.4243,29,4,43,826,1161,478
186,4773,3015,1,5,3,1.9622,1,15.2,4,3006,4.49,0.9978,3021.6,9,1.0,77,1,0,1437,0.000611,0.0342,21.4797,185,87.6,0.0134,0.0058,1,0,0,0,0.059226,0.015625,44,0.7362,10.0967,0.4239,29,5,43,719,1242,485
187,4770,3002,1,3,3,1.9885,1,15.3,4,2993,4.61,0.9941,3019.7,9,1.0,79,4,2,1452,0.000579,0.0295,19.6937,186,86.3,0.0139,0.0054,0,0,0,0,0.061053,0.015625,45,0.7441,10.122,0.4236,28,7,44,799,1180,472
188,4763,3026,0,0,3,1.9679,2,15.4,3022,0,4.55,1.0034,3020.8,9,1.0,79,0,0,1440,0.000524,0.0281,20.362,187,87.3,0.0136,0.0052,0,0,0,0,0.064795,0.015625,44,0.7589,10.1479,0.4232,28,7,44,810,1208,444
189,4760,2863,0,0,3,1.9017,1,15.3,0,2863,4.48,0.9525,3005.8,0,1.0,78,0,1,1440,0.00047,0.0273,0.0,188,89.4,0.0134,0.0054,0,0,0,0,0.063781,0.015625,44,0.755,10.1889,0.423,28,6,44,757,1116,448
190,4760,3038,0,0,3,1.7922,1,17.2,3054,0,4.61,1.0145,3010.4,0,1.0,76,0,2,1435,0.000488,0.0266,0.0,189,92.6,0.0141,0.005,0,0,0,0,0.068736,0.015625,44,0.7727,10.2089,0.4227,28,4,44,812,1198,512
191,4759,3016,2,5,3,1.9712,1,15.2,3015,0,4.59,1.005,3011.9,12,1.0,77,4,3,1463,0.000597,0.0298,20.79,190,90.0,0.0134,0.0058,2,1,0,0,0.067594,0.015625,46,0.7688,10.2208,0.4222,29,4,44,791,1242,472
192,4758,2969,0,0,3,1.944,1,15.1,0,2969,4.54,0.9871,3007.9,0,1.0,74,0,3,1447,0.000526,0.0273,0.0,191,94.4,0.0142,0.0058,0,0,0,0,0.075171,0.015625,46,0.7921,10.2436,0.4219,29,4,41,802,1162,487
193,4753,2956,0,0,3,1.9689,1,15.1,0,2956,4.51,0.9844,3002.9,0,1.0,74,0,0,1418,0.000485,0.0313,0.0,192,95.4,0.014,0.0059,0,0,0,0,0.0783,0.015625,44,0.8004,10.257,0.4216,29,4,41,800,1163,455
194,4750,3032,1,3,3,1.9539,1,15.1,3057,0,4.6,1.0181,3008.6,6,1.0,77,5,2,1440,0.000472,0.0257,10.3093,193,92.7,0.0132,0.0053,0,0,0,0,0.073267,0.015625,46,0.7867,10.2629,0.4214,29,5,43,820,1184,471
195,4748,3029,0,0,3,1.9555,1,15.2,3042,0,4.57,1.0115,3012.3,5,1.0,77,0,0,1437,0.000498,0.0287,10.7759,194,93.7,0.013,0.0059,0,0,0,0,0.073922,0.015625,46,0.7886,10.2753,0.4211,29,5,43,759,1202,493
196,4747,2995,1,5,3,1.9314,1,15.1,5,2986,4.52,0.9948,3010.6,9,1.0,74,1,4,1448,0.000512,0.0286,20.7852,195,98.0,0.0141,0.0057,1,1,0,0,0.063736,0.015625,46,0.7548,10.3323,0.4209,29,4,41,792,1171,496
197,4747,2985,2,5,3,1.9701,1,15.1,5,2975,4.51,0.9923,3008.2,10,1.0,73,2,3,1450,0.000587,0.0237,22.2222,196,100.0,0.0138,0.0047,2,0,0,0,0.062366,0.015625,43,0.7495,10.3946,0.4207,28,4,41,774,1199,480
198,4747,3034,2,4,3,1.985,2,15.3,3040,0,4.6,1.0147,3012.8,17,1.0,75,2,0,1454,0.000606,0.0264,35.7143,197,98.3,0.0138,0.0054,0,0,0,0,0.065041,0.015625,42,0.7598,10.4536,0.4206,28,5,42,728,1211,520
199,4746,3076,1,5,3,1.9785,2,15.4,3092,0,4.65,1.0297,3022.3,20,1.0,80,7,2,1506,0.000604,0.0304,38.0762,198,93.1,0.013,0.0052,1,0,0,0,0.079848,0.015625,43,0.8043,10.5334,0.4205,30,7,43,781,1222,498
200,4743,2978,1,3,3,1.9727,2,15.6,5,2969,4.53,0.9867,3018.1,9,1.0,80,3,3,1505,0.000661,0.0286,18.0723,199,94.0,0.0135,0.006,0,0,0,0,0.062977,0.015625,44,0.7519,10.5792,0.4203,30,5,45,776,1211,457
